{
    "model": "gpt-4-0125-preview",
    "commit": "a5f016d6f469626c8a40bfee1e24e4763f26f336",
    "input_cost_per_token": 1e-05,
    "output_cost_per_token": 1e-05,
    "total_input_tokens": 103106,
    "total_output_tokens": 7378,
    "total_tokens": 110484,
    "total_cost": 1.2524,
    "start_epoch": 1712254071.808479,
    "end_epoch": 1712254499.228272,
    "elapsed_seconds": 427.419793
}