{
    "model": "gpt-4-0125-preview",
    "commit": "a5f016d6f469626c8a40bfee1e24e4763f26f336",
    "input_cost_per_token": 1e-05,
    "output_cost_per_token": 1e-05,
    "total_input_tokens": 111673,
    "total_output_tokens": 8350,
    "total_tokens": 120023,
    "total_cost": 1.3672300000000002,
    "start_epoch": 1712254743.461097,
    "end_epoch": 1712255316.886865,
    "elapsed_seconds": 573.425768
}