{
    "model": "gpt-4-0125-preview",
    "commit": "a5f016d6f469626c8a40bfee1e24e4763f26f336",
    "input_cost_per_token": 1e-05,
    "output_cost_per_token": 1e-05,
    "total_input_tokens": 28000,
    "total_output_tokens": 3503,
    "total_tokens": 31503,
    "total_cost": 0.38509000000000004,
    "start_epoch": 1712381850.769384,
    "end_epoch": 1712381989.566496,
    "elapsed_seconds": 138.797112
}