{
    "model": "gpt-4-0125-preview",
    "commit": "178da19b921052c6258e48ce9d225f34bde45d2b",
    "input_cost_per_token": 1e-05,
    "output_cost_per_token": 1e-05,
    "total_input_tokens": 6262,
    "total_output_tokens": 1112,
    "total_tokens": 7374,
    "total_cost": 0.09598000000000001,
    "start_epoch": 1712212496.49541,
    "end_epoch": 1712212542.278549,
    "elapsed_seconds": 45.783139
}