{
    "model": "gpt-4-0125-preview",
    "commit": "a5f016d6f469626c8a40bfee1e24e4763f26f336",
    "input_cost_per_token": 1e-05,
    "output_cost_per_token": 1e-05,
    "total_input_tokens": 84413,
    "total_output_tokens": 4239,
    "total_tokens": 88652,
    "total_cost": 0.9712999999999999,
    "start_epoch": 1712251613.059622,
    "end_epoch": 1712251920.688652,
    "elapsed_seconds": 307.62903
}