{
    "model": "gpt-4-0125-preview",
    "commit": "a5f016d6f469626c8a40bfee1e24e4763f26f336",
    "input_cost_per_token": 1e-05,
    "output_cost_per_token": 1e-05,
    "total_input_tokens": 13677,
    "total_output_tokens": 1479,
    "total_tokens": 15156,
    "total_cost": 0.18114000000000002,
    "start_epoch": 1712261296.065831,
    "end_epoch": 1712261376.790279,
    "elapsed_seconds": 80.724448
}