{
    "model": "gpt-4-0125-preview",
    "commit": "9ac9e2bf1e3093c236f5126e10324caf7f81e0d1",
    "input_cost_per_token": 1e-05,
    "output_cost_per_token": 1e-05,
    "total_input_tokens": 6395,
    "total_output_tokens": 1250,
    "total_tokens": 7645,
    "total_cost": 0.10145000000000001,
    "start_epoch": 1712229910.816985,
    "end_epoch": 1712229996.368809,
    "elapsed_seconds": 85.551824
}