{
    "model": "gpt-4-0125-preview",
    "commit": "a5f016d6f469626c8a40bfee1e24e4763f26f336",
    "input_cost_per_token": 1e-05,
    "output_cost_per_token": 1e-05,
    "total_input_tokens": 7279,
    "total_output_tokens": 1248,
    "total_tokens": 8527,
    "total_cost": 0.11023,
    "start_epoch": 1712380712.600276,
    "end_epoch": 1712380753.621856,
    "elapsed_seconds": 41.02158
}