{
    "model": "gpt-4-0125-preview",
    "commit": "178da19b921052c6258e48ce9d225f34bde45d2b",
    "input_cost_per_token": 1e-05,
    "output_cost_per_token": 1e-05,
    "total_input_tokens": 166145,
    "total_output_tokens": 7685,
    "total_tokens": 173830,
    "total_cost": 1.8920000000000003,
    "start_epoch": 1712212490.650888,
    "end_epoch": 1712212870.600103,
    "elapsed_seconds": 379.949215
}