{
    "model": "gpt-4-0125-preview",
    "commit": "a5f016d6f469626c8a40bfee1e24e4763f26f336",
    "input_cost_per_token": 1e-05,
    "output_cost_per_token": 1e-05,
    "total_input_tokens": 9989,
    "total_output_tokens": 1778,
    "total_tokens": 11767,
    "total_cost": 0.15323,
    "start_epoch": 1712261980.349219,
    "end_epoch": 1712262123.713379,
    "elapsed_seconds": 143.36416
}