{
    "model": "gpt-4-0125-preview",
    "commit": "a5f016d6f469626c8a40bfee1e24e4763f26f336",
    "input_cost_per_token": 1e-05,
    "output_cost_per_token": 1e-05,
    "total_input_tokens": 37611,
    "total_output_tokens": 4280,
    "total_tokens": 41891,
    "total_cost": 0.50451,
    "start_epoch": 1712263849.028683,
    "end_epoch": 1712264080.762184,
    "elapsed_seconds": 231.733501
}