{
    "model": "gpt-4-0125-preview",
    "commit": "178da19b921052c6258e48ce9d225f34bde45d2b",
    "input_cost_per_token": 1e-05,
    "output_cost_per_token": 1e-05,
    "total_input_tokens": 6996,
    "total_output_tokens": 1075,
    "total_tokens": 8071,
    "total_cost": 0.10221000000000001,
    "start_epoch": 1712213502.478327,
    "end_epoch": 1712213624.245828,
    "elapsed_seconds": 121.767501
}