{
    "model": "gpt-4-0125-preview",
    "commit": "a5f016d6f469626c8a40bfee1e24e4763f26f336",
    "input_cost_per_token": 1e-05,
    "output_cost_per_token": 1e-05,
    "total_input_tokens": 55908,
    "total_output_tokens": 6043,
    "total_tokens": 61951,
    "total_cost": 0.74037,
    "start_epoch": 1712266305.817953,
    "end_epoch": 1712266560.895549,
    "elapsed_seconds": 255.077596
}