{
    "model": "gpt-4-0125-preview",
    "commit": "9ac9e2bf1e3093c236f5126e10324caf7f81e0d1",
    "input_cost_per_token": 1e-05,
    "output_cost_per_token": 1e-05,
    "total_input_tokens": 24175,
    "total_output_tokens": 1283,
    "total_tokens": 25458,
    "total_cost": 0.28024000000000004,
    "start_epoch": 1712230399.405663,
    "end_epoch": 1712230588.057735,
    "elapsed_seconds": 188.652072
}