{
    "model": "gpt-4-0125-preview",
    "commit": "178da19b921052c6258e48ce9d225f34bde45d2b",
    "input_cost_per_token": 1e-05,
    "output_cost_per_token": 1e-05,
    "total_input_tokens": 24418,
    "total_output_tokens": 3382,
    "total_tokens": 27800,
    "total_cost": 0.34564000000000006,
    "start_epoch": 1712213731.023129,
    "end_epoch": 1712213879.68456,
    "elapsed_seconds": 148.661431
}