{
    "model": "gpt-4-0125-preview",
    "commit": "178da19b921052c6258e48ce9d225f34bde45d2b",
    "input_cost_per_token": 1e-05,
    "output_cost_per_token": 1e-05,
    "total_input_tokens": 7131,
    "total_output_tokens": 1955,
    "total_tokens": 9086,
    "total_cost": 0.12996000000000002,
    "start_epoch": 1712210638.455285,
    "end_epoch": 1712210762.07734,
    "elapsed_seconds": 123.622055
}