{
    "model": "gpt-4-0125-preview",
    "commit": "a5f016d6f469626c8a40bfee1e24e4763f26f336",
    "input_cost_per_token": 1e-05,
    "output_cost_per_token": 1e-05,
    "total_input_tokens": 40656,
    "total_output_tokens": 4199,
    "total_tokens": 44855,
    "total_cost": 0.5325300000000001,
    "start_epoch": 1712259582.573803,
    "end_epoch": 1712259880.497567,
    "elapsed_seconds": 297.923764
}