{
    "model": "gpt-4-0125-preview",
    "commit": "a5f016d6f469626c8a40bfee1e24e4763f26f336",
    "input_cost_per_token": 1e-05,
    "output_cost_per_token": 1e-05,
    "total_input_tokens": 17629,
    "total_output_tokens": 2062,
    "total_tokens": 19691,
    "total_cost": 0.23815000000000003,
    "start_epoch": 1712379586.133977,
    "end_epoch": 1712379659.645618,
    "elapsed_seconds": 73.511641
}