{
    "model": "gpt-4-0125-preview",
    "commit": "a5f016d6f469626c8a40bfee1e24e4763f26f336",
    "input_cost_per_token": 1e-05,
    "output_cost_per_token": 1e-05,
    "total_input_tokens": 17362,
    "total_output_tokens": 2764,
    "total_tokens": 20126,
    "total_cost": 0.25654,
    "start_epoch": 1712377911.382638,
    "end_epoch": 1712378067.888763,
    "elapsed_seconds": 156.506125
}