{
    "model": "gpt-4-0125-preview",
    "commit": "a5f016d6f469626c8a40bfee1e24e4763f26f336",
    "input_cost_per_token": 1e-05,
    "output_cost_per_token": 1e-05,
    "total_input_tokens": 27406,
    "total_output_tokens": 2892,
    "total_tokens": 30298,
    "total_cost": 0.36082000000000003,
    "start_epoch": 1712383113.274374,
    "end_epoch": 1712383243.603463,
    "elapsed_seconds": 130.329089
}