{
    "model": "gpt-4-0125-preview",
    "commit": "a5f016d6f469626c8a40bfee1e24e4763f26f336",
    "input_cost_per_token": 1e-05,
    "output_cost_per_token": 1e-05,
    "total_input_tokens": 30765,
    "total_output_tokens": 4183,
    "total_tokens": 34948,
    "total_cost": 0.4331400000000001,
    "start_epoch": 1712266759.727553,
    "end_epoch": 1712266944.639866,
    "elapsed_seconds": 184.912313
}