{
    "model": "gpt-4-0125-preview",
    "commit": "9ac9e2bf1e3093c236f5126e10324caf7f81e0d1",
    "input_cost_per_token": 1e-05,
    "output_cost_per_token": 1e-05,
    "total_input_tokens": 6302,
    "total_output_tokens": 830,
    "total_tokens": 7132,
    "total_cost": 0.08792000000000001,
    "start_epoch": 1712229514.376722,
    "end_epoch": 1712229647.29434,
    "elapsed_seconds": 132.917618
}