{
    "model": "gpt-4-0125-preview",
    "commit": "178da19b921052c6258e48ce9d225f34bde45d2b",
    "input_cost_per_token": 1e-05,
    "output_cost_per_token": 1e-05,
    "total_input_tokens": 43888,
    "total_output_tokens": 3464,
    "total_tokens": 47352,
    "total_cost": 0.5428,
    "start_epoch": 1712209219.004153,
    "end_epoch": 1712209379.798023,
    "elapsed_seconds": 160.79387
}