{
    "model": "gpt-4-0125-preview",
    "commit": "a5f016d6f469626c8a40bfee1e24e4763f26f336",
    "input_cost_per_token": 1e-05,
    "output_cost_per_token": 1e-05,
    "total_input_tokens": 15404,
    "total_output_tokens": 1537,
    "total_tokens": 16941,
    "total_cost": 0.20015,
    "start_epoch": 1712261540.887357,
    "end_epoch": 1712261717.507311,
    "elapsed_seconds": 176.619954
}