{
    "model": "gpt-4-0125-preview",
    "commit": "a5f016d6f469626c8a40bfee1e24e4763f26f336",
    "input_cost_per_token": 1e-05,
    "output_cost_per_token": 1e-05,
    "total_input_tokens": 6728,
    "total_output_tokens": 1289,
    "total_tokens": 8017,
    "total_cost": 0.10594999999999999,
    "start_epoch": 1712381874.931596,
    "end_epoch": 1712381997.035759,
    "elapsed_seconds": 122.104163
}