{
    "model": "gpt-4-0125-preview",
    "commit": "a5f016d6f469626c8a40bfee1e24e4763f26f336",
    "input_cost_per_token": 1e-05,
    "output_cost_per_token": 1e-05,
    "total_input_tokens": 61785,
    "total_output_tokens": 3086,
    "total_tokens": 64871,
    "total_cost": 0.7104300000000001,
    "start_epoch": 1712254935.111329,
    "end_epoch": 1712255118.545343,
    "elapsed_seconds": 183.434014
}