{
    "model": "gpt-4-0125-preview",
    "commit": "9ac9e2bf1e3093c236f5126e10324caf7f81e0d1",
    "input_cost_per_token": 1e-05,
    "output_cost_per_token": 1e-05,
    "total_input_tokens": 16889,
    "total_output_tokens": 1613,
    "total_tokens": 18502,
    "total_cost": 0.21728,
    "start_epoch": 1712228183.682132,
    "end_epoch": 1712228293.087712,
    "elapsed_seconds": 109.40558
}