{
    "model": "gpt-4-0125-preview",
    "commit": "a5f016d6f469626c8a40bfee1e24e4763f26f336",
    "input_cost_per_token": 1e-05,
    "output_cost_per_token": 1e-05,
    "total_input_tokens": 35196,
    "total_output_tokens": 3093,
    "total_tokens": 38289,
    "total_cost": 0.44475,
    "start_epoch": 1712259683.450868,
    "end_epoch": 1712259952.837821,
    "elapsed_seconds": 269.386953
}