{
    "model": "gpt-4-0125-preview",
    "commit": "a5f016d6f469626c8a40bfee1e24e4763f26f336",
    "input_cost_per_token": 1e-05,
    "output_cost_per_token": 1e-05,
    "total_input_tokens": 10688,
    "total_output_tokens": 2468,
    "total_tokens": 13156,
    "total_cost": 0.18092,
    "start_epoch": 1712252998.270358,
    "end_epoch": 1712253201.83714,
    "elapsed_seconds": 203.566782
}