{
    "model": "gpt-4-0125-preview",
    "commit": "9ac9e2bf1e3093c236f5126e10324caf7f81e0d1",
    "input_cost_per_token": 1e-05,
    "output_cost_per_token": 1e-05,
    "total_input_tokens": 47815,
    "total_output_tokens": 3902,
    "total_tokens": 51717,
    "total_cost": 0.59521,
    "start_epoch": 1712231273.23347,
    "end_epoch": 1712231533.036465,
    "elapsed_seconds": 259.802995
}