{
    "model": "gpt-4-0125-preview",
    "commit": "a5f016d6f469626c8a40bfee1e24e4763f26f336",
    "input_cost_per_token": 1e-05,
    "output_cost_per_token": 1e-05,
    "total_input_tokens": 42021,
    "total_output_tokens": 3894,
    "total_tokens": 45915,
    "total_cost": 0.53703,
    "start_epoch": 1712265478.415966,
    "end_epoch": 1712265777.284634,
    "elapsed_seconds": 298.868668
}