{
    "model": "gpt-4-0125-preview",
    "commit": "9ac9e2bf1e3093c236f5126e10324caf7f81e0d1",
    "input_cost_per_token": 1e-05,
    "output_cost_per_token": 1e-05,
    "total_input_tokens": 9592,
    "total_output_tokens": 1149,
    "total_tokens": 10741,
    "total_cost": 0.13039,
    "start_epoch": 1712231535.016604,
    "end_epoch": 1712231583.758374,
    "elapsed_seconds": 48.74177
}