{
    "model": "gpt-4-0125-preview",
    "commit": "9ac9e2bf1e3093c236f5126e10324caf7f81e0d1",
    "input_cost_per_token": 1e-05,
    "output_cost_per_token": 1e-05,
    "total_input_tokens": 279018,
    "total_output_tokens": 7726,
    "total_tokens": 286744,
    "total_cost": 3.02196,
    "start_epoch": 1712226741.350026,
    "end_epoch": 1712227209.5083,
    "elapsed_seconds": 468.158274
}