{
    "model": "gpt-4-0125-preview",
    "commit": "a5f016d6f469626c8a40bfee1e24e4763f26f336",
    "input_cost_per_token": 1e-05,
    "output_cost_per_token": 1e-05,
    "total_input_tokens": 59797,
    "total_output_tokens": 4972,
    "total_tokens": 64769,
    "total_cost": 0.74713,
    "start_epoch": 1712252216.288363,
    "end_epoch": 1712252566.748048,
    "elapsed_seconds": 350.459685
}