{
    "model": "gpt-4-0125-preview",
    "commit": "a5f016d6f469626c8a40bfee1e24e4763f26f336",
    "input_cost_per_token": 1e-05,
    "output_cost_per_token": 1e-05,
    "total_input_tokens": 22817,
    "total_output_tokens": 2764,
    "total_tokens": 25581,
    "total_cost": 0.31109000000000003,
    "start_epoch": 1712258478.119137,
    "end_epoch": 1712258690.188952,
    "elapsed_seconds": 212.069815
}