{
    "model": "gpt-4-0125-preview",
    "commit": "a5f016d6f469626c8a40bfee1e24e4763f26f336",
    "input_cost_per_token": 1e-05,
    "output_cost_per_token": 1e-05,
    "total_input_tokens": 39082,
    "total_output_tokens": 3783,
    "total_tokens": 42865,
    "total_cost": 0.50431,
    "start_epoch": 1712256674.950804,
    "end_epoch": 1712256896.835286,
    "elapsed_seconds": 221.884482
}