{
    "model": "gpt-4-0125-preview",
    "commit": "9ac9e2bf1e3093c236f5126e10324caf7f81e0d1",
    "input_cost_per_token": 1e-05,
    "output_cost_per_token": 1e-05,
    "total_input_tokens": 13972,
    "total_output_tokens": 1399,
    "total_tokens": 15371,
    "total_cost": 0.18169000000000002,
    "start_epoch": 1712230265.824464,
    "end_epoch": 1712230330.103099,
    "elapsed_seconds": 64.278635
}