{
    "model": "gpt-4-0125-preview",
    "commit": "9ac9e2bf1e3093c236f5126e10324caf7f81e0d1",
    "input_cost_per_token": 1e-05,
    "output_cost_per_token": 1e-05,
    "total_input_tokens": 8969,
    "total_output_tokens": 1584,
    "total_tokens": 10553,
    "total_cost": 0.13721,
    "start_epoch": 1712225123.564628,
    "end_epoch": 1712225253.697391,
    "elapsed_seconds": 130.132763
}