{
    "model": "gpt-4-0125-preview",
    "commit": "a5f016d6f469626c8a40bfee1e24e4763f26f336",
    "input_cost_per_token": 1e-05,
    "output_cost_per_token": 1e-05,
    "total_input_tokens": 114738,
    "total_output_tokens": 4904,
    "total_tokens": 119642,
    "total_cost": 1.2945000000000002,
    "start_epoch": 1712269696.419422,
    "end_epoch": 1712270000.063656,
    "elapsed_seconds": 303.644234
}