{
    "model": "gpt-4-0125-preview",
    "commit": "9ac9e2bf1e3093c236f5126e10324caf7f81e0d1",
    "input_cost_per_token": 1e-05,
    "output_cost_per_token": 1e-05,
    "total_input_tokens": 18106,
    "total_output_tokens": 1942,
    "total_tokens": 20048,
    "total_cost": 0.23932000000000003,
    "start_epoch": 1712228401.779657,
    "end_epoch": 1712228492.354679,
    "elapsed_seconds": 90.575022
}