{
    "model": "gpt-4-0125-preview",
    "commit": "a5f016d6f469626c8a40bfee1e24e4763f26f336",
    "input_cost_per_token": 1e-05,
    "output_cost_per_token": 1e-05,
    "total_input_tokens": 9125,
    "total_output_tokens": 1243,
    "total_tokens": 10368,
    "total_cost": 0.12854,
    "start_epoch": 1712263120.750373,
    "end_epoch": 1712263302.473063,
    "elapsed_seconds": 181.72269
}