{
    "model": "gpt-4-0125-preview",
    "commit": "9ac9e2bf1e3093c236f5126e10324caf7f81e0d1",
    "input_cost_per_token": 1e-05,
    "output_cost_per_token": 1e-05,
    "total_input_tokens": 135894,
    "total_output_tokens": 6655,
    "total_tokens": 142549,
    "total_cost": 1.5585900000000004,
    "start_epoch": 1712224918.410777,
    "end_epoch": 1712225277.716742,
    "elapsed_seconds": 359.305965
}