{
    "model": "gpt-4-0125-preview",
    "commit": "a5f016d6f469626c8a40bfee1e24e4763f26f336",
    "input_cost_per_token": 1e-05,
    "output_cost_per_token": 1e-05,
    "total_input_tokens": 23709,
    "total_output_tokens": 3912,
    "total_tokens": 27621,
    "total_cost": 0.35445000000000004,
    "start_epoch": 1712381455.579895,
    "end_epoch": 1712381588.952976,
    "elapsed_seconds": 133.373081
}