{
    "model": "gpt-4-0125-preview",
    "commit": "178da19b921052c6258e48ce9d225f34bde45d2b",
    "input_cost_per_token": 1e-05,
    "output_cost_per_token": 1e-05,
    "total_input_tokens": 23693,
    "total_output_tokens": 1239,
    "total_tokens": 24932,
    "total_cost": 0.2741,
    "start_epoch": 1712208750.0416,
    "end_epoch": 1712208805.761471,
    "elapsed_seconds": 55.719871
}