{
    "model": "gpt-4-0125-preview",
    "commit": "178da19b921052c6258e48ce9d225f34bde45d2b",
    "input_cost_per_token": 1e-05,
    "output_cost_per_token": 1e-05,
    "total_input_tokens": 105601,
    "total_output_tokens": 7974,
    "total_tokens": 113575,
    "total_cost": 1.2952300000000005,
    "start_epoch": 1712211076.797628,
    "end_epoch": 1712211393.076276,
    "elapsed_seconds": 316.278648
}