{
    "model": "gpt-4-0125-preview",
    "commit": "9ac9e2bf1e3093c236f5126e10324caf7f81e0d1",
    "input_cost_per_token": 1e-05,
    "output_cost_per_token": 1e-05,
    "total_input_tokens": 53677,
    "total_output_tokens": 3676,
    "total_tokens": 57353,
    "total_cost": 0.6470499999999999,
    "start_epoch": 1712228581.925886,
    "end_epoch": 1712228875.812484,
    "elapsed_seconds": 293.886598
}