{
    "model": "gpt-4-0125-preview",
    "commit": "a5f016d6f469626c8a40bfee1e24e4763f26f336",
    "input_cost_per_token": 1e-05,
    "output_cost_per_token": 1e-05,
    "total_input_tokens": 74802,
    "total_output_tokens": 5278,
    "total_tokens": 80080,
    "total_cost": 0.90636,
    "start_epoch": 1712261204.303403,
    "end_epoch": 1712261600.960655,
    "elapsed_seconds": 396.657252
}