{
    "model": "gpt-4-0125-preview",
    "commit": "a5f016d6f469626c8a40bfee1e24e4763f26f336",
    "input_cost_per_token": 1e-05,
    "output_cost_per_token": 1e-05,
    "total_input_tokens": 14060,
    "total_output_tokens": 1712,
    "total_tokens": 15772,
    "total_cost": 0.19196000000000002,
    "start_epoch": 1712377911.385686,
    "end_epoch": 1712377979.146049,
    "elapsed_seconds": 67.760363
}