{
    "model": "gpt-4-0125-preview",
    "commit": "a5f016d6f469626c8a40bfee1e24e4763f26f336",
    "input_cost_per_token": 1e-05,
    "output_cost_per_token": 1e-05,
    "total_input_tokens": 124127,
    "total_output_tokens": 8714,
    "total_tokens": 132841,
    "total_cost": 1.5026900000000003,
    "start_epoch": 1712378193.978075,
    "end_epoch": 1712378591.601496,
    "elapsed_seconds": 397.623421
}