{
    "model": "gpt-4-0125-preview",
    "commit": "a5f016d6f469626c8a40bfee1e24e4763f26f336",
    "input_cost_per_token": 1e-05,
    "output_cost_per_token": 1e-05,
    "total_input_tokens": 8623,
    "total_output_tokens": 1520,
    "total_tokens": 10143,
    "total_cost": 0.13183,
    "start_epoch": 1712382688.962832,
    "end_epoch": 1712382751.695024,
    "elapsed_seconds": 62.732192
}