{
    "model": "gpt-4-0125-preview",
    "commit": "a5f016d6f469626c8a40bfee1e24e4763f26f336",
    "input_cost_per_token": 1e-05,
    "output_cost_per_token": 1e-05,
    "total_input_tokens": 11468,
    "total_output_tokens": 1961,
    "total_tokens": 13429,
    "total_cost": 0.17351,
    "start_epoch": 1712378674.217187,
    "end_epoch": 1712378808.088014,
    "elapsed_seconds": 133.870827
}