{
    "model": "gpt-4-0125-preview",
    "commit": "a5f016d6f469626c8a40bfee1e24e4763f26f336",
    "input_cost_per_token": 1e-05,
    "output_cost_per_token": 1e-05,
    "total_input_tokens": 14052,
    "total_output_tokens": 1039,
    "total_tokens": 15091,
    "total_cost": 0.17169,
    "start_epoch": 1712266240.224574,
    "end_epoch": 1712266305.76996,
    "elapsed_seconds": 65.545386
}