{
    "model": "gpt-4-0125-preview",
    "commit": "a5f016d6f469626c8a40bfee1e24e4763f26f336",
    "input_cost_per_token": 1e-05,
    "output_cost_per_token": 1e-05,
    "total_input_tokens": 21930,
    "total_output_tokens": 1628,
    "total_tokens": 23558,
    "total_cost": 0.26814000000000004,
    "start_epoch": 1712379511.057813,
    "end_epoch": 1712379586.042395,
    "elapsed_seconds": 74.984582
}