{
    "model": "gpt-4-0125-preview",
    "commit": "9ac9e2bf1e3093c236f5126e10324caf7f81e0d1",
    "input_cost_per_token": 1e-05,
    "output_cost_per_token": 1e-05,
    "total_input_tokens": 15900,
    "total_output_tokens": 2139,
    "total_tokens": 18039,
    "total_cost": 0.22317000000000004,
    "start_epoch": 1712225841.212036,
    "end_epoch": 1712225954.5204,
    "elapsed_seconds": 113.308364
}