{
    "model": "gpt-4-0125-preview",
    "commit": "9ac9e2bf1e3093c236f5126e10324caf7f81e0d1",
    "input_cost_per_token": 1e-05,
    "output_cost_per_token": 1e-05,
    "total_input_tokens": 26504,
    "total_output_tokens": 2878,
    "total_tokens": 29382,
    "total_cost": 0.35138,
    "start_epoch": 1712226472.51482,
    "end_epoch": 1712226624.649816,
    "elapsed_seconds": 152.134996
}