{
    "model": "gpt-4-0125-preview",
    "commit": "a5f016d6f469626c8a40bfee1e24e4763f26f336",
    "input_cost_per_token": 1e-05,
    "output_cost_per_token": 1e-05,
    "total_input_tokens": 35473,
    "total_output_tokens": 2495,
    "total_tokens": 37968,
    "total_cost": 0.4295800000000001,
    "start_epoch": 1712262411.115207,
    "end_epoch": 1712262565.858369,
    "elapsed_seconds": 154.743162
}