{
    "model": "gpt-4-0125-preview",
    "commit": "a5f016d6f469626c8a40bfee1e24e4763f26f336",
    "input_cost_per_token": 1e-05,
    "output_cost_per_token": 1e-05,
    "total_input_tokens": 7232,
    "total_output_tokens": 1187,
    "total_tokens": 8419,
    "total_cost": 0.10793,
    "start_epoch": 1712253986.14549,
    "end_epoch": 1712254119.879591,
    "elapsed_seconds": 133.734101
}