{
    "num_tasks": 300,
    "model": "gpt-4-0125-preview",
    "commit": "a5f016d6f469626c8a40bfee1e24e4763f26f336",
    "input_cost_per_token": 1e-05,
    "output_cost_per_token": 1e-05,
    "total_cost": 161.45872000000003,
    "avg_cost": 0.5381957333333335,
    "avg_tokens": 46628.9,
    "avg_input_tokens": 43033.5,
    "avg_output_tokens": 3595.4,
    "inference_start_epoch": 1712251151.037738,
    "inference_end_epoch": 1712268850.483789,
    "inference_elapsed_mins": 294.99,
    "inference_avg_elapsed_secs_parallel": 59.0,
    "inference_avg_elapsed_secs_serial": 233.8,
    "eval_start_epoch": 1712268850.707477,
    "eval_end_epoch": 1712269805.531141,
    "eval_elapsed_mins": 15.91,
    "eval_avg_elapsed_secs": 3.2,
    "total_elapsed_mins": 310.9
}