{
    "model": "gpt-4-0125-preview",
    "commit": "178da19b921052c6258e48ce9d225f34bde45d2b",
    "input_cost_per_token": 1e-05,
    "output_cost_per_token": 1e-05,
    "total_input_tokens": 125269,
    "total_output_tokens": 11086,
    "total_tokens": 136355,
    "total_cost": 1.5852700000000002,
    "start_epoch": 1712219048.776499,
    "end_epoch": 1712219601.348212,
    "elapsed_seconds": 552.571713
}