{
    "model": "gpt-4-0125-preview",
    "commit": "178da19b921052c6258e48ce9d225f34bde45d2b",
    "input_cost_per_token": 1e-05,
    "output_cost_per_token": 1e-05,
    "total_input_tokens": 143811,
    "total_output_tokens": 5646,
    "total_tokens": 149457,
    "total_cost": 1.6074900000000003,
    "start_epoch": 1712211369.38004,
    "end_epoch": 1712211703.267093,
    "elapsed_seconds": 333.887053
}