{
    "model": "gpt-4-0125-preview",
    "commit": "9ac9e2bf1e3093c236f5126e10324caf7f81e0d1",
    "input_cost_per_token": 1e-05,
    "output_cost_per_token": 1e-05,
    "total_input_tokens": 11284,
    "total_output_tokens": 1808,
    "total_tokens": 13092,
    "total_cost": 0.16708,
    "start_epoch": 1712229744.755409,
    "end_epoch": 1712229957.709832,
    "elapsed_seconds": 212.954423
}