{
    "model": "gpt-4-0125-preview",
    "commit": "a5f016d6f469626c8a40bfee1e24e4763f26f336",
    "input_cost_per_token": 1e-05,
    "output_cost_per_token": 1e-05,
    "total_input_tokens": 17997,
    "total_output_tokens": 2374,
    "total_tokens": 20371,
    "total_cost": 0.25119,
    "start_epoch": 1712381721.082383,
    "end_epoch": 1712381791.266434,
    "elapsed_seconds": 70.184051
}