{
    "model": "gpt-4-0125-preview",
    "commit": "a5f016d6f469626c8a40bfee1e24e4763f26f336",
    "input_cost_per_token": 1e-05,
    "output_cost_per_token": 1e-05,
    "total_input_tokens": 27674,
    "total_output_tokens": 3300,
    "total_tokens": 30974,
    "total_cost": 0.3757400000000001,
    "start_epoch": 1712264938.143029,
    "end_epoch": 1712265152.029048,
    "elapsed_seconds": 213.886019
}