{
    "model": "gpt-4-0125-preview",
    "commit": "9ac9e2bf1e3093c236f5126e10324caf7f81e0d1",
    "input_cost_per_token": 1e-05,
    "output_cost_per_token": 1e-05,
    "total_input_tokens": 14642,
    "total_output_tokens": 2213,
    "total_tokens": 16855,
    "total_cost": 0.21281000000000003,
    "start_epoch": 1712228946.378668,
    "end_epoch": 1712229127.213522,
    "elapsed_seconds": 180.834854
}