{
    "model": "gpt-4-0125-preview",
    "commit": "a5f016d6f469626c8a40bfee1e24e4763f26f336",
    "input_cost_per_token": 1e-05,
    "output_cost_per_token": 1e-05,
    "total_input_tokens": 18537,
    "total_output_tokens": 2702,
    "total_tokens": 21239,
    "total_cost": 0.26643,
    "start_epoch": 1712257498.673341,
    "end_epoch": 1712257731.480149,
    "elapsed_seconds": 232.806808
}