{
    "model": "gpt-4-0125-preview",
    "commit": "9ac9e2bf1e3093c236f5126e10324caf7f81e0d1",
    "input_cost_per_token": 1e-05,
    "output_cost_per_token": 1e-05,
    "total_input_tokens": 30983,
    "total_output_tokens": 3571,
    "total_tokens": 34554,
    "total_cost": 0.41696,
    "start_epoch": 1712231533.145873,
    "end_epoch": 1712231712.806231,
    "elapsed_seconds": 179.660358
}