{
    "model": "gpt-4-0125-preview",
    "commit": "a5f016d6f469626c8a40bfee1e24e4763f26f336",
    "input_cost_per_token": 1e-05,
    "output_cost_per_token": 1e-05,
    "total_input_tokens": 12416,
    "total_output_tokens": 1551,
    "total_tokens": 13967,
    "total_cost": 0.17069,
    "start_epoch": 1712381007.657699,
    "end_epoch": 1712381073.642505,
    "elapsed_seconds": 65.984806
}