{
    "model": "gpt-4-0125-preview",
    "commit": "a5f016d6f469626c8a40bfee1e24e4763f26f336",
    "input_cost_per_token": 1e-05,
    "output_cost_per_token": 1e-05,
    "total_input_tokens": 20872,
    "total_output_tokens": 2541,
    "total_tokens": 23413,
    "total_cost": 0.28495000000000004,
    "start_epoch": 1712265608.59459,
    "end_epoch": 1712265945.683441,
    "elapsed_seconds": 337.088851
}