{
    "model": "gpt-4-0125-preview",
    "commit": "a5f016d6f469626c8a40bfee1e24e4763f26f336",
    "input_cost_per_token": 1e-05,
    "output_cost_per_token": 1e-05,
    "total_input_tokens": 23060,
    "total_output_tokens": 3974,
    "total_tokens": 27034,
    "total_cost": 0.34982,
    "start_epoch": 1712261081.206597,
    "end_epoch": 1712261345.951219,
    "elapsed_seconds": 264.744622
}