{
    "model": "gpt-4-0125-preview",
    "commit": "9ac9e2bf1e3093c236f5126e10324caf7f81e0d1",
    "input_cost_per_token": 1e-05,
    "output_cost_per_token": 1e-05,
    "total_input_tokens": 29569,
    "total_output_tokens": 3971,
    "total_tokens": 33540,
    "total_cost": 0.4148200000000001,
    "start_epoch": 1712225658.661744,
    "end_epoch": 1712225921.547848,
    "elapsed_seconds": 262.886104
}