{
    "model": "gpt-4-0125-preview",
    "commit": "a5f016d6f469626c8a40bfee1e24e4763f26f336",
    "input_cost_per_token": 1e-05,
    "output_cost_per_token": 1e-05,
    "total_input_tokens": 153931,
    "total_output_tokens": 11013,
    "total_tokens": 164944,
    "total_cost": 1.8696999999999997,
    "start_epoch": 1712266239.704759,
    "end_epoch": 1712266748.061111,
    "elapsed_seconds": 508.356352
}