{
    "model": "gpt-4-0125-preview",
    "commit": "9ac9e2bf1e3093c236f5126e10324caf7f81e0d1",
    "input_cost_per_token": 1e-05,
    "output_cost_per_token": 1e-05,
    "total_input_tokens": 120569,
    "total_output_tokens": 4033,
    "total_tokens": 124602,
    "total_cost": 1.32668,
    "start_epoch": 1712230606.506218,
    "end_epoch": 1712230889.163369,
    "elapsed_seconds": 282.657151
}