{
    "model": "gpt-4-0125-preview",
    "commit": "9ac9e2bf1e3093c236f5126e10324caf7f81e0d1",
    "input_cost_per_token": 1e-05,
    "output_cost_per_token": 1e-05,
    "total_input_tokens": 22325,
    "total_output_tokens": 3106,
    "total_tokens": 25431,
    "total_cost": 0.31643,
    "start_epoch": 1712224467.396174,
    "end_epoch": 1712224618.3218,
    "elapsed_seconds": 150.925626
}