{
    "model": "gpt-4-0125-preview",
    "commit": "178da19b921052c6258e48ce9d225f34bde45d2b",
    "input_cost_per_token": 1e-05,
    "output_cost_per_token": 1e-05,
    "total_input_tokens": 30795,
    "total_output_tokens": 2385,
    "total_tokens": 33180,
    "total_cost": 0.37950000000000006,
    "start_epoch": 1712212273.013045,
    "end_epoch": 1712212377.958088,
    "elapsed_seconds": 104.945043
}