{
    "model": "gpt-4-0125-preview",
    "commit": "a5f016d6f469626c8a40bfee1e24e4763f26f336",
    "input_cost_per_token": 1e-05,
    "output_cost_per_token": 1e-05,
    "total_input_tokens": 216498,
    "total_output_tokens": 7881,
    "total_tokens": 224379,
    "total_cost": 2.4014100000000003,
    "start_epoch": 1712383197.098274,
    "end_epoch": 1712383588.874732,
    "elapsed_seconds": 391.776458
}