{
    "model": "gpt-4-0125-preview",
    "commit": "178da19b921052c6258e48ce9d225f34bde45d2b",
    "input_cost_per_token": 1e-05,
    "output_cost_per_token": 1e-05,
    "total_input_tokens": 45350,
    "total_output_tokens": 4205,
    "total_tokens": 49555,
    "total_cost": 0.57965,
    "start_epoch": 1712215218.804865,
    "end_epoch": 1712215470.257084,
    "elapsed_seconds": 251.452219
}