{
    "model": "gpt-4-0125-preview",
    "commit": "a5f016d6f469626c8a40bfee1e24e4763f26f336",
    "input_cost_per_token": 1e-05,
    "output_cost_per_token": 1e-05,
    "total_input_tokens": 7731,
    "total_output_tokens": 756,
    "total_tokens": 8487,
    "total_cost": 0.09999,
    "start_epoch": 1712253311.226706,
    "end_epoch": 1712253493.928272,
    "elapsed_seconds": 182.701566
}