{
    "model": "gpt-4-0125-preview",
    "commit": "a5f016d6f469626c8a40bfee1e24e4763f26f336",
    "input_cost_per_token": 1e-05,
    "output_cost_per_token": 1e-05,
    "total_input_tokens": 167168,
    "total_output_tokens": 10043,
    "total_tokens": 177211,
    "total_cost": 1.9729700000000003,
    "start_epoch": 1712256625.567031,
    "end_epoch": 1712257203.144889,
    "elapsed_seconds": 577.577858
}