{
    "model": "gpt-4-0125-preview",
    "commit": "a5f016d6f469626c8a40bfee1e24e4763f26f336",
    "input_cost_per_token": 1e-05,
    "output_cost_per_token": 1e-05,
    "total_input_tokens": 127986,
    "total_output_tokens": 9702,
    "total_tokens": 137688,
    "total_cost": 1.57092,
    "start_epoch": 1712257886.334619,
    "end_epoch": 1712258477.969527,
    "elapsed_seconds": 591.634908
}