{
    "model": "gpt-4-0125-preview",
    "commit": "a5f016d6f469626c8a40bfee1e24e4763f26f336",
    "input_cost_per_token": 1e-05,
    "output_cost_per_token": 1e-05,
    "total_input_tokens": 30300,
    "total_output_tokens": 3702,
    "total_tokens": 34002,
    "total_cost": 0.41406000000000004,
    "start_epoch": 1712261717.686313,
    "end_epoch": 1712262001.686428,
    "elapsed_seconds": 284.000115
}