{
    "model": "gpt-4-0125-preview",
    "commit": "178da19b921052c6258e48ce9d225f34bde45d2b",
    "input_cost_per_token": 1e-05,
    "output_cost_per_token": 1e-05,
    "total_input_tokens": 6447,
    "total_output_tokens": 1174,
    "total_tokens": 7621,
    "total_cost": 0.09969,
    "start_epoch": 1712211409.765201,
    "end_epoch": 1712211509.807234,
    "elapsed_seconds": 100.042033
}