{
    "model": "gpt-4-0125-preview",
    "commit": "a5f016d6f469626c8a40bfee1e24e4763f26f336",
    "input_cost_per_token": 1e-05,
    "output_cost_per_token": 1e-05,
    "total_input_tokens": 11406,
    "total_output_tokens": 1583,
    "total_tokens": 12989,
    "total_cost": 0.16155000000000003,
    "start_epoch": 1712378788.053114,
    "end_epoch": 1712378903.379749,
    "elapsed_seconds": 115.326635
}