{
    "model": "gpt-4-0125-preview",
    "commit": "178da19b921052c6258e48ce9d225f34bde45d2b",
    "input_cost_per_token": 1e-05,
    "output_cost_per_token": 1e-05,
    "total_input_tokens": 15299,
    "total_output_tokens": 2632,
    "total_tokens": 17931,
    "total_cost": 0.23195000000000002,
    "start_epoch": 1712213891.378702,
    "end_epoch": 1712214012.55953,
    "elapsed_seconds": 121.180828
}