{
    "model": "gpt-4-0125-preview",
    "commit": "a5f016d6f469626c8a40bfee1e24e4763f26f336",
    "input_cost_per_token": 1e-05,
    "output_cost_per_token": 1e-05,
    "total_input_tokens": 4520,
    "total_output_tokens": 609,
    "total_tokens": 5129,
    "total_cost": 0.06347,
    "start_epoch": 1712381394.381394,
    "end_epoch": 1712381455.398285,
    "elapsed_seconds": 61.016891
}