{
    "model": "gpt-4-0125-preview",
    "commit": "a5f016d6f469626c8a40bfee1e24e4763f26f336",
    "input_cost_per_token": 1e-05,
    "output_cost_per_token": 1e-05,
    "total_input_tokens": 17919,
    "total_output_tokens": 2024,
    "total_tokens": 19943,
    "total_cost": 0.23991,
    "start_epoch": 1712260329.653703,
    "end_epoch": 1712260549.732232,
    "elapsed_seconds": 220.078529
}