{
    "model": "gpt-4-0125-preview",
    "commit": "178da19b921052c6258e48ce9d225f34bde45d2b",
    "input_cost_per_token": 1e-05,
    "output_cost_per_token": 1e-05,
    "total_input_tokens": 8501,
    "total_output_tokens": 1618,
    "total_tokens": 10119,
    "total_cost": 0.13355,
    "start_epoch": 1712214155.192455,
    "end_epoch": 1712214292.92708,
    "elapsed_seconds": 137.734625
}