{
    "model": "gpt-4-0125-preview",
    "commit": "a5f016d6f469626c8a40bfee1e24e4763f26f336",
    "input_cost_per_token": 1e-05,
    "output_cost_per_token": 1e-05,
    "total_input_tokens": 41370,
    "total_output_tokens": 4471,
    "total_tokens": 45841,
    "total_cost": 0.54783,
    "start_epoch": 1712259278.900366,
    "end_epoch": 1712259582.387463,
    "elapsed_seconds": 303.487097
}