{
    "model": "gpt-4-0125-preview",
    "commit": "a5f016d6f469626c8a40bfee1e24e4763f26f336",
    "input_cost_per_token": 1e-05,
    "output_cost_per_token": 1e-05,
    "total_input_tokens": 25436,
    "total_output_tokens": 3469,
    "total_tokens": 28905,
    "total_cost": 0.3584300000000001,
    "start_epoch": 1712377911.385954,
    "end_epoch": 1712378023.588831,
    "elapsed_seconds": 112.202877
}