{
    "model": "gpt-4-0125-preview",
    "commit": "178da19b921052c6258e48ce9d225f34bde45d2b",
    "input_cost_per_token": 1e-05,
    "output_cost_per_token": 1e-05,
    "total_input_tokens": 44061,
    "total_output_tokens": 3110,
    "total_tokens": 47171,
    "total_cost": 0.5339100000000001,
    "start_epoch": 1712212158.470084,
    "end_epoch": 1712212337.350303,
    "elapsed_seconds": 178.880219
}