{
    "model": "gpt-4-0125-preview",
    "commit": "178da19b921052c6258e48ce9d225f34bde45d2b",
    "input_cost_per_token": 1e-05,
    "output_cost_per_token": 1e-05,
    "total_input_tokens": 18809,
    "total_output_tokens": 3576,
    "total_tokens": 22385,
    "total_cost": 0.29536999999999997,
    "start_epoch": 1712213389.317203,
    "end_epoch": 1712213545.594471,
    "elapsed_seconds": 156.277268
}