{
    "model": "gpt-4-0125-preview",
    "commit": "9ac9e2bf1e3093c236f5126e10324caf7f81e0d1",
    "input_cost_per_token": 1e-05,
    "output_cost_per_token": 1e-05,
    "total_input_tokens": 15194,
    "total_output_tokens": 2228,
    "total_tokens": 17422,
    "total_cost": 0.21878000000000003,
    "start_epoch": 1712227068.699683,
    "end_epoch": 1712227260.85755,
    "elapsed_seconds": 192.157867
}