{
    "model": "gpt-4-0125-preview",
    "commit": "a5f016d6f469626c8a40bfee1e24e4763f26f336",
    "input_cost_per_token": 1e-05,
    "output_cost_per_token": 1e-05,
    "total_input_tokens": 131409,
    "total_output_tokens": 11502,
    "total_tokens": 142911,
    "total_cost": 1.65915,
    "start_epoch": 1712381073.759114,
    "end_epoch": 1712381463.448719,
    "elapsed_seconds": 389.689605
}