{
    "model": "gpt-4-0125-preview",
    "commit": "a5f016d6f469626c8a40bfee1e24e4763f26f336",
    "input_cost_per_token": 1e-05,
    "output_cost_per_token": 1e-05,
    "total_input_tokens": 28824,
    "total_output_tokens": 2874,
    "total_tokens": 31698,
    "total_cost": 0.37446,
    "start_epoch": 1712383622.926974,
    "end_epoch": 1712383786.088772,
    "elapsed_seconds": 163.161798
}