{
    "model": "gpt-4-0125-preview",
    "commit": "9ac9e2bf1e3093c236f5126e10324caf7f81e0d1",
    "input_cost_per_token": 1e-05,
    "output_cost_per_token": 1e-05,
    "total_input_tokens": 56101,
    "total_output_tokens": 6185,
    "total_tokens": 62286,
    "total_cost": 0.7465600000000001,
    "start_epoch": 1712225439.097618,
    "end_epoch": 1712225735.760946,
    "elapsed_seconds": 296.663328
}