{
    "model": "gpt-4-0125-preview",
    "commit": "9ac9e2bf1e3093c236f5126e10324caf7f81e0d1",
    "input_cost_per_token": 1e-05,
    "output_cost_per_token": 1e-05,
    "total_input_tokens": 17279,
    "total_output_tokens": 2435,
    "total_tokens": 19714,
    "total_cost": 0.24584,
    "start_epoch": 1712224467.387875,
    "end_epoch": 1712224616.827305,
    "elapsed_seconds": 149.43943
}