{
    "model": "gpt-4-0125-preview",
    "commit": "a5f016d6f469626c8a40bfee1e24e4763f26f336",
    "input_cost_per_token": 1e-05,
    "output_cost_per_token": 1e-05,
    "total_input_tokens": 58976,
    "total_output_tokens": 2726,
    "total_tokens": 61702,
    "total_cost": 0.67154,
    "start_epoch": 1712253752.606328,
    "end_epoch": 1712254071.762277,
    "elapsed_seconds": 319.155949
}