{
    "model": "gpt-4-0125-preview",
    "commit": "a5f016d6f469626c8a40bfee1e24e4763f26f336",
    "input_cost_per_token": 1e-05,
    "output_cost_per_token": 1e-05,
    "total_input_tokens": 17802,
    "total_output_tokens": 1594,
    "total_tokens": 19396,
    "total_cost": 0.22584000000000004,
    "start_epoch": 1712378140.643033,
    "end_epoch": 1712378288.100279,
    "elapsed_seconds": 147.457246
}