{
    "model": "gpt-4-0125-preview",
    "commit": "a5f016d6f469626c8a40bfee1e24e4763f26f336",
    "input_cost_per_token": 1e-05,
    "output_cost_per_token": 1e-05,
    "total_input_tokens": 39480,
    "total_output_tokens": 2461,
    "total_tokens": 41941,
    "total_cost": 0.46863000000000005,
    "start_epoch": 1712377911.384325,
    "end_epoch": 1712378035.596828,
    "elapsed_seconds": 124.212503
}