{
    "model": "gpt-4-0125-preview",
    "commit": "a5f016d6f469626c8a40bfee1e24e4763f26f336",
    "input_cost_per_token": 1e-05,
    "output_cost_per_token": 1e-05,
    "total_input_tokens": 12433,
    "total_output_tokens": 2370,
    "total_tokens": 14803,
    "total_cost": 0.19543,
    "start_epoch": 1712258104.717962,
    "end_epoch": 1712258298.87642,
    "elapsed_seconds": 194.158458
}