{
    "model": "gpt-4-0125-preview",
    "commit": "a5f016d6f469626c8a40bfee1e24e4763f26f336",
    "input_cost_per_token": 1e-05,
    "output_cost_per_token": 1e-05,
    "total_input_tokens": 30779,
    "total_output_tokens": 2332,
    "total_tokens": 33111,
    "total_cost": 0.37775000000000003,
    "start_epoch": 1712380134.853866,
    "end_epoch": 1712380291.503845,
    "elapsed_seconds": 156.649979
}