{
    "model": "gpt-4-0125-preview",
    "commit": "a5f016d6f469626c8a40bfee1e24e4763f26f336",
    "input_cost_per_token": 1e-05,
    "output_cost_per_token": 1e-05,
    "total_input_tokens": 18599,
    "total_output_tokens": 2538,
    "total_tokens": 21137,
    "total_cost": 0.26213,
    "start_epoch": 1712266741.997982,
    "end_epoch": 1712266885.634927,
    "elapsed_seconds": 143.636945
}