{
    "model": "gpt-4-0125-preview",
    "commit": "a5f016d6f469626c8a40bfee1e24e4763f26f336",
    "input_cost_per_token": 1e-05,
    "output_cost_per_token": 1e-05,
    "total_input_tokens": 13447,
    "total_output_tokens": 2012,
    "total_tokens": 15459,
    "total_cost": 0.19483000000000003,
    "start_epoch": 1712255118.580136,
    "end_epoch": 1712255269.175366,
    "elapsed_seconds": 150.59523
}