{
    "model": "gpt-4-0125-preview",
    "commit": "178da19b921052c6258e48ce9d225f34bde45d2b",
    "input_cost_per_token": 1e-05,
    "output_cost_per_token": 1e-05,
    "total_input_tokens": 79793,
    "total_output_tokens": 3993,
    "total_tokens": 83786,
    "total_cost": 0.9177200000000001,
    "start_epoch": 1712216903.602144,
    "end_epoch": 1712217155.26752,
    "elapsed_seconds": 251.665376
}