{
    "model": "gpt-4-0125-preview",
    "commit": "a5f016d6f469626c8a40bfee1e24e4763f26f336",
    "input_cost_per_token": 1e-05,
    "output_cost_per_token": 1e-05,
    "total_input_tokens": 9895,
    "total_output_tokens": 1246,
    "total_tokens": 11141,
    "total_cost": 0.13633,
    "start_epoch": 1712266987.929219,
    "end_epoch": 1712267110.158114,
    "elapsed_seconds": 122.228895
}