{
    "model": "gpt-4-0125-preview",
    "commit": "a5f016d6f469626c8a40bfee1e24e4763f26f336",
    "input_cost_per_token": 1e-05,
    "output_cost_per_token": 1e-05,
    "total_input_tokens": 134738,
    "total_output_tokens": 5443,
    "total_tokens": 140181,
    "total_cost": 1.5106700000000002,
    "start_epoch": 1712253739.704069,
    "end_epoch": 1712254070.204405,
    "elapsed_seconds": 330.500336
}