{
    "model": "gpt-4-0125-preview",
    "commit": "178da19b921052c6258e48ce9d225f34bde45d2b",
    "input_cost_per_token": 1e-05,
    "output_cost_per_token": 1e-05,
    "total_input_tokens": 29256,
    "total_output_tokens": 3591,
    "total_tokens": 32847,
    "total_cost": 0.40029000000000003,
    "start_epoch": 1712211026.611657,
    "end_epoch": 1712211165.50539,
    "elapsed_seconds": 138.893733
}