{
    "model": "gpt-4-0125-preview",
    "commit": "a5f016d6f469626c8a40bfee1e24e4763f26f336",
    "input_cost_per_token": 1e-05,
    "output_cost_per_token": 1e-05,
    "total_input_tokens": 33642,
    "total_output_tokens": 3656,
    "total_tokens": 37298,
    "total_cost": 0.4461,
    "start_epoch": 1712378769.869821,
    "end_epoch": 1712378962.787196,
    "elapsed_seconds": 192.917375
}