{
    "model": "gpt-4-0125-preview",
    "commit": "a5f016d6f469626c8a40bfee1e24e4763f26f336",
    "input_cost_per_token": 1e-05,
    "output_cost_per_token": 1e-05,
    "total_input_tokens": 145737,
    "total_output_tokens": 11040,
    "total_tokens": 156777,
    "total_cost": 1.78857,
    "start_epoch": 1712255003.126523,
    "end_epoch": 1712255651.694943,
    "elapsed_seconds": 648.56842
}