{
    "model": "gpt-4-0125-preview",
    "commit": "a5f016d6f469626c8a40bfee1e24e4763f26f336",
    "input_cost_per_token": 1e-05,
    "output_cost_per_token": 1e-05,
    "total_input_tokens": 16192,
    "total_output_tokens": 2445,
    "total_tokens": 18637,
    "total_cost": 0.23527,
    "start_epoch": 1712258793.561236,
    "end_epoch": 1712258952.156661,
    "elapsed_seconds": 158.595425
}