{
    "model": "gpt-4-0125-preview",
    "commit": "9ac9e2bf1e3093c236f5126e10324caf7f81e0d1",
    "input_cost_per_token": 1e-05,
    "output_cost_per_token": 1e-05,
    "total_input_tokens": 24624,
    "total_output_tokens": 2789,
    "total_tokens": 27413,
    "total_cost": 0.32991000000000004,
    "start_epoch": 1712227372.521065,
    "end_epoch": 1712227514.613483,
    "elapsed_seconds": 142.092418
}