{
    "model": "gpt-4-0125-preview",
    "commit": "a5f016d6f469626c8a40bfee1e24e4763f26f336",
    "input_cost_per_token": 1e-05,
    "output_cost_per_token": 1e-05,
    "total_input_tokens": 16621,
    "total_output_tokens": 1583,
    "total_tokens": 18204,
    "total_cost": 0.2137,
    "start_epoch": 1712267196.787245,
    "end_epoch": 1712267302.335617,
    "elapsed_seconds": 105.548372
}