{
    "model": "gpt-4-0125-preview",
    "commit": "178da19b921052c6258e48ce9d225f34bde45d2b",
    "input_cost_per_token": 1e-05,
    "output_cost_per_token": 1e-05,
    "total_input_tokens": 12152,
    "total_output_tokens": 1814,
    "total_tokens": 13966,
    "total_cost": 0.17594,
    "start_epoch": 1712210418.481945,
    "end_epoch": 1712210524.294899,
    "elapsed_seconds": 105.812954
}