{
    "model": "gpt-4-0125-preview",
    "commit": "178da19b921052c6258e48ce9d225f34bde45d2b",
    "input_cost_per_token": 1e-05,
    "output_cost_per_token": 1e-05,
    "total_input_tokens": 25788,
    "total_output_tokens": 3085,
    "total_tokens": 28873,
    "total_cost": 0.35043,
    "start_epoch": 1712209546.521288,
    "end_epoch": 1712209664.748543,
    "elapsed_seconds": 118.227255
}