{
    "model": "gpt-4-0125-preview",
    "commit": "a5f016d6f469626c8a40bfee1e24e4763f26f336",
    "input_cost_per_token": 1e-05,
    "output_cost_per_token": 1e-05,
    "total_input_tokens": 45333,
    "total_output_tokens": 4423,
    "total_tokens": 49756,
    "total_cost": 0.58602,
    "start_epoch": 1712264657.548642,
    "end_epoch": 1712264938.755035,
    "elapsed_seconds": 281.206393
}