{
    "model": "gpt-4-0125-preview",
    "commit": "178da19b921052c6258e48ce9d225f34bde45d2b",
    "input_cost_per_token": 1e-05,
    "output_cost_per_token": 1e-05,
    "total_input_tokens": 32488,
    "total_output_tokens": 2709,
    "total_tokens": 35197,
    "total_cost": 0.40615,
    "start_epoch": 1712213009.225577,
    "end_epoch": 1712213175.960979,
    "elapsed_seconds": 166.735402
}