{
    "model": "gpt-4-0125-preview",
    "commit": "a5f016d6f469626c8a40bfee1e24e4763f26f336",
    "input_cost_per_token": 1e-05,
    "output_cost_per_token": 1e-05,
    "total_input_tokens": 79595,
    "total_output_tokens": 4365,
    "total_tokens": 83960,
    "total_cost": 0.9269000000000001,
    "start_epoch": 1712263363.86218,
    "end_epoch": 1712263636.146149,
    "elapsed_seconds": 272.283969
}