{
    "model": "gpt-4-0125-preview",
    "commit": "9ac9e2bf1e3093c236f5126e10324caf7f81e0d1",
    "input_cost_per_token": 1e-05,
    "output_cost_per_token": 1e-05,
    "total_input_tokens": 6244,
    "total_output_tokens": 692,
    "total_tokens": 6936,
    "total_cost": 0.08320000000000001,
    "start_epoch": 1712230290.499378,
    "end_epoch": 1712230414.063109,
    "elapsed_seconds": 123.563731
}