{
    "model": "gpt-4-0125-preview",
    "commit": "a5f016d6f469626c8a40bfee1e24e4763f26f336",
    "input_cost_per_token": 1e-05,
    "output_cost_per_token": 1e-05,
    "total_input_tokens": 42833,
    "total_output_tokens": 3330,
    "total_tokens": 46163,
    "total_cost": 0.5282300000000001,
    "start_epoch": 1712259342.093672,
    "end_epoch": 1712259683.325302,
    "elapsed_seconds": 341.23163
}