{
    "model": "gpt-4-0125-preview",
    "commit": "a5f016d6f469626c8a40bfee1e24e4763f26f336",
    "input_cost_per_token": 1e-05,
    "output_cost_per_token": 1e-05,
    "total_input_tokens": 99442,
    "total_output_tokens": 7413,
    "total_tokens": 106855,
    "total_cost": 1.2168100000000002,
    "start_epoch": 1712251151.039426,
    "end_epoch": 1712251572.745472,
    "elapsed_seconds": 421.706046
}