{
    "model": "gpt-4-0125-preview",
    "commit": "a5f016d6f469626c8a40bfee1e24e4763f26f336",
    "input_cost_per_token": 1e-05,
    "output_cost_per_token": 1e-05,
    "total_input_tokens": 10634,
    "total_output_tokens": 2165,
    "total_tokens": 12799,
    "total_cost": 0.17129000000000003,
    "start_epoch": 1712381979.047036,
    "end_epoch": 1712382047.670949,
    "elapsed_seconds": 68.623913
}