{
    "model": "gpt-4-0125-preview",
    "commit": "9ac9e2bf1e3093c236f5126e10324caf7f81e0d1",
    "input_cost_per_token": 1e-05,
    "output_cost_per_token": 1e-05,
    "total_input_tokens": 140239,
    "total_output_tokens": 9013,
    "total_tokens": 149252,
    "total_cost": 1.6727800000000002,
    "start_epoch": 1712230387.246581,
    "end_epoch": 1712230863.579063,
    "elapsed_seconds": 476.332482
}