{
    "model": "gpt-4-0125-preview",
    "commit": "9ac9e2bf1e3093c236f5126e10324caf7f81e0d1",
    "input_cost_per_token": 1e-05,
    "output_cost_per_token": 1e-05,
    "total_input_tokens": 15388,
    "total_output_tokens": 1465,
    "total_tokens": 16853,
    "total_cost": 0.19783000000000003,
    "start_epoch": 1712229248.162469,
    "end_epoch": 1712229316.514014,
    "elapsed_seconds": 68.351545
}