{
    "model": "gpt-4-0125-preview",
    "commit": "a5f016d6f469626c8a40bfee1e24e4763f26f336",
    "input_cost_per_token": 1e-05,
    "output_cost_per_token": 1e-05,
    "total_input_tokens": 12610,
    "total_output_tokens": 2229,
    "total_tokens": 14839,
    "total_cost": 0.19297000000000003,
    "start_epoch": 1712263213.402385,
    "end_epoch": 1712263321.314136,
    "elapsed_seconds": 107.911751
}