{
    "model": "gpt-4-0125-preview",
    "commit": "a5f016d6f469626c8a40bfee1e24e4763f26f336",
    "input_cost_per_token": 1e-05,
    "output_cost_per_token": 1e-05,
    "total_input_tokens": 5844,
    "total_output_tokens": 1215,
    "total_tokens": 7059,
    "total_cost": 0.09489,
    "start_epoch": 1712378310.971102,
    "end_epoch": 1712378455.056867,
    "elapsed_seconds": 144.085765
}