{
    "model": "gpt-4-0125-preview",
    "commit": "a5f016d6f469626c8a40bfee1e24e4763f26f336",
    "input_cost_per_token": 1e-05,
    "output_cost_per_token": 1e-05,
    "total_input_tokens": 8762,
    "total_output_tokens": 1730,
    "total_tokens": 10492,
    "total_cost": 0.13952,
    "start_epoch": 1712379143.337797,
    "end_epoch": 1712379305.646344,
    "elapsed_seconds": 162.308547
}