{
    "model": "gpt-4-0125-preview",
    "commit": "a5f016d6f469626c8a40bfee1e24e4763f26f336",
    "input_cost_per_token": 1e-05,
    "output_cost_per_token": 1e-05,
    "total_input_tokens": 13906,
    "total_output_tokens": 2303,
    "total_tokens": 16209,
    "total_cost": 0.20815,
    "start_epoch": 1712382051.736036,
    "end_epoch": 1712382174.220264,
    "elapsed_seconds": 122.484228
}