{
    "model": "gpt-4-0125-preview",
    "commit": "a5f016d6f469626c8a40bfee1e24e4763f26f336",
    "input_cost_per_token": 1e-05,
    "output_cost_per_token": 1e-05,
    "total_input_tokens": 12715,
    "total_output_tokens": 1742,
    "total_tokens": 14457,
    "total_cost": 0.17941000000000001,
    "start_epoch": 1712251614.928526,
    "end_epoch": 1712251725.573565,
    "elapsed_seconds": 110.645039
}