{
    "model": "gpt-4-0125-preview",
    "commit": "9ac9e2bf1e3093c236f5126e10324caf7f81e0d1",
    "input_cost_per_token": 1e-05,
    "output_cost_per_token": 1e-05,
    "total_input_tokens": 83970,
    "total_output_tokens": 4640,
    "total_tokens": 88610,
    "total_cost": 0.9789000000000001,
    "start_epoch": 1712225133.742731,
    "end_epoch": 1712225358.233048,
    "elapsed_seconds": 224.490317
}