{
    "model": "gpt-4-0125-preview",
    "commit": "a5f016d6f469626c8a40bfee1e24e4763f26f336",
    "input_cost_per_token": 1e-05,
    "output_cost_per_token": 1e-05,
    "total_input_tokens": 20324,
    "total_output_tokens": 2455,
    "total_tokens": 22779,
    "total_cost": 0.27689,
    "start_epoch": 1712378537.12978,
    "end_epoch": 1712378630.42706,
    "elapsed_seconds": 93.29728
}