{
    "model": "gpt-4-0125-preview",
    "commit": "9ac9e2bf1e3093c236f5126e10324caf7f81e0d1",
    "input_cost_per_token": 1e-05,
    "output_cost_per_token": 1e-05,
    "total_input_tokens": 15315,
    "total_output_tokens": 1297,
    "total_tokens": 16612,
    "total_cost": 0.19206,
    "start_epoch": 1712228903.312421,
    "end_epoch": 1712228963.708333,
    "elapsed_seconds": 60.395912
}