{
    "model": "gpt-4-0125-preview",
    "commit": "a5f016d6f469626c8a40bfee1e24e4763f26f336",
    "input_cost_per_token": 1e-05,
    "output_cost_per_token": 1e-05,
    "total_input_tokens": 5934,
    "total_output_tokens": 1155,
    "total_tokens": 7089,
    "total_cost": 0.09399000000000002,
    "start_epoch": 1712381697.937958,
    "end_epoch": 1712381768.208282,
    "elapsed_seconds": 70.270324
}