{
    "model": "gpt-4-0125-preview",
    "commit": "9ac9e2bf1e3093c236f5126e10324caf7f81e0d1",
    "input_cost_per_token": 1e-05,
    "output_cost_per_token": 1e-05,
    "total_input_tokens": 26378,
    "total_output_tokens": 2797,
    "total_tokens": 29175,
    "total_cost": 0.34769000000000005,
    "start_epoch": 1712225482.035109,
    "end_epoch": 1712225691.003429,
    "elapsed_seconds": 208.96832
}