{
    "model": "gpt-4-0125-preview",
    "commit": "a5f016d6f469626c8a40bfee1e24e4763f26f336",
    "input_cost_per_token": 1e-05,
    "output_cost_per_token": 1e-05,
    "total_input_tokens": 17277,
    "total_output_tokens": 2822,
    "total_tokens": 20099,
    "total_cost": 0.25743000000000005,
    "start_epoch": 1712264439.51342,
    "end_epoch": 1712264657.476641,
    "elapsed_seconds": 217.963221
}