{
    "model": "gpt-4-0125-preview",
    "commit": "a5f016d6f469626c8a40bfee1e24e4763f26f336",
    "input_cost_per_token": 1e-05,
    "output_cost_per_token": 1e-05,
    "total_input_tokens": 14989,
    "total_output_tokens": 2329,
    "total_tokens": 17318,
    "total_cost": 0.21976,
    "start_epoch": 1712267615.473408,
    "end_epoch": 1712267712.901239,
    "elapsed_seconds": 97.427831
}