{
    "model": "gpt-4-0125-preview",
    "commit": "9ac9e2bf1e3093c236f5126e10324caf7f81e0d1",
    "input_cost_per_token": 1e-05,
    "output_cost_per_token": 1e-05,
    "total_input_tokens": 15248,
    "total_output_tokens": 1825,
    "total_tokens": 17073,
    "total_cost": 0.20723000000000003,
    "start_epoch": 1712225107.416066,
    "end_epoch": 1712225194.742913,
    "elapsed_seconds": 87.326847
}