{
    "model": "gpt-4-0125-preview",
    "commit": "178da19b921052c6258e48ce9d225f34bde45d2b",
    "input_cost_per_token": 1e-05,
    "output_cost_per_token": 1e-05,
    "total_input_tokens": 9141,
    "total_output_tokens": 1202,
    "total_tokens": 10343,
    "total_cost": 0.12747000000000003,
    "start_epoch": 1712215723.00643,
    "end_epoch": 1712215841.827672,
    "elapsed_seconds": 118.821242
}