{
    "model": "gpt-4-0125-preview",
    "commit": "a5f016d6f469626c8a40bfee1e24e4763f26f336",
    "input_cost_per_token": 1e-05,
    "output_cost_per_token": 1e-05,
    "total_input_tokens": 8067,
    "total_output_tokens": 1091,
    "total_tokens": 9158,
    "total_cost": 0.11340000000000001,
    "start_epoch": 1712256472.838953,
    "end_epoch": 1712256623.062145,
    "elapsed_seconds": 150.223192
}