{
    "model": "gpt-4-0125-preview",
    "commit": "9ac9e2bf1e3093c236f5126e10324caf7f81e0d1",
    "input_cost_per_token": 1e-05,
    "output_cost_per_token": 1e-05,
    "total_input_tokens": 9229,
    "total_output_tokens": 1694,
    "total_tokens": 10923,
    "total_cost": 0.14311000000000001,
    "start_epoch": 1712228492.476496,
    "end_epoch": 1712228594.631462,
    "elapsed_seconds": 102.154966
}