{
    "model": "gpt-4-0125-preview",
    "commit": "a5f016d6f469626c8a40bfee1e24e4763f26f336",
    "input_cost_per_token": 1e-05,
    "output_cost_per_token": 1e-05,
    "total_input_tokens": 218865,
    "total_output_tokens": 6508,
    "total_tokens": 225373,
    "total_cost": 2.38389,
    "start_epoch": 1712257732.646118,
    "end_epoch": 1712258168.108796,
    "elapsed_seconds": 435.462678
}