{
    "model": "gpt-4-0125-preview",
    "commit": "a5f016d6f469626c8a40bfee1e24e4763f26f336",
    "input_cost_per_token": 1e-05,
    "output_cost_per_token": 1e-05,
    "total_input_tokens": 4304,
    "total_output_tokens": 472,
    "total_tokens": 4776,
    "total_cost": 0.0572,
    "start_epoch": 1712379712.36091,
    "end_epoch": 1712379856.139652,
    "elapsed_seconds": 143.778742
}