{
    "model": "gpt-4-0125-preview",
    "commit": "178da19b921052c6258e48ce9d225f34bde45d2b",
    "input_cost_per_token": 1e-05,
    "output_cost_per_token": 1e-05,
    "total_input_tokens": 7017,
    "total_output_tokens": 1306,
    "total_tokens": 8323,
    "total_cost": 0.10935000000000002,
    "start_epoch": 1712208376.198072,
    "end_epoch": 1712208479.956938,
    "elapsed_seconds": 103.758866
}