{
    "model": "gpt-4-0125-preview",
    "commit": "a5f016d6f469626c8a40bfee1e24e4763f26f336",
    "input_cost_per_token": 1e-05,
    "output_cost_per_token": 1e-05,
    "total_input_tokens": 22101,
    "total_output_tokens": 3099,
    "total_tokens": 25200,
    "total_cost": 0.31398000000000004,
    "start_epoch": 1712380568.825665,
    "end_epoch": 1712380790.985145,
    "elapsed_seconds": 222.15948
}