{
    "model": "gpt-4-0125-preview",
    "commit": "178da19b921052c6258e48ce9d225f34bde45d2b",
    "input_cost_per_token": 1e-05,
    "output_cost_per_token": 1e-05,
    "total_input_tokens": 20197,
    "total_output_tokens": 2328,
    "total_tokens": 22525,
    "total_cost": 0.27181,
    "start_epoch": 1712208753.386773,
    "end_epoch": 1712208887.228293,
    "elapsed_seconds": 133.84152
}