{
    "model": "gpt-4-0125-preview",
    "commit": "a5f016d6f469626c8a40bfee1e24e4763f26f336",
    "input_cost_per_token": 1e-05,
    "output_cost_per_token": 1e-05,
    "total_input_tokens": 11565,
    "total_output_tokens": 2106,
    "total_tokens": 13671,
    "total_cost": 0.17883000000000002,
    "start_epoch": 1712259375.454824,
    "end_epoch": 1712259536.005881,
    "elapsed_seconds": 160.551057
}