{
    "model": "gpt-4-0125-preview",
    "commit": "178da19b921052c6258e48ce9d225f34bde45d2b",
    "input_cost_per_token": 1e-05,
    "output_cost_per_token": 1e-05,
    "total_input_tokens": 13978,
    "total_output_tokens": 1127,
    "total_tokens": 15105,
    "total_cost": 0.17359000000000002,
    "start_epoch": 1712220079.605601,
    "end_epoch": 1712220197.172958,
    "elapsed_seconds": 117.567357
}