{
    "model": "gpt-4-0125-preview",
    "commit": "a5f016d6f469626c8a40bfee1e24e4763f26f336",
    "input_cost_per_token": 1e-05,
    "output_cost_per_token": 1e-05,
    "total_input_tokens": 5780,
    "total_output_tokens": 986,
    "total_tokens": 6766,
    "total_cost": 0.08738000000000001,
    "start_epoch": 1712379402.650015,
    "end_epoch": 1712379538.17291,
    "elapsed_seconds": 135.522895
}