{
    "model": "gpt-4-0125-preview",
    "commit": "a5f016d6f469626c8a40bfee1e24e4763f26f336",
    "input_cost_per_token": 1e-05,
    "output_cost_per_token": 1e-05,
    "total_input_tokens": 21943,
    "total_output_tokens": 2274,
    "total_tokens": 24217,
    "total_cost": 0.28765,
    "start_epoch": 1712266148.018475,
    "end_epoch": 1712266372.57083,
    "elapsed_seconds": 224.552355
}