{
    "model": "gpt-4-0125-preview",
    "commit": "a5f016d6f469626c8a40bfee1e24e4763f26f336",
    "input_cost_per_token": 1e-05,
    "output_cost_per_token": 1e-05,
    "total_input_tokens": 77785,
    "total_output_tokens": 7384,
    "total_tokens": 85169,
    "total_cost": 0.9993700000000002,
    "start_epoch": 1712382804.297773,
    "end_epoch": 1712383046.806415,
    "elapsed_seconds": 242.508642
}