{
    "model": "gpt-4-0125-preview",
    "commit": "a5f016d6f469626c8a40bfee1e24e4763f26f336",
    "input_cost_per_token": 1e-05,
    "output_cost_per_token": 1e-05,
    "total_input_tokens": 28102,
    "total_output_tokens": 3501,
    "total_tokens": 31603,
    "total_cost": 0.38605,
    "start_epoch": 1712257656.964742,
    "end_epoch": 1712257859.156314,
    "elapsed_seconds": 202.191572
}