{
    "model": "gpt-4-0125-preview",
    "commit": "9ac9e2bf1e3093c236f5126e10324caf7f81e0d1",
    "input_cost_per_token": 1e-05,
    "output_cost_per_token": 1e-05,
    "total_input_tokens": 15325,
    "total_output_tokens": 2543,
    "total_tokens": 17868,
    "total_cost": 0.22954000000000002,
    "start_epoch": 1712230145.260886,
    "end_epoch": 1712230254.375159,
    "elapsed_seconds": 109.114273
}