{
    "model": "gpt-4-0125-preview",
    "commit": "a5f016d6f469626c8a40bfee1e24e4763f26f336",
    "input_cost_per_token": 1e-05,
    "output_cost_per_token": 1e-05,
    "total_input_tokens": 136438,
    "total_output_tokens": 4440,
    "total_tokens": 140878,
    "total_cost": 1.4975800000000001,
    "start_epoch": 1712255926.647719,
    "end_epoch": 1712256200.831089,
    "elapsed_seconds": 274.18337
}