{
    "model": "gpt-4-0125-preview",
    "commit": "178da19b921052c6258e48ce9d225f34bde45d2b",
    "input_cost_per_token": 1e-05,
    "output_cost_per_token": 1e-05,
    "total_input_tokens": 17075,
    "total_output_tokens": 1743,
    "total_tokens": 18818,
    "total_cost": 0.22304000000000002,
    "start_epoch": 1712209890.54156,
    "end_epoch": 1712209955.999944,
    "elapsed_seconds": 65.458384
}