{
    "model": "gpt-4-0125-preview",
    "commit": "a5f016d6f469626c8a40bfee1e24e4763f26f336",
    "input_cost_per_token": 1e-05,
    "output_cost_per_token": 1e-05,
    "total_input_tokens": 40590,
    "total_output_tokens": 2471,
    "total_tokens": 43061,
    "total_cost": 0.48003,
    "start_epoch": 1712270445.855829,
    "end_epoch": 1712270636.85377,
    "elapsed_seconds": 190.997941
}