{
    "model": "gpt-4-0125-preview",
    "commit": "178da19b921052c6258e48ce9d225f34bde45d2b",
    "input_cost_per_token": 1e-05,
    "output_cost_per_token": 1e-05,
    "total_input_tokens": 12737,
    "total_output_tokens": 1340,
    "total_tokens": 14077,
    "total_cost": 0.16757,
    "start_epoch": 1712209424.340438,
    "end_epoch": 1712209477.271689,
    "elapsed_seconds": 52.931251
}