{
    "model": "gpt-4-0125-preview",
    "commit": "a5f016d6f469626c8a40bfee1e24e4763f26f336",
    "input_cost_per_token": 1e-05,
    "output_cost_per_token": 1e-05,
    "total_input_tokens": 55849,
    "total_output_tokens": 4589,
    "total_tokens": 60438,
    "total_cost": 0.6961600000000001,
    "start_epoch": 1712378527.846809,
    "end_epoch": 1712378769.699477,
    "elapsed_seconds": 241.852668
}