{
    "model": "gpt-4-0125-preview",
    "commit": "a5f016d6f469626c8a40bfee1e24e4763f26f336",
    "input_cost_per_token": 1e-05,
    "output_cost_per_token": 1e-05,
    "total_input_tokens": 19997,
    "total_output_tokens": 3314,
    "total_tokens": 23311,
    "total_cost": 0.29939000000000004,
    "start_epoch": 1712267655.83887,
    "end_epoch": 1712267798.256951,
    "elapsed_seconds": 142.418081
}