{
    "model": "gpt-4-0125-preview",
    "commit": "a5f016d6f469626c8a40bfee1e24e4763f26f336",
    "input_cost_per_token": 1e-05,
    "output_cost_per_token": 1e-05,
    "total_input_tokens": 6450,
    "total_output_tokens": 770,
    "total_tokens": 7220,
    "total_cost": 0.08760000000000001,
    "start_epoch": 1712258222.609262,
    "end_epoch": 1712258358.579857,
    "elapsed_seconds": 135.970595
}