{
    "model": "gpt-4-0125-preview",
    "commit": "a5f016d6f469626c8a40bfee1e24e4763f26f336",
    "input_cost_per_token": 1e-05,
    "output_cost_per_token": 1e-05,
    "total_input_tokens": 5087,
    "total_output_tokens": 887,
    "total_tokens": 5974,
    "total_cost": 0.07748000000000001,
    "start_epoch": 1712378808.201872,
    "end_epoch": 1712378914.299704,
    "elapsed_seconds": 106.097832
}