{
    "model": "gpt-4-0125-preview",
    "commit": "178da19b921052c6258e48ce9d225f34bde45d2b",
    "input_cost_per_token": 1e-05,
    "output_cost_per_token": 1e-05,
    "total_input_tokens": 5796,
    "total_output_tokens": 936,
    "total_tokens": 6732,
    "total_cost": 0.08604,
    "start_epoch": 1712210930.050109,
    "end_epoch": 1712211044.883349,
    "elapsed_seconds": 114.83324
}