{
    "model": "gpt-4-0125-preview",
    "commit": "178da19b921052c6258e48ce9d225f34bde45d2b",
    "input_cost_per_token": 1e-05,
    "output_cost_per_token": 1e-05,
    "total_input_tokens": 21701,
    "total_output_tokens": 3070,
    "total_tokens": 24771,
    "total_cost": 0.30911000000000005,
    "start_epoch": 1712213201.42054,
    "end_epoch": 1712213332.418867,
    "elapsed_seconds": 130.998327
}