{
    "model": "gpt-4-0125-preview",
    "commit": "178da19b921052c6258e48ce9d225f34bde45d2b",
    "input_cost_per_token": 1e-05,
    "output_cost_per_token": 1e-05,
    "total_input_tokens": 15820,
    "total_output_tokens": 1657,
    "total_tokens": 17477,
    "total_cost": 0.20791,
    "start_epoch": 1712212542.305991,
    "end_epoch": 1712212639.358065,
    "elapsed_seconds": 97.052074
}