{
    "model": "gpt-4-0125-preview",
    "commit": "a5f016d6f469626c8a40bfee1e24e4763f26f336",
    "input_cost_per_token": 1e-05,
    "output_cost_per_token": 1e-05,
    "total_input_tokens": 15988,
    "total_output_tokens": 1966,
    "total_tokens": 17954,
    "total_cost": 0.21886000000000005,
    "start_epoch": 1712251523.701926,
    "end_epoch": 1712251687.188972,
    "elapsed_seconds": 163.487046
}