{
    "model": "gpt-4-0125-preview",
    "commit": "178da19b921052c6258e48ce9d225f34bde45d2b",
    "input_cost_per_token": 1e-05,
    "output_cost_per_token": 1e-05,
    "total_input_tokens": 11647,
    "total_output_tokens": 1817,
    "total_tokens": 13464,
    "total_cost": 0.17098,
    "start_epoch": 1712213795.420768,
    "end_epoch": 1712213891.345523,
    "elapsed_seconds": 95.924755
}