{
    "model": "gpt-4-0125-preview",
    "commit": "9ac9e2bf1e3093c236f5126e10324caf7f81e0d1",
    "input_cost_per_token": 1e-05,
    "output_cost_per_token": 1e-05,
    "total_input_tokens": 90810,
    "total_output_tokens": 6743,
    "total_tokens": 97553,
    "total_cost": 1.11039,
    "start_epoch": 1712234090.346548,
    "end_epoch": 1712234536.948224,
    "elapsed_seconds": 446.601676
}