{
    "model": "gpt-4-0125-preview",
    "commit": "a5f016d6f469626c8a40bfee1e24e4763f26f336",
    "input_cost_per_token": 1e-05,
    "output_cost_per_token": 1e-05,
    "total_input_tokens": 8659,
    "total_output_tokens": 1657,
    "total_tokens": 10316,
    "total_cost": 0.13630000000000003,
    "start_epoch": 1712379037.775297,
    "end_epoch": 1712379156.527859,
    "elapsed_seconds": 118.752562
}