{
    "model": "gpt-4-0125-preview",
    "commit": "a5f016d6f469626c8a40bfee1e24e4763f26f336",
    "input_cost_per_token": 1e-05,
    "output_cost_per_token": 1e-05,
    "total_input_tokens": 83384,
    "total_output_tokens": 6372,
    "total_tokens": 89756,
    "total_cost": 1.0250000000000001,
    "start_epoch": 1712267110.186484,
    "end_epoch": 1712267386.290562,
    "elapsed_seconds": 276.104078
}