{
    "model": "gpt-4-0125-preview",
    "commit": "178da19b921052c6258e48ce9d225f34bde45d2b",
    "input_cost_per_token": 1e-05,
    "output_cost_per_token": 1e-05,
    "total_input_tokens": 77436,
    "total_output_tokens": 8440,
    "total_tokens": 85876,
    "total_cost": 1.0275600000000003,
    "start_epoch": 1712214500.929594,
    "end_epoch": 1712214904.076425,
    "elapsed_seconds": 403.146831
}