{
    "model": "gpt-4-0125-preview",
    "commit": "178da19b921052c6258e48ce9d225f34bde45d2b",
    "input_cost_per_token": 1e-05,
    "output_cost_per_token": 1e-05,
    "total_input_tokens": 98229,
    "total_output_tokens": 7676,
    "total_tokens": 105905,
    "total_cost": 1.21257,
    "start_epoch": 1712213415.187357,
    "end_epoch": 1712213805.771771,
    "elapsed_seconds": 390.584414
}