{
    "model": "gpt-4-0125-preview",
    "commit": "a5f016d6f469626c8a40bfee1e24e4763f26f336",
    "input_cost_per_token": 1e-05,
    "output_cost_per_token": 1e-05,
    "total_input_tokens": 100818,
    "total_output_tokens": 4061,
    "total_tokens": 104879,
    "total_cost": 1.13001,
    "start_epoch": 1712257114.310958,
    "end_epoch": 1712257352.702754,
    "elapsed_seconds": 238.391796
}