{
    "model": "gpt-4-0125-preview",
    "commit": "a5f016d6f469626c8a40bfee1e24e4763f26f336",
    "input_cost_per_token": 1e-05,
    "output_cost_per_token": 1e-05,
    "total_input_tokens": 34563,
    "total_output_tokens": 4502,
    "total_tokens": 39065,
    "total_cost": 0.48069,
    "start_epoch": 1712257366.612879,
    "end_epoch": 1712257656.920454,
    "elapsed_seconds": 290.307575
}