{
    "model": "gpt-4-0125-preview",
    "commit": "a5f016d6f469626c8a40bfee1e24e4763f26f336",
    "input_cost_per_token": 1e-05,
    "output_cost_per_token": 1e-05,
    "total_input_tokens": 20430,
    "total_output_tokens": 3359,
    "total_tokens": 23789,
    "total_cost": 0.30507000000000006,
    "start_epoch": 1712259032.88307,
    "end_epoch": 1712259278.71352,
    "elapsed_seconds": 245.83045
}