{
    "model": "gpt-4-0125-preview",
    "commit": "a5f016d6f469626c8a40bfee1e24e4763f26f336",
    "input_cost_per_token": 1e-05,
    "output_cost_per_token": 1e-05,
    "total_input_tokens": 32686,
    "total_output_tokens": 3292,
    "total_tokens": 35978,
    "total_cost": 0.42562000000000005,
    "start_epoch": 1712255947.473932,
    "end_epoch": 1712256135.160472,
    "elapsed_seconds": 187.68654
}