{
    "model": "gpt-4-0125-preview",
    "commit": "a5f016d6f469626c8a40bfee1e24e4763f26f336",
    "input_cost_per_token": 1e-05,
    "output_cost_per_token": 1e-05,
    "total_input_tokens": 25461,
    "total_output_tokens": 2306,
    "total_tokens": 27767,
    "total_cost": 0.32379,
    "start_epoch": 1712263158.152752,
    "end_epoch": 1712263363.725134,
    "elapsed_seconds": 205.572382
}