{
    "model": "gpt-4-0125-preview",
    "commit": "178da19b921052c6258e48ce9d225f34bde45d2b",
    "input_cost_per_token": 1e-05,
    "output_cost_per_token": 1e-05,
    "total_input_tokens": 143463,
    "total_output_tokens": 9063,
    "total_tokens": 152526,
    "total_cost": 1.7065199999999998,
    "start_epoch": 1712211990.637088,
    "end_epoch": 1712212384.047539,
    "elapsed_seconds": 393.410451
}