{
    "model": "gpt-4-0125-preview",
    "commit": "178da19b921052c6258e48ce9d225f34bde45d2b",
    "input_cost_per_token": 1e-05,
    "output_cost_per_token": 1e-05,
    "total_input_tokens": 13410,
    "total_output_tokens": 1110,
    "total_tokens": 14520,
    "total_cost": 0.1674,
    "start_epoch": 1712211509.865288,
    "end_epoch": 1712211641.389817,
    "elapsed_seconds": 131.524529
}