{
    "model": "gpt-4-0125-preview",
    "commit": "178da19b921052c6258e48ce9d225f34bde45d2b",
    "input_cost_per_token": 1e-05,
    "output_cost_per_token": 1e-05,
    "total_input_tokens": 10450,
    "total_output_tokens": 2308,
    "total_tokens": 12758,
    "total_cost": 0.17374,
    "start_epoch": 1712212002.927565,
    "end_epoch": 1712212158.436073,
    "elapsed_seconds": 155.508508
}