{
    "model": "gpt-4-0125-preview",
    "commit": "9ac9e2bf1e3093c236f5126e10324caf7f81e0d1",
    "input_cost_per_token": 1e-05,
    "output_cost_per_token": 1e-05,
    "total_input_tokens": 31052,
    "total_output_tokens": 2398,
    "total_tokens": 33450,
    "total_cost": 0.38246,
    "start_epoch": 1712228145.371169,
    "end_epoch": 1712228330.192319,
    "elapsed_seconds": 184.82115
}