{
    "model": "gpt-4-0125-preview",
    "commit": "a5f016d6f469626c8a40bfee1e24e4763f26f336",
    "input_cost_per_token": 1e-05,
    "output_cost_per_token": 1e-05,
    "total_input_tokens": 102432,
    "total_output_tokens": 7580,
    "total_tokens": 110012,
    "total_cost": 1.2517200000000002,
    "start_epoch": 1712255027.475539,
    "end_epoch": 1712255526.160723,
    "elapsed_seconds": 498.685184
}