{
    "model": "gpt-4-0125-preview",
    "commit": "a5f016d6f469626c8a40bfee1e24e4763f26f336",
    "input_cost_per_token": 1e-05,
    "output_cost_per_token": 1e-05,
    "total_input_tokens": 10585,
    "total_output_tokens": 2572,
    "total_tokens": 13157,
    "total_cost": 0.18301,
    "start_epoch": 1712253415.340394,
    "end_epoch": 1712253595.269123,
    "elapsed_seconds": 179.928729
}