{
    "model": "gpt-4-0125-preview",
    "commit": "178da19b921052c6258e48ce9d225f34bde45d2b",
    "input_cost_per_token": 1e-05,
    "output_cost_per_token": 1e-05,
    "total_input_tokens": 5989,
    "total_output_tokens": 851,
    "total_tokens": 6840,
    "total_cost": 0.08542000000000002,
    "start_epoch": 1712216210.878625,
    "end_epoch": 1712216327.953913,
    "elapsed_seconds": 117.075288
}