{
    "model": "gpt-4-0125-preview",
    "commit": "a5f016d6f469626c8a40bfee1e24e4763f26f336",
    "input_cost_per_token": 1e-05,
    "output_cost_per_token": 1e-05,
    "total_input_tokens": 94630,
    "total_output_tokens": 8811,
    "total_tokens": 103441,
    "total_cost": 1.2106300000000003,
    "start_epoch": 1712265370.772492,
    "end_epoch": 1712265791.683158,
    "elapsed_seconds": 420.910666
}