{
    "model": "gpt-4-0125-preview",
    "commit": "178da19b921052c6258e48ce9d225f34bde45d2b",
    "input_cost_per_token": 1e-05,
    "output_cost_per_token": 1e-05,
    "total_input_tokens": 87446,
    "total_output_tokens": 5009,
    "total_tokens": 92455,
    "total_cost": 1.0247300000000004,
    "start_epoch": 1712212996.303524,
    "end_epoch": 1712213237.779519,
    "elapsed_seconds": 241.475995
}