{
    "model": "gpt-4-0125-preview",
    "commit": "9ac9e2bf1e3093c236f5126e10324caf7f81e0d1",
    "input_cost_per_token": 1e-05,
    "output_cost_per_token": 1e-05,
    "total_input_tokens": 23187,
    "total_output_tokens": 3134,
    "total_tokens": 26321,
    "total_cost": 0.32589,
    "start_epoch": 1712230863.688627,
    "end_epoch": 1712231011.626015,
    "elapsed_seconds": 147.937388
}