{
    "model": "gpt-4-0125-preview",
    "commit": "9ac9e2bf1e3093c236f5126e10324caf7f81e0d1",
    "input_cost_per_token": 1e-05,
    "output_cost_per_token": 1e-05,
    "total_input_tokens": 10322,
    "total_output_tokens": 1841,
    "total_tokens": 12163,
    "total_cost": 0.15845,
    "start_epoch": 1712226266.949253,
    "end_epoch": 1712226376.970122,
    "elapsed_seconds": 110.020869
}