{
    "model": "gpt-4-0125-preview",
    "commit": "9ac9e2bf1e3093c236f5126e10324caf7f81e0d1",
    "input_cost_per_token": 1e-05,
    "output_cost_per_token": 1e-05,
    "total_input_tokens": 15462,
    "total_output_tokens": 2323,
    "total_tokens": 17785,
    "total_cost": 0.22431,
    "start_epoch": 1712225031.004537,
    "end_epoch": 1712225226.916264,
    "elapsed_seconds": 195.911727
}