{
    "model": "gpt-4-0125-preview",
    "commit": "178da19b921052c6258e48ce9d225f34bde45d2b",
    "input_cost_per_token": 1e-05,
    "output_cost_per_token": 1e-05,
    "total_input_tokens": 7884,
    "total_output_tokens": 926,
    "total_tokens": 8810,
    "total_cost": 0.10662000000000002,
    "start_epoch": 1712210272.367565,
    "end_epoch": 1712210350.617683,
    "elapsed_seconds": 78.250118
}