{
    "model": "gpt-4-0125-preview",
    "commit": "9ac9e2bf1e3093c236f5126e10324caf7f81e0d1",
    "input_cost_per_token": 1e-05,
    "output_cost_per_token": 1e-05,
    "total_input_tokens": 5932,
    "total_output_tokens": 1528,
    "total_tokens": 7460,
    "total_cost": 0.10516,
    "start_epoch": 1712226996.356055,
    "end_epoch": 1712227146.315967,
    "elapsed_seconds": 149.959912
}