{
    "model": "gpt-4-0125-preview",
    "commit": "a5f016d6f469626c8a40bfee1e24e4763f26f336",
    "input_cost_per_token": 1e-05,
    "output_cost_per_token": 1e-05,
    "total_input_tokens": 40216,
    "total_output_tokens": 2689,
    "total_tokens": 42905,
    "total_cost": 0.48283,
    "start_epoch": 1712378182.392181,
    "end_epoch": 1712378285.182616,
    "elapsed_seconds": 102.790435
}