{
    "model": "gpt-4-0125-preview",
    "commit": "178da19b921052c6258e48ce9d225f34bde45d2b",
    "input_cost_per_token": 1e-05,
    "output_cost_per_token": 1e-05,
    "total_input_tokens": 57049,
    "total_output_tokens": 5369,
    "total_tokens": 62418,
    "total_cost": 0.7315600000000001,
    "start_epoch": 1712211911.12501,
    "end_epoch": 1712212170.249898,
    "elapsed_seconds": 259.124888
}