{
    "model": "gpt-4-0125-preview",
    "commit": "a5f016d6f469626c8a40bfee1e24e4763f26f336",
    "input_cost_per_token": 1e-05,
    "output_cost_per_token": 1e-05,
    "total_input_tokens": 25129,
    "total_output_tokens": 3225,
    "total_tokens": 28354,
    "total_cost": 0.34804,
    "start_epoch": 1712378812.747539,
    "end_epoch": 1712378929.952687,
    "elapsed_seconds": 117.205148
}