{
    "model": "gpt-4-0125-preview",
    "commit": "a5f016d6f469626c8a40bfee1e24e4763f26f336",
    "input_cost_per_token": 1e-05,
    "output_cost_per_token": 1e-05,
    "total_input_tokens": 22908,
    "total_output_tokens": 3480,
    "total_tokens": 26388,
    "total_cost": 0.33348,
    "start_epoch": 1712258505.24641,
    "end_epoch": 1712258793.43307,
    "elapsed_seconds": 288.18666
}