{
    "model": "gpt-4-0125-preview",
    "commit": "a5f016d6f469626c8a40bfee1e24e4763f26f336",
    "input_cost_per_token": 1e-05,
    "output_cost_per_token": 1e-05,
    "total_input_tokens": 25143,
    "total_output_tokens": 3873,
    "total_tokens": 29016,
    "total_cost": 0.36762,
    "start_epoch": 1712263810.039525,
    "end_epoch": 1712264097.406117,
    "elapsed_seconds": 287.366592
}