{
    "model": "gpt-4-0125-preview",
    "commit": "a5f016d6f469626c8a40bfee1e24e4763f26f336",
    "input_cost_per_token": 1e-05,
    "output_cost_per_token": 1e-05,
    "total_input_tokens": 9669,
    "total_output_tokens": 1200,
    "total_tokens": 10869,
    "total_cost": 0.13269,
    "start_epoch": 1712265544.622533,
    "end_epoch": 1712265752.099796,
    "elapsed_seconds": 207.477263
}