{
    "model": "gpt-4-0125-preview",
    "commit": "9ac9e2bf1e3093c236f5126e10324caf7f81e0d1",
    "input_cost_per_token": 1e-05,
    "output_cost_per_token": 1e-05,
    "total_input_tokens": 38859,
    "total_output_tokens": 4371,
    "total_tokens": 43230,
    "total_cost": 0.5197200000000001,
    "start_epoch": 1712226133.676159,
    "end_epoch": 1712226368.577479,
    "elapsed_seconds": 234.90132
}