{
    "model": "gpt-4-0125-preview",
    "commit": "a5f016d6f469626c8a40bfee1e24e4763f26f336",
    "input_cost_per_token": 1e-05,
    "output_cost_per_token": 1e-05,
    "total_input_tokens": 12009,
    "total_output_tokens": 1188,
    "total_tokens": 13197,
    "total_cost": 0.15573,
    "start_epoch": 1712378376.481298,
    "end_epoch": 1712378426.426448,
    "elapsed_seconds": 49.94515
}