{
    "model": "gpt-4-0125-preview",
    "commit": "a5f016d6f469626c8a40bfee1e24e4763f26f336",
    "input_cost_per_token": 1e-05,
    "output_cost_per_token": 1e-05,
    "total_input_tokens": 25739,
    "total_output_tokens": 2074,
    "total_tokens": 27813,
    "total_cost": 0.31961000000000006,
    "start_epoch": 1712256263.850046,
    "end_epoch": 1712256472.67186,
    "elapsed_seconds": 208.821814
}