{
    "model": "gpt-4-0125-preview",
    "commit": "a5f016d6f469626c8a40bfee1e24e4763f26f336",
    "input_cost_per_token": 1e-05,
    "output_cost_per_token": 1e-05,
    "total_input_tokens": 93088,
    "total_output_tokens": 4219,
    "total_tokens": 97307,
    "total_cost": 1.0574500000000002,
    "start_epoch": 1712269885.793707,
    "end_epoch": 1712270154.383666,
    "elapsed_seconds": 268.589959
}