{
    "model": "gpt-4-0125-preview",
    "commit": "a5f016d6f469626c8a40bfee1e24e4763f26f336",
    "input_cost_per_token": 1e-05,
    "output_cost_per_token": 1e-05,
    "total_input_tokens": 19008,
    "total_output_tokens": 2359,
    "total_tokens": 21367,
    "total_cost": 0.26085,
    "start_epoch": 1712382700.812522,
    "end_epoch": 1712382828.867098,
    "elapsed_seconds": 128.054576
}