{
    "model": "gpt-4-0125-preview",
    "commit": "a5f016d6f469626c8a40bfee1e24e4763f26f336",
    "input_cost_per_token": 1e-05,
    "output_cost_per_token": 1e-05,
    "total_input_tokens": 41439,
    "total_output_tokens": 2944,
    "total_tokens": 44383,
    "total_cost": 0.50271,
    "start_epoch": 1712262771.567387,
    "end_epoch": 1712263158.025482,
    "elapsed_seconds": 386.458095
}