{
    "model": "gpt-4-0125-preview",
    "commit": "a5f016d6f469626c8a40bfee1e24e4763f26f336",
    "input_cost_per_token": 1e-05,
    "output_cost_per_token": 1e-05,
    "total_input_tokens": 101305,
    "total_output_tokens": 11664,
    "total_tokens": 112969,
    "total_cost": 1.3629700000000005,
    "start_epoch": 1712262783.234148,
    "end_epoch": 1712263511.100047,
    "elapsed_seconds": 727.865899
}