{
    "model": "gpt-4-0125-preview",
    "commit": "a5f016d6f469626c8a40bfee1e24e4763f26f336",
    "input_cost_per_token": 1e-05,
    "output_cost_per_token": 1e-05,
    "total_input_tokens": 92011,
    "total_output_tokens": 7043,
    "total_tokens": 99054,
    "total_cost": 1.1314,
    "start_epoch": 1712252975.552647,
    "end_epoch": 1712253415.241058,
    "elapsed_seconds": 439.688411
}