{
    "model": "gpt-4-0125-preview",
    "commit": "178da19b921052c6258e48ce9d225f34bde45d2b",
    "input_cost_per_token": 1e-05,
    "output_cost_per_token": 1e-05,
    "total_input_tokens": 30720,
    "total_output_tokens": 3921,
    "total_tokens": 34641,
    "total_cost": 0.42483000000000004,
    "start_epoch": 1712210640.823089,
    "end_epoch": 1712210852.632733,
    "elapsed_seconds": 211.809644
}