{
    "model": "gpt-4-0125-preview",
    "commit": "9ac9e2bf1e3093c236f5126e10324caf7f81e0d1",
    "input_cost_per_token": 1e-05,
    "output_cost_per_token": 1e-05,
    "total_input_tokens": 10401,
    "total_output_tokens": 2063,
    "total_tokens": 12464,
    "total_cost": 0.16590000000000002,
    "start_epoch": 1712226703.416406,
    "end_epoch": 1712226800.82818,
    "elapsed_seconds": 97.411774
}