{
    "model": "gpt-4-0125-preview",
    "commit": "a5f016d6f469626c8a40bfee1e24e4763f26f336",
    "input_cost_per_token": 1e-05,
    "output_cost_per_token": 1e-05,
    "total_input_tokens": 90425,
    "total_output_tokens": 4451,
    "total_tokens": 94876,
    "total_cost": 1.0377800000000001,
    "start_epoch": 1712381846.232983,
    "end_epoch": 1712382017.365799,
    "elapsed_seconds": 171.132816
}