{
    "model": "gpt-4-0125-preview",
    "commit": "9ac9e2bf1e3093c236f5126e10324caf7f81e0d1",
    "input_cost_per_token": 1e-05,
    "output_cost_per_token": 1e-05,
    "total_input_tokens": 19152,
    "total_output_tokens": 1752,
    "total_tokens": 20904,
    "total_cost": 0.24408000000000002,
    "start_epoch": 1712233430.575138,
    "end_epoch": 1712233643.698948,
    "elapsed_seconds": 213.12381
}