{
    "model": "gpt-4-0125-preview",
    "commit": "a5f016d6f469626c8a40bfee1e24e4763f26f336",
    "input_cost_per_token": 1e-05,
    "output_cost_per_token": 1e-05,
    "total_input_tokens": 22110,
    "total_output_tokens": 2651,
    "total_tokens": 24761,
    "total_cost": 0.30063,
    "start_epoch": 1712252741.073766,
    "end_epoch": 1712252998.143341,
    "elapsed_seconds": 257.069575
}