{
    "model": "gpt-4-0125-preview",
    "commit": "9ac9e2bf1e3093c236f5126e10324caf7f81e0d1",
    "input_cost_per_token": 1e-05,
    "output_cost_per_token": 1e-05,
    "total_input_tokens": 37219,
    "total_output_tokens": 2457,
    "total_tokens": 39676,
    "total_cost": 0.44589999999999996,
    "start_epoch": 1712226368.720336,
    "end_epoch": 1712226529.689034,
    "elapsed_seconds": 160.968698
}