{
    "model": "gpt-4-0125-preview",
    "commit": "a5f016d6f469626c8a40bfee1e24e4763f26f336",
    "input_cost_per_token": 1e-05,
    "output_cost_per_token": 1e-05,
    "total_input_tokens": 29130,
    "total_output_tokens": 3065,
    "total_tokens": 32195,
    "total_cost": 0.38325,
    "start_epoch": 1712259914.606444,
    "end_epoch": 1712260092.255247,
    "elapsed_seconds": 177.648803
}