{
    "model": "gpt-4-0125-preview",
    "commit": "a5f016d6f469626c8a40bfee1e24e4763f26f336",
    "input_cost_per_token": 1e-05,
    "output_cost_per_token": 1e-05,
    "total_input_tokens": 9443,
    "total_output_tokens": 1193,
    "total_tokens": 10636,
    "total_cost": 0.13022,
    "start_epoch": 1712266749.368194,
    "end_epoch": 1712267011.450049,
    "elapsed_seconds": 262.081855
}