{
    "model": "gpt-4-0125-preview",
    "commit": "9ac9e2bf1e3093c236f5126e10324caf7f81e0d1",
    "input_cost_per_token": 1e-05,
    "output_cost_per_token": 1e-05,
    "total_input_tokens": 12997,
    "total_output_tokens": 2332,
    "total_tokens": 15329,
    "total_cost": 0.19993,
    "start_epoch": 1712225543.069128,
    "end_epoch": 1712225771.077696,
    "elapsed_seconds": 228.008568
}