{
    "model": "gpt-4-0125-preview",
    "commit": "a5f016d6f469626c8a40bfee1e24e4763f26f336",
    "input_cost_per_token": 1e-05,
    "output_cost_per_token": 1e-05,
    "total_input_tokens": 19829,
    "total_output_tokens": 2934,
    "total_tokens": 22763,
    "total_cost": 0.28631,
    "start_epoch": 1712266748.181028,
    "end_epoch": 1712266900.761536,
    "elapsed_seconds": 152.580508
}