{
    "model": "gpt-4-0125-preview",
    "commit": "9ac9e2bf1e3093c236f5126e10324caf7f81e0d1",
    "input_cost_per_token": 1e-05,
    "output_cost_per_token": 1e-05,
    "total_input_tokens": 10784,
    "total_output_tokens": 1451,
    "total_tokens": 12235,
    "total_cost": 0.15137,
    "start_epoch": 1712226622.031955,
    "end_epoch": 1712226703.278097,
    "elapsed_seconds": 81.246142
}