{
    "model": "gpt-4-0125-preview",
    "commit": "a5f016d6f469626c8a40bfee1e24e4763f26f336",
    "input_cost_per_token": 1e-05,
    "output_cost_per_token": 1e-05,
    "total_input_tokens": 13963,
    "total_output_tokens": 1508,
    "total_tokens": 15471,
    "total_cost": 0.18487,
    "start_epoch": 1712382296.477714,
    "end_epoch": 1712382396.490424,
    "elapsed_seconds": 100.01271
}