{
    "model": "gpt-4-0125-preview",
    "commit": "a5f016d6f469626c8a40bfee1e24e4763f26f336",
    "input_cost_per_token": 1e-05,
    "output_cost_per_token": 1e-05,
    "total_input_tokens": 100201,
    "total_output_tokens": 7594,
    "total_tokens": 107795,
    "total_cost": 1.2298300000000002,
    "start_epoch": 1712262578.438104,
    "end_epoch": 1712262957.926165,
    "elapsed_seconds": 379.488061
}