{
    "model": "gpt-4-0125-preview",
    "commit": "a5f016d6f469626c8a40bfee1e24e4763f26f336",
    "input_cost_per_token": 1e-05,
    "output_cost_per_token": 1e-05,
    "total_input_tokens": 9037,
    "total_output_tokens": 1091,
    "total_tokens": 10128,
    "total_cost": 0.1231,
    "start_epoch": 1712385792.648612,
    "end_epoch": 1712385932.812965,
    "elapsed_seconds": 140.164353
}