{
    "model": "gpt-4-0125-preview",
    "commit": "a5f016d6f469626c8a40bfee1e24e4763f26f336",
    "input_cost_per_token": 1e-05,
    "output_cost_per_token": 1e-05,
    "total_input_tokens": 8144,
    "total_output_tokens": 1306,
    "total_tokens": 9450,
    "total_cost": 0.12062,
    "start_epoch": 1712381188.115576,
    "end_epoch": 1712381338.390125,
    "elapsed_seconds": 150.274549
}