{
    "model": "gpt-4-0125-preview",
    "commit": "a5f016d6f469626c8a40bfee1e24e4763f26f336",
    "input_cost_per_token": 1e-05,
    "output_cost_per_token": 1e-05,
    "total_input_tokens": 7794,
    "total_output_tokens": 1326,
    "total_tokens": 9120,
    "total_cost": 0.11772000000000002,
    "start_epoch": 1712256100.928545,
    "end_epoch": 1712256214.996811,
    "elapsed_seconds": 114.068266
}