{
    "model": "gpt-4-0125-preview",
    "commit": "9ac9e2bf1e3093c236f5126e10324caf7f81e0d1",
    "input_cost_per_token": 1e-05,
    "output_cost_per_token": 1e-05,
    "total_input_tokens": 6982,
    "total_output_tokens": 1762,
    "total_tokens": 8744,
    "total_cost": 0.12268000000000001,
    "start_epoch": 1712234333.642793,
    "end_epoch": 1712234521.737883,
    "elapsed_seconds": 188.09509
}