{
    "model": "gpt-4-0125-preview",
    "commit": "9ac9e2bf1e3093c236f5126e10324caf7f81e0d1",
    "input_cost_per_token": 1e-05,
    "output_cost_per_token": 1e-05,
    "total_input_tokens": 8523,
    "total_output_tokens": 1377,
    "total_tokens": 9900,
    "total_cost": 0.12654,
    "start_epoch": 1712238882.803616,
    "end_epoch": 1712239065.269134,
    "elapsed_seconds": 182.465518
}