{
    "model": "gpt-4-0125-preview",
    "commit": "9ac9e2bf1e3093c236f5126e10324caf7f81e0d1",
    "input_cost_per_token": 1e-05,
    "output_cost_per_token": 1e-05,
    "total_input_tokens": 7784,
    "total_output_tokens": 1276,
    "total_tokens": 9060,
    "total_cost": 0.11612,
    "start_epoch": 1712229628.850771,
    "end_epoch": 1712229696.454821,
    "elapsed_seconds": 67.60405
}