{
    "model": "gpt-4-0125-preview",
    "commit": "a5f016d6f469626c8a40bfee1e24e4763f26f336",
    "input_cost_per_token": 1e-05,
    "output_cost_per_token": 1e-05,
    "total_input_tokens": 21810,
    "total_output_tokens": 3384,
    "total_tokens": 25194,
    "total_cost": 0.31962,
    "start_epoch": 1712380791.172576,
    "end_epoch": 1712380973.276426,
    "elapsed_seconds": 182.10385
}