{
    "model": "gpt-4-0125-preview",
    "commit": "9ac9e2bf1e3093c236f5126e10324caf7f81e0d1",
    "input_cost_per_token": 1e-05,
    "output_cost_per_token": 1e-05,
    "total_input_tokens": 86618,
    "total_output_tokens": 8338,
    "total_tokens": 94956,
    "total_cost": 1.1163200000000002,
    "start_epoch": 1712232368.083143,
    "end_epoch": 1712232795.128649,
    "elapsed_seconds": 427.045506
}