{
    "model": "gpt-4-0125-preview",
    "commit": "178da19b921052c6258e48ce9d225f34bde45d2b",
    "input_cost_per_token": 1e-05,
    "output_cost_per_token": 1e-05,
    "total_input_tokens": 21489,
    "total_output_tokens": 2643,
    "total_tokens": 24132,
    "total_cost": 0.29418000000000005,
    "start_epoch": 1712210852.676141,
    "end_epoch": 1712210962.625987,
    "elapsed_seconds": 109.949846
}