{
    "model": "gpt-4-0125-preview",
    "commit": "9ac9e2bf1e3093c236f5126e10324caf7f81e0d1",
    "input_cost_per_token": 1e-05,
    "output_cost_per_token": 1e-05,
    "total_input_tokens": 6993,
    "total_output_tokens": 831,
    "total_tokens": 7824,
    "total_cost": 0.09486,
    "start_epoch": 1712229696.580938,
    "end_epoch": 1712229732.42075,
    "elapsed_seconds": 35.839812
}