{
    "model": "gpt-4-0125-preview",
    "commit": "a5f016d6f469626c8a40bfee1e24e4763f26f336",
    "input_cost_per_token": 1e-05,
    "output_cost_per_token": 1e-05,
    "total_input_tokens": 5264,
    "total_output_tokens": 976,
    "total_tokens": 6240,
    "total_cost": 0.08192,
    "start_epoch": 1712257003.472991,
    "end_epoch": 1712257103.783283,
    "elapsed_seconds": 100.310292
}