{
    "model": "gpt-4-0125-preview",
    "commit": "9ac9e2bf1e3093c236f5126e10324caf7f81e0d1",
    "input_cost_per_token": 1e-05,
    "output_cost_per_token": 1e-05,
    "total_input_tokens": 211742,
    "total_output_tokens": 8979,
    "total_tokens": 220721,
    "total_cost": 2.38679,
    "start_epoch": 1712235343.881606,
    "end_epoch": 1712235899.115946,
    "elapsed_seconds": 555.23434
}