{
    "model": "gpt-4-0125-preview",
    "commit": "178da19b921052c6258e48ce9d225f34bde45d2b",
    "input_cost_per_token": 1e-05,
    "output_cost_per_token": 1e-05,
    "total_input_tokens": 35749,
    "total_output_tokens": 2889,
    "total_tokens": 38638,
    "total_cost": 0.44416,
    "start_epoch": 1712209543.41454,
    "end_epoch": 1712209721.707473,
    "elapsed_seconds": 178.292933
}