{
    "model": "gpt-4-0125-preview",
    "commit": "178da19b921052c6258e48ce9d225f34bde45d2b",
    "input_cost_per_token": 1e-05,
    "output_cost_per_token": 1e-05,
    "total_input_tokens": 146379,
    "total_output_tokens": 6948,
    "total_tokens": 153327,
    "total_cost": 1.6722299999999999,
    "start_epoch": 1712210279.446276,
    "end_epoch": 1712210638.455251,
    "elapsed_seconds": 359.008975
}