{
    "model": "gpt-4-0125-preview",
    "commit": "9ac9e2bf1e3093c236f5126e10324caf7f81e0d1",
    "input_cost_per_token": 1e-05,
    "output_cost_per_token": 1e-05,
    "total_input_tokens": 14480,
    "total_output_tokens": 1982,
    "total_tokens": 16462,
    "total_cost": 0.20426000000000002,
    "start_epoch": 1712231061.734949,
    "end_epoch": 1712231234.353963,
    "elapsed_seconds": 172.619014
}