{
    "model": "gpt-4-0125-preview",
    "commit": "178da19b921052c6258e48ce9d225f34bde45d2b",
    "input_cost_per_token": 1e-05,
    "output_cost_per_token": 1e-05,
    "total_input_tokens": 8533,
    "total_output_tokens": 1097,
    "total_tokens": 9630,
    "total_cost": 0.11824000000000001,
    "start_epoch": 1712213159.702022,
    "end_epoch": 1712213201.392907,
    "elapsed_seconds": 41.690885
}