{
    "model": "gpt-4-0125-preview",
    "commit": "9ac9e2bf1e3093c236f5126e10324caf7f81e0d1",
    "input_cost_per_token": 1e-05,
    "output_cost_per_token": 1e-05,
    "total_input_tokens": 49927,
    "total_output_tokens": 5355,
    "total_tokens": 55282,
    "total_cost": 0.6599200000000001,
    "start_epoch": 1712228542.996918,
    "end_epoch": 1712228787.438828,
    "elapsed_seconds": 244.44191
}