{
    "model": "gpt-4-0125-preview",
    "commit": "a5f016d6f469626c8a40bfee1e24e4763f26f336",
    "input_cost_per_token": 1e-05,
    "output_cost_per_token": 1e-05,
    "total_input_tokens": 22309,
    "total_output_tokens": 2959,
    "total_tokens": 25268,
    "total_cost": 0.31186,
    "start_epoch": 1712258777.294243,
    "end_epoch": 1712259032.700619,
    "elapsed_seconds": 255.406376
}