{
    "model": "gpt-4-0125-preview",
    "commit": "a5f016d6f469626c8a40bfee1e24e4763f26f336",
    "input_cost_per_token": 1e-05,
    "output_cost_per_token": 1e-05,
    "total_input_tokens": 15600,
    "total_output_tokens": 1915,
    "total_tokens": 17515,
    "total_cost": 0.21345,
    "start_epoch": 1712383243.716085,
    "end_epoch": 1712383339.893994,
    "elapsed_seconds": 96.177909
}