{
    "model": "gpt-4-0125-preview",
    "commit": "9ac9e2bf1e3093c236f5126e10324caf7f81e0d1",
    "input_cost_per_token": 1e-05,
    "output_cost_per_token": 1e-05,
    "total_input_tokens": 14013,
    "total_output_tokens": 2691,
    "total_tokens": 16704,
    "total_cost": 0.22086,
    "start_epoch": 1712224467.391041,
    "end_epoch": 1712224649.787236,
    "elapsed_seconds": 182.396195
}