{
    "model": "gpt-4-0125-preview",
    "commit": "178da19b921052c6258e48ce9d225f34bde45d2b",
    "input_cost_per_token": 1e-05,
    "output_cost_per_token": 1e-05,
    "total_input_tokens": 12697,
    "total_output_tokens": 1610,
    "total_tokens": 14307,
    "total_cost": 0.17527,
    "start_epoch": 1712211553.923848,
    "end_epoch": 1712211638.196911,
    "elapsed_seconds": 84.273063
}