{
    "model": "gpt-4-0125-preview",
    "commit": "a5f016d6f469626c8a40bfee1e24e4763f26f336",
    "input_cost_per_token": 1e-05,
    "output_cost_per_token": 1e-05,
    "total_input_tokens": 37723,
    "total_output_tokens": 3281,
    "total_tokens": 41004,
    "total_cost": 0.47565999999999997,
    "start_epoch": 1712256363.061103,
    "end_epoch": 1712256576.796194,
    "elapsed_seconds": 213.735091
}