{
    "model": "gpt-4-0125-preview",
    "commit": "9ac9e2bf1e3093c236f5126e10324caf7f81e0d1",
    "input_cost_per_token": 1e-05,
    "output_cost_per_token": 1e-05,
    "total_input_tokens": 6513,
    "total_output_tokens": 1167,
    "total_tokens": 7680,
    "total_cost": 0.10013999999999999,
    "start_epoch": 1712228070.230368,
    "end_epoch": 1712228214.546512,
    "elapsed_seconds": 144.316144
}