{
    "model": "gpt-4-0125-preview",
    "commit": "a5f016d6f469626c8a40bfee1e24e4763f26f336",
    "input_cost_per_token": 1e-05,
    "output_cost_per_token": 1e-05,
    "total_input_tokens": 9757,
    "total_output_tokens": 1450,
    "total_tokens": 11207,
    "total_cost": 0.14107,
    "start_epoch": 1712378095.910051,
    "end_epoch": 1712378168.955747,
    "elapsed_seconds": 73.045696
}