{
    "model": "gpt-4-0125-preview",
    "commit": "a5f016d6f469626c8a40bfee1e24e4763f26f336",
    "input_cost_per_token": 1e-05,
    "output_cost_per_token": 1e-05,
    "total_input_tokens": 26118,
    "total_output_tokens": 4251,
    "total_tokens": 30369,
    "total_cost": 0.38871,
    "start_epoch": 1712264729.384462,
    "end_epoch": 1712265017.646477,
    "elapsed_seconds": 288.262015
}