{
    "model": "gpt-4-0125-preview",
    "commit": "a5f016d6f469626c8a40bfee1e24e4763f26f336",
    "input_cost_per_token": 1e-05,
    "output_cost_per_token": 1e-05,
    "total_input_tokens": 82448,
    "total_output_tokens": 6445,
    "total_tokens": 88893,
    "total_cost": 1.01783,
    "start_epoch": 1712383150.996347,
    "end_epoch": 1712383387.327738,
    "elapsed_seconds": 236.331391
}