{
    "model": "gpt-4-0125-preview",
    "commit": "178da19b921052c6258e48ce9d225f34bde45d2b",
    "input_cost_per_token": 1e-05,
    "output_cost_per_token": 1e-05,
    "total_input_tokens": 106384,
    "total_output_tokens": 6486,
    "total_tokens": 112870,
    "total_cost": 1.25842,
    "start_epoch": 1712212810.525436,
    "end_epoch": 1712213096.998127,
    "elapsed_seconds": 286.472691
}