{
    "model": "gpt-4-0125-preview",
    "commit": "a5f016d6f469626c8a40bfee1e24e4763f26f336",
    "input_cost_per_token": 1e-05,
    "output_cost_per_token": 1e-05,
    "total_input_tokens": 18857,
    "total_output_tokens": 2117,
    "total_tokens": 20974,
    "total_cost": 0.25207999999999997,
    "start_epoch": 1712264097.470188,
    "end_epoch": 1712264267.458188,
    "elapsed_seconds": 169.988
}