{
    "model": "gpt-4-0125-preview",
    "commit": "a5f016d6f469626c8a40bfee1e24e4763f26f336",
    "input_cost_per_token": 1e-05,
    "output_cost_per_token": 1e-05,
    "total_input_tokens": 103427,
    "total_output_tokens": 5125,
    "total_tokens": 108552,
    "total_cost": 1.1880199999999999,
    "start_epoch": 1712266144.042026,
    "end_epoch": 1712266425.110929,
    "elapsed_seconds": 281.068903
}