{
    "model": "gpt-4-0125-preview",
    "commit": "178da19b921052c6258e48ce9d225f34bde45d2b",
    "input_cost_per_token": 1e-05,
    "output_cost_per_token": 1e-05,
    "total_input_tokens": 5052,
    "total_output_tokens": 529,
    "total_tokens": 5581,
    "total_cost": 0.06639,
    "start_epoch": 1712214056.030337,
    "end_epoch": 1712214155.13058,
    "elapsed_seconds": 99.100243
}