{
    "model": "gpt-4-0125-preview",
    "commit": "9ac9e2bf1e3093c236f5126e10324caf7f81e0d1",
    "input_cost_per_token": 1e-05,
    "output_cost_per_token": 1e-05,
    "total_input_tokens": 7892,
    "total_output_tokens": 1163,
    "total_tokens": 9055,
    "total_cost": 0.11381,
    "start_epoch": 1712229344.048205,
    "end_epoch": 1712229514.263769,
    "elapsed_seconds": 170.215564
}