{
    "model": "gpt-4-0125-preview",
    "commit": "a5f016d6f469626c8a40bfee1e24e4763f26f336",
    "input_cost_per_token": 1e-05,
    "output_cost_per_token": 1e-05,
    "total_input_tokens": 7235,
    "total_output_tokens": 952,
    "total_tokens": 8187,
    "total_cost": 0.10091,
    "start_epoch": 1712378338.544068,
    "end_epoch": 1712378376.379074,
    "elapsed_seconds": 37.835006
}