{
    "model": "gpt-4-0125-preview",
    "commit": "178da19b921052c6258e48ce9d225f34bde45d2b",
    "input_cost_per_token": 1e-05,
    "output_cost_per_token": 1e-05,
    "total_input_tokens": 15134,
    "total_output_tokens": 2343,
    "total_tokens": 17477,
    "total_cost": 0.22163000000000002,
    "start_epoch": 1712209304.72605,
    "end_epoch": 1712209411.262112,
    "elapsed_seconds": 106.536062
}