{
    "model": "gpt-4-0125-preview",
    "commit": "a5f016d6f469626c8a40bfee1e24e4763f26f336",
    "input_cost_per_token": 1e-05,
    "output_cost_per_token": 1e-05,
    "total_input_tokens": 33780,
    "total_output_tokens": 3213,
    "total_tokens": 36993,
    "total_cost": 0.43419,
    "start_epoch": 1712251434.728591,
    "end_epoch": 1712251614.896587,
    "elapsed_seconds": 180.167996
}