{
    "model": "gpt-4-0125-preview",
    "commit": "a5f016d6f469626c8a40bfee1e24e4763f26f336",
    "input_cost_per_token": 1e-05,
    "output_cost_per_token": 1e-05,
    "total_input_tokens": 11029,
    "total_output_tokens": 1695,
    "total_tokens": 12724,
    "total_cost": 0.16114,
    "start_epoch": 1712259998.74285,
    "end_epoch": 1712260202.587633,
    "elapsed_seconds": 203.844783
}