{
    "model": "gpt-4-0125-preview",
    "commit": "a5f016d6f469626c8a40bfee1e24e4763f26f336",
    "input_cost_per_token": 1e-05,
    "output_cost_per_token": 1e-05,
    "total_input_tokens": 20425,
    "total_output_tokens": 2475,
    "total_tokens": 22900,
    "total_cost": 0.27849999999999997,
    "start_epoch": 1712265772.749688,
    "end_epoch": 1712265916.524873,
    "elapsed_seconds": 143.775185
}