{
    "model": "gpt-4-0125-preview",
    "commit": "178da19b921052c6258e48ce9d225f34bde45d2b",
    "input_cost_per_token": 1e-05,
    "output_cost_per_token": 1e-05,
    "total_input_tokens": 19335,
    "total_output_tokens": 2757,
    "total_tokens": 22092,
    "total_cost": 0.27606,
    "start_epoch": 1712212384.07725,
    "end_epoch": 1712212496.466708,
    "elapsed_seconds": 112.389458
}