{
    "model": "gpt-4-0125-preview",
    "commit": "9ac9e2bf1e3093c236f5126e10324caf7f81e0d1",
    "input_cost_per_token": 1e-05,
    "output_cost_per_token": 1e-05,
    "total_input_tokens": 77121,
    "total_output_tokens": 3099,
    "total_tokens": 80220,
    "total_cost": 0.8641800000000001,
    "start_epoch": 1712226242.667359,
    "end_epoch": 1712226492.176434,
    "elapsed_seconds": 249.509075
}