{
    "model": "gpt-4-0125-preview",
    "commit": "178da19b921052c6258e48ce9d225f34bde45d2b",
    "input_cost_per_token": 1e-05,
    "output_cost_per_token": 1e-05,
    "total_input_tokens": 103299,
    "total_output_tokens": 9081,
    "total_tokens": 112380,
    "total_cost": 1.3054199999999998,
    "start_epoch": 1712211198.742261,
    "end_epoch": 1712211583.629485,
    "elapsed_seconds": 384.887224
}