{
    "model": "gpt-4-0125-preview",
    "commit": "9ac9e2bf1e3093c236f5126e10324caf7f81e0d1",
    "input_cost_per_token": 1e-05,
    "output_cost_per_token": 1e-05,
    "total_input_tokens": 28199,
    "total_output_tokens": 4011,
    "total_tokens": 32210,
    "total_cost": 0.40232,
    "start_epoch": 1712224592.157646,
    "end_epoch": 1712224815.870469,
    "elapsed_seconds": 223.712823
}