{
    "model": "gpt-4-0125-preview",
    "commit": "9ac9e2bf1e3093c236f5126e10324caf7f81e0d1",
    "input_cost_per_token": 1e-05,
    "output_cost_per_token": 1e-05,
    "total_input_tokens": 41196,
    "total_output_tokens": 2626,
    "total_tokens": 43822,
    "total_cost": 0.49074000000000007,
    "start_epoch": 1712230254.486391,
    "end_epoch": 1712230404.704375,
    "elapsed_seconds": 150.217984
}