{
    "model": "gpt-4-0125-preview",
    "commit": "178da19b921052c6258e48ce9d225f34bde45d2b",
    "input_cost_per_token": 1e-05,
    "output_cost_per_token": 1e-05,
    "total_input_tokens": 11425,
    "total_output_tokens": 1073,
    "total_tokens": 12498,
    "total_cost": 0.14644,
    "start_epoch": 1712209114.244782,
    "end_epoch": 1712209159.760638,
    "elapsed_seconds": 45.515856
}