{
    "model": "gpt-4-0125-preview",
    "commit": "178da19b921052c6258e48ce9d225f34bde45d2b",
    "input_cost_per_token": 1e-05,
    "output_cost_per_token": 1e-05,
    "total_input_tokens": 7916,
    "total_output_tokens": 1499,
    "total_tokens": 9415,
    "total_cost": 0.12413,
    "start_epoch": 1712209070.235122,
    "end_epoch": 1712209204.130012,
    "elapsed_seconds": 133.89489
}