{
    "model": "gpt-4-0125-preview",
    "commit": "178da19b921052c6258e48ce9d225f34bde45d2b",
    "input_cost_per_token": 1e-05,
    "output_cost_per_token": 1e-05,
    "total_input_tokens": 6846,
    "total_output_tokens": 1246,
    "total_tokens": 8092,
    "total_cost": 0.10583999999999999,
    "start_epoch": 1712208880.687784,
    "end_epoch": 1712208968.194848,
    "elapsed_seconds": 87.507064
}