{
    "model": "gpt-4-0125-preview",
    "commit": "a5f016d6f469626c8a40bfee1e24e4763f26f336",
    "input_cost_per_token": 1e-05,
    "output_cost_per_token": 1e-05,
    "total_input_tokens": 11145,
    "total_output_tokens": 2036,
    "total_tokens": 13181,
    "total_cost": 0.17253000000000002,
    "start_epoch": 1712381605.367238,
    "end_epoch": 1712381697.847254,
    "elapsed_seconds": 92.480016
}