{
    "model": "gpt-4-0125-preview",
    "commit": "9ac9e2bf1e3093c236f5126e10324caf7f81e0d1",
    "input_cost_per_token": 1e-05,
    "output_cost_per_token": 1e-05,
    "total_input_tokens": 6213,
    "total_output_tokens": 1336,
    "total_tokens": 7549,
    "total_cost": 0.10221,
    "start_epoch": 1712228720.391411,
    "end_epoch": 1712228895.480987,
    "elapsed_seconds": 175.089576
}