{
    "model": "gpt-4-0125-preview",
    "commit": "a5f016d6f469626c8a40bfee1e24e4763f26f336",
    "input_cost_per_token": 1e-05,
    "output_cost_per_token": 1e-05,
    "total_input_tokens": 40884,
    "total_output_tokens": 3747,
    "total_tokens": 44631,
    "total_cost": 0.52125,
    "start_epoch": 1712263872.215926,
    "end_epoch": 1712264223.967939,
    "elapsed_seconds": 351.752013
}