{
    "model": "gpt-4-0125-preview",
    "commit": "9ac9e2bf1e3093c236f5126e10324caf7f81e0d1",
    "input_cost_per_token": 1e-05,
    "output_cost_per_token": 1e-05,
    "total_input_tokens": 7013,
    "total_output_tokens": 1290,
    "total_tokens": 8303,
    "total_cost": 0.10883000000000001,
    "start_epoch": 1712226522.458548,
    "end_epoch": 1712226622.817693,
    "elapsed_seconds": 100.359145
}