{
    "model": "gpt-4-0125-preview",
    "commit": "178da19b921052c6258e48ce9d225f34bde45d2b",
    "input_cost_per_token": 1e-05,
    "output_cost_per_token": 1e-05,
    "total_input_tokens": 11093,
    "total_output_tokens": 1340,
    "total_tokens": 12433,
    "total_cost": 0.15113000000000001,
    "start_epoch": 1712215954.40323,
    "end_epoch": 1712216077.187273,
    "elapsed_seconds": 122.784043
}