{
    "model": "gpt-4-0125-preview",
    "commit": "a5f016d6f469626c8a40bfee1e24e4763f26f336",
    "input_cost_per_token": 1e-05,
    "output_cost_per_token": 1e-05,
    "total_input_tokens": 14870,
    "total_output_tokens": 2070,
    "total_tokens": 16940,
    "total_cost": 0.21080000000000002,
    "start_epoch": 1712252181.757653,
    "end_epoch": 1712252276.75158,
    "elapsed_seconds": 94.993927
}