{
    "model": "gpt-4-0125-preview",
    "commit": "a5f016d6f469626c8a40bfee1e24e4763f26f336",
    "input_cost_per_token": 1e-05,
    "output_cost_per_token": 1e-05,
    "total_input_tokens": 38663,
    "total_output_tokens": 3251,
    "total_tokens": 41914,
    "total_cost": 0.48416000000000003,
    "start_epoch": 1712261792.033537,
    "end_epoch": 1712262065.402433,
    "elapsed_seconds": 273.368896
}