{
    "model": "gpt-4-0125-preview",
    "commit": "a5f016d6f469626c8a40bfee1e24e4763f26f336",
    "input_cost_per_token": 1e-05,
    "output_cost_per_token": 1e-05,
    "total_input_tokens": 36393,
    "total_output_tokens": 4032,
    "total_tokens": 40425,
    "total_cost": 0.48489,
    "start_epoch": 1712258164.549457,
    "end_epoch": 1712258394.218305,
    "elapsed_seconds": 229.668848
}