{
    "model": "gpt-4-0125-preview",
    "commit": "a5f016d6f469626c8a40bfee1e24e4763f26f336",
    "input_cost_per_token": 1e-05,
    "output_cost_per_token": 1e-05,
    "total_input_tokens": 89243,
    "total_output_tokens": 5847,
    "total_tokens": 95090,
    "total_cost": 1.06784,
    "start_epoch": 1712382084.155306,
    "end_epoch": 1712382296.359127,
    "elapsed_seconds": 212.203821
}