{
    "model": "gpt-4-0125-preview",
    "commit": "a5f016d6f469626c8a40bfee1e24e4763f26f336",
    "input_cost_per_token": 1e-05,
    "output_cost_per_token": 1e-05,
    "total_input_tokens": 27554,
    "total_output_tokens": 3218,
    "total_tokens": 30772,
    "total_cost": 0.37208,
    "start_epoch": 1712257636.635291,
    "end_epoch": 1712257886.173837,
    "elapsed_seconds": 249.538546
}