{
    "model": "gpt-4-0125-preview",
    "commit": "a5f016d6f469626c8a40bfee1e24e4763f26f336",
    "input_cost_per_token": 1e-05,
    "output_cost_per_token": 1e-05,
    "total_input_tokens": 40253,
    "total_output_tokens": 4850,
    "total_tokens": 45103,
    "total_cost": 0.54803,
    "start_epoch": 1712251151.037738,
    "end_epoch": 1712251432.394984,
    "elapsed_seconds": 281.357246
}