{
    "model": "gpt-4-0125-preview",
    "commit": "178da19b921052c6258e48ce9d225f34bde45d2b",
    "input_cost_per_token": 1e-05,
    "output_cost_per_token": 1e-05,
    "total_input_tokens": 10675,
    "total_output_tokens": 1916,
    "total_tokens": 12591,
    "total_cost": 0.16423,
    "start_epoch": 1712217460.993857,
    "end_epoch": 1712217606.069147,
    "elapsed_seconds": 145.07529
}