{
    "model": "gpt-4-0125-preview",
    "commit": "9ac9e2bf1e3093c236f5126e10324caf7f81e0d1",
    "input_cost_per_token": 1e-05,
    "output_cost_per_token": 1e-05,
    "total_input_tokens": 162550,
    "total_output_tokens": 10603,
    "total_tokens": 173153,
    "total_cost": 1.9435900000000004,
    "start_epoch": 1712231011.73985,
    "end_epoch": 1712231524.366311,
    "elapsed_seconds": 512.626461
}