{
    "model": "gpt-4-0125-preview",
    "commit": "a5f016d6f469626c8a40bfee1e24e4763f26f336",
    "input_cost_per_token": 1e-05,
    "output_cost_per_token": 1e-05,
    "total_input_tokens": 40654,
    "total_output_tokens": 4872,
    "total_tokens": 45526,
    "total_cost": 0.5527,
    "start_epoch": 1712257756.423405,
    "end_epoch": 1712258043.670071,
    "elapsed_seconds": 287.246666
}