{
    "model": "gpt-4-0125-preview",
    "commit": "a5f016d6f469626c8a40bfee1e24e4763f26f336",
    "input_cost_per_token": 1e-05,
    "output_cost_per_token": 1e-05,
    "total_input_tokens": 8780,
    "total_output_tokens": 1264,
    "total_tokens": 10044,
    "total_cost": 0.12572,
    "start_epoch": 1712255714.950604,
    "end_epoch": 1712255867.810738,
    "elapsed_seconds": 152.860134
}