{
    "model": "gpt-4-0125-preview",
    "commit": "a5f016d6f469626c8a40bfee1e24e4763f26f336",
    "input_cost_per_token": 1e-05,
    "output_cost_per_token": 1e-05,
    "total_input_tokens": 17151,
    "total_output_tokens": 2426,
    "total_tokens": 19577,
    "total_cost": 0.24429,
    "start_epoch": 1712257067.752071,
    "end_epoch": 1712257278.129123,
    "elapsed_seconds": 210.377052
}