{
    "model": "gpt-4-0125-preview",
    "commit": "a5f016d6f469626c8a40bfee1e24e4763f26f336",
    "input_cost_per_token": 1e-05,
    "output_cost_per_token": 1e-05,
    "total_input_tokens": 35665,
    "total_output_tokens": 2684,
    "total_tokens": 38349,
    "total_cost": 0.43717000000000006,
    "start_epoch": 1712269132.75084,
    "end_epoch": 1712269316.175591,
    "elapsed_seconds": 183.424751
}