{
    "model": "gpt-4-0125-preview",
    "commit": "178da19b921052c6258e48ce9d225f34bde45d2b",
    "input_cost_per_token": 1e-05,
    "output_cost_per_token": 1e-05,
    "total_input_tokens": 7139,
    "total_output_tokens": 1188,
    "total_tokens": 8327,
    "total_cost": 0.10703000000000001,
    "start_epoch": 1712210338.135571,
    "end_epoch": 1712210460.75993,
    "elapsed_seconds": 122.624359
}