{
    "model": "gpt-4-0125-preview",
    "commit": "178da19b921052c6258e48ce9d225f34bde45d2b",
    "input_cost_per_token": 1e-05,
    "output_cost_per_token": 1e-05,
    "total_input_tokens": 97097,
    "total_output_tokens": 6978,
    "total_tokens": 104075,
    "total_cost": 1.18031,
    "start_epoch": 1712208746.342111,
    "end_epoch": 1712209047.974343,
    "elapsed_seconds": 301.632232
}