{
    "model": "gpt-4-0125-preview",
    "commit": "9ac9e2bf1e3093c236f5126e10324caf7f81e0d1",
    "input_cost_per_token": 1e-05,
    "output_cost_per_token": 1e-05,
    "total_input_tokens": 8032,
    "total_output_tokens": 1144,
    "total_tokens": 9176,
    "total_cost": 0.11464000000000002,
    "start_epoch": 1712228885.262208,
    "end_epoch": 1712229025.189054,
    "elapsed_seconds": 139.926846
}