{
    "model": "gpt-4-0125-preview",
    "commit": "a5f016d6f469626c8a40bfee1e24e4763f26f336",
    "input_cost_per_token": 1e-05,
    "output_cost_per_token": 1e-05,
    "total_input_tokens": 13019,
    "total_output_tokens": 2596,
    "total_tokens": 15615,
    "total_cost": 0.20807000000000003,
    "start_epoch": 1712382503.845835,
    "end_epoch": 1712382674.276228,
    "elapsed_seconds": 170.430393
}