{
    "model": "gpt-4-0125-preview",
    "commit": "a5f016d6f469626c8a40bfee1e24e4763f26f336",
    "input_cost_per_token": 1e-05,
    "output_cost_per_token": 1e-05,
    "total_input_tokens": 19715,
    "total_output_tokens": 2506,
    "total_tokens": 22221,
    "total_cost": 0.27233,
    "start_epoch": 1712255649.38996,
    "end_epoch": 1712255871.159023,
    "elapsed_seconds": 221.769063
}