{
    "model": "gpt-4-0125-preview",
    "commit": "a5f016d6f469626c8a40bfee1e24e4763f26f336",
    "input_cost_per_token": 1e-05,
    "output_cost_per_token": 1e-05,
    "total_input_tokens": 14937,
    "total_output_tokens": 2383,
    "total_tokens": 17320,
    "total_cost": 0.22086000000000003,
    "start_epoch": 1712379373.907985,
    "end_epoch": 1712379461.054859,
    "elapsed_seconds": 87.146874
}