{
    "model": "gpt-4-0125-preview",
    "commit": "a5f016d6f469626c8a40bfee1e24e4763f26f336",
    "input_cost_per_token": 1e-05,
    "output_cost_per_token": 1e-05,
    "total_input_tokens": 81466,
    "total_output_tokens": 5865,
    "total_tokens": 87331,
    "total_cost": 0.99061,
    "start_epoch": 1712258168.174393,
    "end_epoch": 1712258543.260495,
    "elapsed_seconds": 375.086102
}