{
    "model": "gpt-4-0125-preview",
    "commit": "a5f016d6f469626c8a40bfee1e24e4763f26f336",
    "input_cost_per_token": 1e-05,
    "output_cost_per_token": 1e-05,
    "total_input_tokens": 71320,
    "total_output_tokens": 5915,
    "total_tokens": 77235,
    "total_cost": 0.8906499999999999,
    "start_epoch": 1712379672.103883,
    "end_epoch": 1712379952.88216,
    "elapsed_seconds": 280.778277
}