{
    "model": "gpt-4-0125-preview",
    "commit": "a5f016d6f469626c8a40bfee1e24e4763f26f336",
    "input_cost_per_token": 1e-05,
    "output_cost_per_token": 1e-05,
    "total_input_tokens": 31460,
    "total_output_tokens": 3217,
    "total_tokens": 34677,
    "total_cost": 0.4111100000000001,
    "start_epoch": 1712260655.491529,
    "end_epoch": 1712260919.170799,
    "elapsed_seconds": 263.67927
}