{
    "model": "gpt-4-0125-preview",
    "commit": "9ac9e2bf1e3093c236f5126e10324caf7f81e0d1",
    "input_cost_per_token": 1e-05,
    "output_cost_per_token": 1e-05,
    "total_input_tokens": 19240,
    "total_output_tokens": 1931,
    "total_tokens": 21171,
    "total_cost": 0.25033,
    "start_epoch": 1712231702.759767,
    "end_epoch": 1712231900.414522,
    "elapsed_seconds": 197.654755
}