{
    "model": "gpt-4-0125-preview",
    "commit": "a5f016d6f469626c8a40bfee1e24e4763f26f336",
    "input_cost_per_token": 1e-05,
    "output_cost_per_token": 1e-05,
    "total_input_tokens": 57260,
    "total_output_tokens": 5542,
    "total_tokens": 62802,
    "total_cost": 0.7388600000000001,
    "start_epoch": 1712256876.126091,
    "end_epoch": 1712257222.694113,
    "elapsed_seconds": 346.568022
}