{
    "model": "gpt-4-0125-preview",
    "commit": "9ac9e2bf1e3093c236f5126e10324caf7f81e0d1",
    "input_cost_per_token": 1e-05,
    "output_cost_per_token": 1e-05,
    "total_input_tokens": 19624,
    "total_output_tokens": 2524,
    "total_tokens": 22148,
    "total_cost": 0.27196000000000004,
    "start_epoch": 1712233485.859051,
    "end_epoch": 1712233711.67955,
    "elapsed_seconds": 225.820499
}