{
    "model": "gpt-4-0125-preview",
    "commit": "9ac9e2bf1e3093c236f5126e10324caf7f81e0d1",
    "input_cost_per_token": 1e-05,
    "output_cost_per_token": 1e-05,
    "total_input_tokens": 10153,
    "total_output_tokens": 1477,
    "total_tokens": 11630,
    "total_cost": 0.14584,
    "start_epoch": 1712238299.754428,
    "end_epoch": 1712238492.432937,
    "elapsed_seconds": 192.678509
}