{
    "model": "gpt-4-0125-preview",
    "commit": "178da19b921052c6258e48ce9d225f34bde45d2b",
    "input_cost_per_token": 1e-05,
    "output_cost_per_token": 1e-05,
    "total_input_tokens": 43896,
    "total_output_tokens": 4537,
    "total_tokens": 48433,
    "total_cost": 0.57507,
    "start_epoch": 1712215470.321175,
    "end_epoch": 1712215722.946236,
    "elapsed_seconds": 252.625061
}