{
    "model": "gpt-4-0125-preview",
    "commit": "a5f016d6f469626c8a40bfee1e24e4763f26f336",
    "input_cost_per_token": 1e-05,
    "output_cost_per_token": 1e-05,
    "total_input_tokens": 77896,
    "total_output_tokens": 4466,
    "total_tokens": 82362,
    "total_cost": 0.9129400000000001,
    "start_epoch": 1712255269.210945,
    "end_epoch": 1712255609.006489,
    "elapsed_seconds": 339.795544
}