{
    "model": "gpt-4-0125-preview",
    "commit": "a5f016d6f469626c8a40bfee1e24e4763f26f336",
    "input_cost_per_token": 1e-05,
    "output_cost_per_token": 1e-05,
    "total_input_tokens": 8077,
    "total_output_tokens": 1231,
    "total_tokens": 9308,
    "total_cost": 0.1177,
    "start_epoch": 1712381035.752236,
    "end_epoch": 1712381187.951739,
    "elapsed_seconds": 152.199503
}