{
    "model": "gpt-4-0125-preview",
    "commit": "a5f016d6f469626c8a40bfee1e24e4763f26f336",
    "input_cost_per_token": 1e-05,
    "output_cost_per_token": 1e-05,
    "total_input_tokens": 40058,
    "total_output_tokens": 3354,
    "total_tokens": 43412,
    "total_cost": 0.5012000000000001,
    "start_epoch": 1712256147.656942,
    "end_epoch": 1712256362.971405,
    "elapsed_seconds": 215.314463
}