{
    "model": "gpt-4-0125-preview",
    "commit": "178da19b921052c6258e48ce9d225f34bde45d2b",
    "input_cost_per_token": 1e-05,
    "output_cost_per_token": 1e-05,
    "total_input_tokens": 8340,
    "total_output_tokens": 1977,
    "total_tokens": 10317,
    "total_cost": 0.14271,
    "start_epoch": 1712212891.344606,
    "end_epoch": 1712212996.274552,
    "elapsed_seconds": 104.929946
}