{
    "model": "gpt-4-0125-preview",
    "commit": "a5f016d6f469626c8a40bfee1e24e4763f26f336",
    "input_cost_per_token": 1e-05,
    "output_cost_per_token": 1e-05,
    "total_input_tokens": 33477,
    "total_output_tokens": 2387,
    "total_tokens": 35864,
    "total_cost": 0.4063800000000001,
    "start_epoch": 1712261714.981623,
    "end_epoch": 1712261924.594119,
    "elapsed_seconds": 209.612496
}