{
    "model": "gpt-4-0125-preview",
    "commit": "a5f016d6f469626c8a40bfee1e24e4763f26f336",
    "input_cost_per_token": 1e-05,
    "output_cost_per_token": 1e-05,
    "total_input_tokens": 26534,
    "total_output_tokens": 2337,
    "total_tokens": 28871,
    "total_cost": 0.33545,
    "start_epoch": 1712266781.432463,
    "end_epoch": 1712266909.442103,
    "elapsed_seconds": 128.00964
}