{
    "model": "gpt-4-0125-preview",
    "commit": "a5f016d6f469626c8a40bfee1e24e4763f26f336",
    "input_cost_per_token": 1e-05,
    "output_cost_per_token": 1e-05,
    "total_input_tokens": 15721,
    "total_output_tokens": 1959,
    "total_tokens": 17680,
    "total_cost": 0.21598000000000003,
    "start_epoch": 1712380520.835105,
    "end_epoch": 1712380592.424393,
    "elapsed_seconds": 71.589288
}