{
    "model": "gpt-4-0125-preview",
    "commit": "a5f016d6f469626c8a40bfee1e24e4763f26f336",
    "input_cost_per_token": 1e-05,
    "output_cost_per_token": 1e-05,
    "total_input_tokens": 9774,
    "total_output_tokens": 1181,
    "total_tokens": 10955,
    "total_cost": 0.13317,
    "start_epoch": 1712382791.291428,
    "end_epoch": 1712382828.457482,
    "elapsed_seconds": 37.166054
}