{
    "model": "gpt-4-0125-preview",
    "commit": "178da19b921052c6258e48ce9d225f34bde45d2b",
    "input_cost_per_token": 1e-05,
    "output_cost_per_token": 1e-05,
    "total_input_tokens": 56377,
    "total_output_tokens": 3309,
    "total_tokens": 59686,
    "total_cost": 0.6630400000000001,
    "start_epoch": 1712208577.038629,
    "end_epoch": 1712208750.010463,
    "elapsed_seconds": 172.971834
}