{
    "model": "gpt-4-0125-preview",
    "commit": "a5f016d6f469626c8a40bfee1e24e4763f26f336",
    "input_cost_per_token": 1e-05,
    "output_cost_per_token": 1e-05,
    "total_input_tokens": 30420,
    "total_output_tokens": 3534,
    "total_tokens": 33954,
    "total_cost": 0.41022000000000003,
    "start_epoch": 1712267570.751382,
    "end_epoch": 1712267740.902672,
    "elapsed_seconds": 170.15129
}