{
    "model": "gpt-4-0125-preview",
    "commit": "178da19b921052c6258e48ce9d225f34bde45d2b",
    "input_cost_per_token": 1e-05,
    "output_cost_per_token": 1e-05,
    "total_input_tokens": 10678,
    "total_output_tokens": 1667,
    "total_tokens": 12345,
    "total_cost": 0.15679,
    "start_epoch": 1712212292.31963,
    "end_epoch": 1712212411.970835,
    "elapsed_seconds": 119.651205
}