{
    "model": "gpt-4-0125-preview",
    "commit": "178da19b921052c6258e48ce9d225f34bde45d2b",
    "input_cost_per_token": 1e-05,
    "output_cost_per_token": 1e-05,
    "total_input_tokens": 9590,
    "total_output_tokens": 1057,
    "total_tokens": 10647,
    "total_cost": 0.12761,
    "start_epoch": 1712212050.736582,
    "end_epoch": 1712212146.6253,
    "elapsed_seconds": 95.888718
}