{
    "model": "gpt-4-0125-preview",
    "commit": "9ac9e2bf1e3093c236f5126e10324caf7f81e0d1",
    "input_cost_per_token": 1e-05,
    "output_cost_per_token": 1e-05,
    "total_input_tokens": 51996,
    "total_output_tokens": 3840,
    "total_tokens": 55836,
    "total_cost": 0.6351600000000002,
    "start_epoch": 1712237439.87818,
    "end_epoch": 1712237739.238543,
    "elapsed_seconds": 299.360363
}