{
    "model": "gpt-4-0125-preview",
    "commit": "a5f016d6f469626c8a40bfee1e24e4763f26f336",
    "input_cost_per_token": 1e-05,
    "output_cost_per_token": 1e-05,
    "total_input_tokens": 18209,
    "total_output_tokens": 1574,
    "total_tokens": 19783,
    "total_cost": 0.22931,
    "start_epoch": 1712380757.849983,
    "end_epoch": 1712380818.698695,
    "elapsed_seconds": 60.848712
}