{
    "model": "gpt-4-0125-preview",
    "commit": "178da19b921052c6258e48ce9d225f34bde45d2b",
    "input_cost_per_token": 1e-05,
    "output_cost_per_token": 1e-05,
    "total_input_tokens": 4836,
    "total_output_tokens": 423,
    "total_tokens": 5259,
    "total_cost": 0.06105000000000001,
    "start_epoch": 1712217992.879306,
    "end_epoch": 1712218084.5913,
    "elapsed_seconds": 91.711994
}