{
    "model": "gpt-4-0125-preview",
    "commit": "a5f016d6f469626c8a40bfee1e24e4763f26f336",
    "input_cost_per_token": 1e-05,
    "output_cost_per_token": 1e-05,
    "total_input_tokens": 91955,
    "total_output_tokens": 3812,
    "total_tokens": 95767,
    "total_cost": 1.03391,
    "start_epoch": 1712265562.437103,
    "end_epoch": 1712265799.085289,
    "elapsed_seconds": 236.648186
}