{
    "model": "gpt-4-0125-preview",
    "commit": "a5f016d6f469626c8a40bfee1e24e4763f26f336",
    "input_cost_per_token": 1e-05,
    "output_cost_per_token": 1e-05,
    "total_input_tokens": 14617,
    "total_output_tokens": 1756,
    "total_tokens": 16373,
    "total_cost": 0.19885000000000003,
    "start_epoch": 1712383046.929486,
    "end_epoch": 1712383101.233696,
    "elapsed_seconds": 54.30421
}