{
    "model": "gpt-4-0125-preview",
    "commit": "a5f016d6f469626c8a40bfee1e24e4763f26f336",
    "input_cost_per_token": 1e-05,
    "output_cost_per_token": 1e-05,
    "total_input_tokens": 38126,
    "total_output_tokens": 3255,
    "total_tokens": 41381,
    "total_cost": 0.47891000000000006,
    "start_epoch": 1712259912.913327,
    "end_epoch": 1712260141.068678,
    "elapsed_seconds": 228.155351
}