{
    "model": "gpt-4-0125-preview",
    "commit": "a5f016d6f469626c8a40bfee1e24e4763f26f336",
    "input_cost_per_token": 1e-05,
    "output_cost_per_token": 1e-05,
    "total_input_tokens": 15325,
    "total_output_tokens": 2009,
    "total_tokens": 17334,
    "total_cost": 0.21352,
    "start_epoch": 1712257032.293393,
    "end_epoch": 1712257222.427412,
    "elapsed_seconds": 190.134019
}