{
    "model": "gpt-4-0125-preview",
    "commit": "178da19b921052c6258e48ce9d225f34bde45d2b",
    "input_cost_per_token": 1e-05,
    "output_cost_per_token": 1e-05,
    "total_input_tokens": 7668,
    "total_output_tokens": 1266,
    "total_tokens": 8934,
    "total_cost": 0.11466000000000001,
    "start_epoch": 1712217606.131295,
    "end_epoch": 1712217728.791964,
    "elapsed_seconds": 122.660669
}