{
    "model": "gpt-4-0125-preview",
    "commit": "178da19b921052c6258e48ce9d225f34bde45d2b",
    "input_cost_per_token": 1e-05,
    "output_cost_per_token": 1e-05,
    "total_input_tokens": 30060,
    "total_output_tokens": 2970,
    "total_tokens": 33030,
    "total_cost": 0.38970000000000005,
    "start_epoch": 1712209802.819522,
    "end_epoch": 1712209932.26152,
    "elapsed_seconds": 129.441998
}