{
    "model": "gpt-4-0125-preview",
    "commit": "178da19b921052c6258e48ce9d225f34bde45d2b",
    "input_cost_per_token": 1e-05,
    "output_cost_per_token": 1e-05,
    "total_input_tokens": 10924,
    "total_output_tokens": 1626,
    "total_tokens": 12550,
    "total_cost": 0.15802000000000002,
    "start_epoch": 1712212170.314587,
    "end_epoch": 1712212292.259522,
    "elapsed_seconds": 121.944935
}