{
    "model": "gpt-4-0125-preview",
    "commit": "178da19b921052c6258e48ce9d225f34bde45d2b",
    "input_cost_per_token": 1e-05,
    "output_cost_per_token": 1e-05,
    "total_input_tokens": 40305,
    "total_output_tokens": 3003,
    "total_tokens": 43308,
    "total_cost": 0.49314,
    "start_epoch": 1712209641.649672,
    "end_epoch": 1712209784.752473,
    "elapsed_seconds": 143.102801
}