{
    "model": "gpt-4-0125-preview",
    "commit": "a5f016d6f469626c8a40bfee1e24e4763f26f336",
    "input_cost_per_token": 1e-05,
    "output_cost_per_token": 1e-05,
    "total_input_tokens": 17742,
    "total_output_tokens": 1499,
    "total_tokens": 19241,
    "total_cost": 0.22239,
    "start_epoch": 1712260289.681951,
    "end_epoch": 1712260460.260042,
    "elapsed_seconds": 170.578091
}