{
    "model": "gpt-4-0125-preview",
    "commit": "a5f016d6f469626c8a40bfee1e24e4763f26f336",
    "input_cost_per_token": 1e-05,
    "output_cost_per_token": 1e-05,
    "total_input_tokens": 14169,
    "total_output_tokens": 2693,
    "total_tokens": 16862,
    "total_cost": 0.22248000000000004,
    "start_epoch": 1712379083.32223,
    "end_epoch": 1712379256.307137,
    "elapsed_seconds": 172.984907
}