{
    "model": "gpt-4-0125-preview",
    "commit": "a5f016d6f469626c8a40bfee1e24e4763f26f336",
    "input_cost_per_token": 1e-05,
    "output_cost_per_token": 1e-05,
    "total_input_tokens": 13568,
    "total_output_tokens": 2007,
    "total_tokens": 15575,
    "total_cost": 0.19589,
    "start_epoch": 1712267485.268563,
    "end_epoch": 1712267630.396806,
    "elapsed_seconds": 145.128243
}