{
    "model": "gpt-4-0125-preview",
    "commit": "a5f016d6f469626c8a40bfee1e24e4763f26f336",
    "input_cost_per_token": 1e-05,
    "output_cost_per_token": 1e-05,
    "total_input_tokens": 60423,
    "total_output_tokens": 6130,
    "total_tokens": 66553,
    "total_cost": 0.78813,
    "start_epoch": 1712252566.813557,
    "end_epoch": 1712252975.486447,
    "elapsed_seconds": 408.67289
}