{
    "model": "gpt-4-0125-preview",
    "commit": "a5f016d6f469626c8a40bfee1e24e4763f26f336",
    "input_cost_per_token": 1e-05,
    "output_cost_per_token": 1e-05,
    "total_input_tokens": 24247,
    "total_output_tokens": 2673,
    "total_tokens": 26920,
    "total_cost": 0.32265999999999995,
    "start_epoch": 1712378591.775381,
    "end_epoch": 1712378767.788573,
    "elapsed_seconds": 176.013192
}