{
    "model": "gpt-4-0125-preview",
    "commit": "9ac9e2bf1e3093c236f5126e10324caf7f81e0d1",
    "input_cost_per_token": 1e-05,
    "output_cost_per_token": 1e-05,
    "total_input_tokens": 7397,
    "total_output_tokens": 1707,
    "total_tokens": 9104,
    "total_cost": 0.12518,
    "start_epoch": 1712228697.602776,
    "end_epoch": 1712228794.448548,
    "elapsed_seconds": 96.845772
}