{
    "model": "gpt-4-0125-preview",
    "commit": "178da19b921052c6258e48ce9d225f34bde45d2b",
    "input_cost_per_token": 1e-05,
    "output_cost_per_token": 1e-05,
    "total_input_tokens": 14919,
    "total_output_tokens": 2321,
    "total_tokens": 17240,
    "total_cost": 0.21882000000000001,
    "start_epoch": 1712208376.196297,
    "end_epoch": 1712208504.095053,
    "elapsed_seconds": 127.898756
}