{
    "model": "gpt-4-0125-preview",
    "commit": "a5f016d6f469626c8a40bfee1e24e4763f26f336",
    "input_cost_per_token": 1e-05,
    "output_cost_per_token": 1e-05,
    "total_input_tokens": 109425,
    "total_output_tokens": 8293,
    "total_tokens": 117718,
    "total_cost": 1.3430400000000002,
    "start_epoch": 1712382450.525951,
    "end_epoch": 1712382844.274651,
    "elapsed_seconds": 393.7487
}