{
    "model": "gpt-4-0125-preview",
    "commit": "a5f016d6f469626c8a40bfee1e24e4763f26f336",
    "input_cost_per_token": 1e-05,
    "output_cost_per_token": 1e-05,
    "total_input_tokens": 6137,
    "total_output_tokens": 575,
    "total_tokens": 6712,
    "total_cost": 0.07862,
    "start_epoch": 1712268570.460331,
    "end_epoch": 1712268691.431924,
    "elapsed_seconds": 120.971593
}