{
    "model": "gpt-4-0125-preview",
    "commit": "a5f016d6f469626c8a40bfee1e24e4763f26f336",
    "input_cost_per_token": 1e-05,
    "output_cost_per_token": 1e-05,
    "total_input_tokens": 49535,
    "total_output_tokens": 2275,
    "total_tokens": 51810,
    "total_cost": 0.5636000000000001,
    "start_epoch": 1712252921.066696,
    "end_epoch": 1712253156.066655,
    "elapsed_seconds": 234.999959
}