{
    "model": "gpt-4-0125-preview",
    "commit": "a5f016d6f469626c8a40bfee1e24e4763f26f336",
    "input_cost_per_token": 1e-05,
    "output_cost_per_token": 1e-05,
    "total_input_tokens": 105258,
    "total_output_tokens": 8844,
    "total_tokens": 114102,
    "total_cost": 1.3179000000000003,
    "start_epoch": 1712266497.164406,
    "end_epoch": 1712266887.982813,
    "elapsed_seconds": 390.818407
}