{
    "model": "gpt-4-0125-preview",
    "commit": "9ac9e2bf1e3093c236f5126e10324caf7f81e0d1",
    "input_cost_per_token": 1e-05,
    "output_cost_per_token": 1e-05,
    "total_input_tokens": 23319,
    "total_output_tokens": 1998,
    "total_tokens": 25317,
    "total_cost": 0.29313,
    "start_epoch": 1712227736.69522,
    "end_epoch": 1712227900.018756,
    "elapsed_seconds": 163.323536
}