{
    "model": "gpt-4-0125-preview",
    "commit": "178da19b921052c6258e48ce9d225f34bde45d2b",
    "input_cost_per_token": 1e-05,
    "output_cost_per_token": 1e-05,
    "total_input_tokens": 8627,
    "total_output_tokens": 676,
    "total_tokens": 9303,
    "total_cost": 0.10655,
    "start_epoch": 1712209559.475357,
    "end_epoch": 1712209604.464765,
    "elapsed_seconds": 44.989408
}