{
    "model": "gpt-4-0125-preview",
    "commit": "a5f016d6f469626c8a40bfee1e24e4763f26f336",
    "input_cost_per_token": 1e-05,
    "output_cost_per_token": 1e-05,
    "total_input_tokens": 20369,
    "total_output_tokens": 2838,
    "total_tokens": 23207,
    "total_cost": 0.28883000000000003,
    "start_epoch": 1712256640.460663,
    "end_epoch": 1712256866.758513,
    "elapsed_seconds": 226.29785
}