{
    "model": "gpt-4-0125-preview",
    "commit": "a5f016d6f469626c8a40bfee1e24e4763f26f336",
    "input_cost_per_token": 1e-05,
    "output_cost_per_token": 1e-05,
    "total_input_tokens": 74472,
    "total_output_tokens": 5745,
    "total_tokens": 80217,
    "total_cost": 0.9170700000000002,
    "start_epoch": 1712268494.128753,
    "end_epoch": 1712268765.459971,
    "elapsed_seconds": 271.331218
}