{
    "model": "gpt-4-0125-preview",
    "commit": "178da19b921052c6258e48ce9d225f34bde45d2b",
    "input_cost_per_token": 1e-05,
    "output_cost_per_token": 1e-05,
    "total_input_tokens": 8795,
    "total_output_tokens": 1663,
    "total_tokens": 10458,
    "total_cost": 0.13784000000000002,
    "start_epoch": 1712209399.45341,
    "end_epoch": 1712209543.352236,
    "elapsed_seconds": 143.898826
}