{
    "model": "gpt-4-0125-preview",
    "commit": "a5f016d6f469626c8a40bfee1e24e4763f26f336",
    "input_cost_per_token": 1e-05,
    "output_cost_per_token": 1e-05,
    "total_input_tokens": 24550,
    "total_output_tokens": 3269,
    "total_tokens": 27819,
    "total_cost": 0.34357000000000004,
    "start_epoch": 1712383253.115399,
    "end_epoch": 1712383392.111476,
    "elapsed_seconds": 138.996077
}