{
    "model": "gpt-4-0125-preview",
    "commit": "9ac9e2bf1e3093c236f5126e10324caf7f81e0d1",
    "input_cost_per_token": 1e-05,
    "output_cost_per_token": 1e-05,
    "total_input_tokens": 5886,
    "total_output_tokens": 760,
    "total_tokens": 6646,
    "total_cost": 0.08166000000000001,
    "start_epoch": 1712234521.924103,
    "end_epoch": 1712234683.291641,
    "elapsed_seconds": 161.367538
}