{
    "model": "gpt-4-0125-preview",
    "commit": "a5f016d6f469626c8a40bfee1e24e4763f26f336",
    "input_cost_per_token": 1e-05,
    "output_cost_per_token": 1e-05,
    "total_input_tokens": 18507,
    "total_output_tokens": 3102,
    "total_tokens": 21609,
    "total_cost": 0.27813,
    "start_epoch": 1712380019.868469,
    "end_epoch": 1712380231.860471,
    "elapsed_seconds": 211.992002
}