{
    "model": "gpt-4-0125-preview",
    "commit": "a5f016d6f469626c8a40bfee1e24e4763f26f336",
    "input_cost_per_token": 1e-05,
    "output_cost_per_token": 1e-05,
    "total_input_tokens": 9151,
    "total_output_tokens": 2131,
    "total_tokens": 11282,
    "total_cost": 0.15544000000000002,
    "start_epoch": 1712380454.760923,
    "end_epoch": 1712380638.415732,
    "elapsed_seconds": 183.654809
}