{
    "model": "gpt-4-0125-preview",
    "commit": "9ac9e2bf1e3093c236f5126e10324caf7f81e0d1",
    "input_cost_per_token": 1e-05,
    "output_cost_per_token": 1e-05,
    "total_input_tokens": 17800,
    "total_output_tokens": 1743,
    "total_tokens": 19543,
    "total_cost": 0.23029000000000002,
    "start_epoch": 1712231360.308028,
    "end_epoch": 1712231439.306268,
    "elapsed_seconds": 78.99824
}