{
    "model": "gpt-4-0125-preview",
    "commit": "9ac9e2bf1e3093c236f5126e10324caf7f81e0d1",
    "input_cost_per_token": 1e-05,
    "output_cost_per_token": 1e-05,
    "total_input_tokens": 7674,
    "total_output_tokens": 1187,
    "total_tokens": 8861,
    "total_cost": 0.11235,
    "start_epoch": 1712236581.029584,
    "end_epoch": 1712236744.153621,
    "elapsed_seconds": 163.124037
}