{
    "model": "gpt-4-0125-preview",
    "commit": "9ac9e2bf1e3093c236f5126e10324caf7f81e0d1",
    "input_cost_per_token": 1e-05,
    "output_cost_per_token": 1e-05,
    "total_input_tokens": 20072,
    "total_output_tokens": 3020,
    "total_tokens": 23092,
    "total_cost": 0.29131999999999997,
    "start_epoch": 1712227727.845905,
    "end_epoch": 1712227947.334743,
    "elapsed_seconds": 219.488838
}