{
    "model": "gpt-4-0125-preview",
    "commit": "a5f016d6f469626c8a40bfee1e24e4763f26f336",
    "input_cost_per_token": 1e-05,
    "output_cost_per_token": 1e-05,
    "total_input_tokens": 19232,
    "total_output_tokens": 2012,
    "total_tokens": 21244,
    "total_cost": 0.25268,
    "start_epoch": 1712255183.113516,
    "end_epoch": 1712255372.059145,
    "elapsed_seconds": 188.945629
}