{
    "model": "gpt-4-0125-preview",
    "commit": "9ac9e2bf1e3093c236f5126e10324caf7f81e0d1",
    "input_cost_per_token": 1e-05,
    "output_cost_per_token": 1e-05,
    "total_input_tokens": 65706,
    "total_output_tokens": 3573,
    "total_tokens": 69279,
    "total_cost": 0.76425,
    "start_epoch": 1712228361.888606,
    "end_epoch": 1712228521.331664,
    "elapsed_seconds": 159.443058
}