{
    "model": "gpt-4-0125-preview",
    "commit": "9ac9e2bf1e3093c236f5126e10324caf7f81e0d1",
    "input_cost_per_token": 1e-05,
    "output_cost_per_token": 1e-05,
    "total_input_tokens": 6249,
    "total_output_tokens": 1171,
    "total_tokens": 7420,
    "total_cost": 0.09762000000000001,
    "start_epoch": 1712228788.459537,
    "end_epoch": 1712228847.267476,
    "elapsed_seconds": 58.807939
}