{
    "model": "gpt-4-0125-preview",
    "commit": "178da19b921052c6258e48ce9d225f34bde45d2b",
    "input_cost_per_token": 1e-05,
    "output_cost_per_token": 1e-05,
    "total_input_tokens": 53740,
    "total_output_tokens": 4560,
    "total_tokens": 58300,
    "total_cost": 0.6742,
    "start_epoch": 1712209597.207211,
    "end_epoch": 1712209808.415351,
    "elapsed_seconds": 211.20814
}