{
    "model": "gpt-4-0125-preview",
    "commit": "a5f016d6f469626c8a40bfee1e24e4763f26f336",
    "input_cost_per_token": 1e-05,
    "output_cost_per_token": 1e-05,
    "total_input_tokens": 11829,
    "total_output_tokens": 2053,
    "total_tokens": 13882,
    "total_cost": 0.17988,
    "start_epoch": 1712378448.739067,
    "end_epoch": 1712378536.983986,
    "elapsed_seconds": 88.244919
}