{
    "model": "gpt-4-0125-preview",
    "commit": "a5f016d6f469626c8a40bfee1e24e4763f26f336",
    "input_cost_per_token": 1e-05,
    "output_cost_per_token": 1e-05,
    "total_input_tokens": 120566,
    "total_output_tokens": 4281,
    "total_tokens": 124847,
    "total_cost": 1.3340900000000002,
    "start_epoch": 1712380243.798387,
    "end_epoch": 1712380520.708168,
    "elapsed_seconds": 276.909781
}