{
    "model": "gpt-4-0125-preview",
    "commit": "9ac9e2bf1e3093c236f5126e10324caf7f81e0d1",
    "input_cost_per_token": 1e-05,
    "output_cost_per_token": 1e-05,
    "total_input_tokens": 16167,
    "total_output_tokens": 2735,
    "total_tokens": 18902,
    "total_cost": 0.24372000000000002,
    "start_epoch": 1712230862.372838,
    "end_epoch": 1712231003.821926,
    "elapsed_seconds": 141.449088
}