{
    "model": "gpt-4-0125-preview",
    "commit": "178da19b921052c6258e48ce9d225f34bde45d2b",
    "input_cost_per_token": 1e-05,
    "output_cost_per_token": 1e-05,
    "total_input_tokens": 39818,
    "total_output_tokens": 3529,
    "total_tokens": 43347,
    "total_cost": 0.50405,
    "start_epoch": 1712213237.809757,
    "end_epoch": 1712213389.284399,
    "elapsed_seconds": 151.474642
}