{
    "model": "gpt-4-0125-preview",
    "commit": "a5f016d6f469626c8a40bfee1e24e4763f26f336",
    "input_cost_per_token": 1e-05,
    "output_cost_per_token": 1e-05,
    "total_input_tokens": 14288,
    "total_output_tokens": 1322,
    "total_tokens": 15610,
    "total_cost": 0.18254000000000004,
    "start_epoch": 1712381603.112574,
    "end_epoch": 1712381652.327917,
    "elapsed_seconds": 49.215343
}