{
    "model": "gpt-4-0125-preview",
    "commit": "178da19b921052c6258e48ce9d225f34bde45d2b",
    "input_cost_per_token": 1e-05,
    "output_cost_per_token": 1e-05,
    "total_input_tokens": 11127,
    "total_output_tokens": 1591,
    "total_tokens": 12718,
    "total_cost": 0.15900000000000003,
    "start_epoch": 1712209228.981834,
    "end_epoch": 1712209304.681953,
    "elapsed_seconds": 75.700119
}