{
    "model": "gpt-4-0125-preview",
    "commit": "178da19b921052c6258e48ce9d225f34bde45d2b",
    "input_cost_per_token": 1e-05,
    "output_cost_per_token": 1e-05,
    "total_input_tokens": 86016,
    "total_output_tokens": 8942,
    "total_tokens": 94958,
    "total_cost": 1.12842,
    "start_epoch": 1712212508.090175,
    "end_epoch": 1712212891.313844,
    "elapsed_seconds": 383.223669
}