{
    "model": "gpt-4-0125-preview",
    "commit": "a5f016d6f469626c8a40bfee1e24e4763f26f336",
    "input_cost_per_token": 1e-05,
    "output_cost_per_token": 1e-05,
    "total_input_tokens": 109449,
    "total_output_tokens": 8989,
    "total_tokens": 118438,
    "total_cost": 1.36416,
    "start_epoch": 1712379657.39067,
    "end_epoch": 1712380098.614212,
    "elapsed_seconds": 441.223542
}