{
    "model": "gpt-4-0125-preview",
    "commit": "9ac9e2bf1e3093c236f5126e10324caf7f81e0d1",
    "input_cost_per_token": 1e-05,
    "output_cost_per_token": 1e-05,
    "total_input_tokens": 17062,
    "total_output_tokens": 569,
    "total_tokens": 17631,
    "total_cost": 0.18769000000000002,
    "start_epoch": 1712226012.540138,
    "end_epoch": 1712226089.931057,
    "elapsed_seconds": 77.390919
}