{
    "model": "gpt-4-0125-preview",
    "commit": "a5f016d6f469626c8a40bfee1e24e4763f26f336",
    "input_cost_per_token": 1e-05,
    "output_cost_per_token": 1e-05,
    "total_input_tokens": 15064,
    "total_output_tokens": 2126,
    "total_tokens": 17190,
    "total_cost": 0.21442,
    "start_epoch": 1712381488.124153,
    "end_epoch": 1712381605.241737,
    "elapsed_seconds": 117.117584
}