{
    "model": "gpt-4-0125-preview",
    "commit": "a5f016d6f469626c8a40bfee1e24e4763f26f336",
    "input_cost_per_token": 1e-05,
    "output_cost_per_token": 1e-05,
    "total_input_tokens": 33611,
    "total_output_tokens": 4196,
    "total_tokens": 37807,
    "total_cost": 0.46199,
    "start_epoch": 1712264329.184322,
    "end_epoch": 1712264584.056047,
    "elapsed_seconds": 254.871725
}