{
    "model": "gpt-4-0125-preview",
    "commit": "a5f016d6f469626c8a40bfee1e24e4763f26f336",
    "input_cost_per_token": 1e-05,
    "output_cost_per_token": 1e-05,
    "total_input_tokens": 33614,
    "total_output_tokens": 2633,
    "total_tokens": 36247,
    "total_cost": 0.41513,
    "start_epoch": 1712262503.76162,
    "end_epoch": 1712262783.071928,
    "elapsed_seconds": 279.310308
}