{
    "model": "gpt-4-0125-preview",
    "commit": "a5f016d6f469626c8a40bfee1e24e4763f26f336",
    "input_cost_per_token": 1e-05,
    "output_cost_per_token": 1e-05,
    "total_input_tokens": 17119,
    "total_output_tokens": 2557,
    "total_tokens": 19676,
    "total_cost": 0.24790000000000004,
    "start_epoch": 1712266885.666941,
    "end_epoch": 1712267034.199112,
    "elapsed_seconds": 148.532171
}