{
    "model": "gpt-4-0125-preview",
    "commit": "178da19b921052c6258e48ce9d225f34bde45d2b",
    "input_cost_per_token": 1e-05,
    "output_cost_per_token": 1e-05,
    "total_input_tokens": 17734,
    "total_output_tokens": 1864,
    "total_tokens": 19598,
    "total_cost": 0.23326000000000002,
    "start_epoch": 1712213072.352883,
    "end_epoch": 1712213159.673726,
    "elapsed_seconds": 87.320843
}