{
    "model": "gpt-4-0125-preview",
    "commit": "9ac9e2bf1e3093c236f5126e10324caf7f81e0d1",
    "input_cost_per_token": 1e-05,
    "output_cost_per_token": 1e-05,
    "total_input_tokens": 14387,
    "total_output_tokens": 1487,
    "total_tokens": 15874,
    "total_cost": 0.18847999999999998,
    "start_epoch": 1712229902.245179,
    "end_epoch": 1712229974.728968,
    "elapsed_seconds": 72.483789
}