{
    "model": "gpt-4-0125-preview",
    "commit": "178da19b921052c6258e48ce9d225f34bde45d2b",
    "input_cost_per_token": 1e-05,
    "output_cost_per_token": 1e-05,
    "total_input_tokens": 14523,
    "total_output_tokens": 1349,
    "total_tokens": 15872,
    "total_cost": 0.18570000000000003,
    "start_epoch": 1712211935.655365,
    "end_epoch": 1712211990.609368,
    "elapsed_seconds": 54.954003
}