{
    "model": "gpt-4-0125-preview",
    "commit": "9ac9e2bf1e3093c236f5126e10324caf7f81e0d1",
    "input_cost_per_token": 1e-05,
    "output_cost_per_token": 1e-05,
    "total_input_tokens": 10257,
    "total_output_tokens": 1022,
    "total_tokens": 11279,
    "total_cost": 0.13323000000000002,
    "start_epoch": 1712229065.504311,
    "end_epoch": 1712229232.940473,
    "elapsed_seconds": 167.436162
}