{
    "model": "gpt-4-0125-preview",
    "commit": "9ac9e2bf1e3093c236f5126e10324caf7f81e0d1",
    "input_cost_per_token": 1e-05,
    "output_cost_per_token": 1e-05,
    "total_input_tokens": 19304,
    "total_output_tokens": 2339,
    "total_tokens": 21643,
    "total_cost": 0.26321000000000006,
    "start_epoch": 1712226090.047961,
    "end_epoch": 1712226245.812662,
    "elapsed_seconds": 155.764701
}