{
    "model": "gpt-4-0125-preview",
    "commit": "a5f016d6f469626c8a40bfee1e24e4763f26f336",
    "input_cost_per_token": 1e-05,
    "output_cost_per_token": 1e-05,
    "total_input_tokens": 10165,
    "total_output_tokens": 1160,
    "total_tokens": 11325,
    "total_cost": 0.13645000000000002,
    "start_epoch": 1712267842.155161,
    "end_epoch": 1712268026.500909,
    "elapsed_seconds": 184.345748
}