{
    "model": "gpt-4-0125-preview",
    "commit": "178da19b921052c6258e48ce9d225f34bde45d2b",
    "input_cost_per_token": 1e-05,
    "output_cost_per_token": 1e-05,
    "total_input_tokens": 13292,
    "total_output_tokens": 1122,
    "total_tokens": 14414,
    "total_cost": 0.16658,
    "start_epoch": 1712209255.385183,
    "end_epoch": 1712209346.15208,
    "elapsed_seconds": 90.766897
}