{
    "model": "gpt-4-0125-preview",
    "commit": "178da19b921052c6258e48ce9d225f34bde45d2b",
    "input_cost_per_token": 1e-05,
    "output_cost_per_token": 1e-05,
    "total_input_tokens": 24577,
    "total_output_tokens": 4098,
    "total_tokens": 28675,
    "total_cost": 0.36871000000000004,
    "start_epoch": 1712211796.571174,
    "end_epoch": 1712211950.271951,
    "elapsed_seconds": 153.700777
}