{
    "model": "gpt-4-0125-preview",
    "commit": "a5f016d6f469626c8a40bfee1e24e4763f26f336",
    "input_cost_per_token": 1e-05,
    "output_cost_per_token": 1e-05,
    "total_input_tokens": 14512,
    "total_output_tokens": 1499,
    "total_tokens": 16011,
    "total_cost": 0.19008999999999998,
    "start_epoch": 1712380509.738564,
    "end_epoch": 1712380563.781954,
    "elapsed_seconds": 54.04339
}