{
    "model": "gpt-4-0125-preview",
    "commit": "a5f016d6f469626c8a40bfee1e24e4763f26f336",
    "input_cost_per_token": 1e-05,
    "output_cost_per_token": 1e-05,
    "total_input_tokens": 65177,
    "total_output_tokens": 4278,
    "total_tokens": 69455,
    "total_cost": 0.7801100000000001,
    "start_epoch": 1712268086.551225,
    "end_epoch": 1712268270.002656,
    "elapsed_seconds": 183.451431
}