{
    "model": "gpt-4-0125-preview",
    "commit": "9ac9e2bf1e3093c236f5126e10324caf7f81e0d1",
    "input_cost_per_token": 1e-05,
    "output_cost_per_token": 1e-05,
    "total_input_tokens": 17385,
    "total_output_tokens": 2868,
    "total_tokens": 20253,
    "total_cost": 0.25989,
    "start_epoch": 1712236361.2093,
    "end_epoch": 1712236580.838379,
    "elapsed_seconds": 219.629079
}