{
    "model": "gpt-4-0125-preview",
    "commit": "9ac9e2bf1e3093c236f5126e10324caf7f81e0d1",
    "input_cost_per_token": 1e-05,
    "output_cost_per_token": 1e-05,
    "total_input_tokens": 72019,
    "total_output_tokens": 6614,
    "total_tokens": 78633,
    "total_cost": 0.9186100000000001,
    "start_epoch": 1712234537.135306,
    "end_epoch": 1712234918.995908,
    "elapsed_seconds": 381.860602
}