{
    "model": "gpt-4-0125-preview",
    "commit": "a5f016d6f469626c8a40bfee1e24e4763f26f336",
    "input_cost_per_token": 1e-05,
    "output_cost_per_token": 1e-05,
    "total_input_tokens": 7704,
    "total_output_tokens": 1115,
    "total_tokens": 8819,
    "total_cost": 0.11049,
    "start_epoch": 1712380705.91808,
    "end_epoch": 1712380757.748094,
    "elapsed_seconds": 51.830014
}