{
    "model": "gpt-4-0125-preview",
    "commit": "9ac9e2bf1e3093c236f5126e10324caf7f81e0d1",
    "input_cost_per_token": 1e-05,
    "output_cost_per_token": 1e-05,
    "total_input_tokens": 4742,
    "total_output_tokens": 830,
    "total_tokens": 5572,
    "total_cost": 0.07232,
    "start_epoch": 1712233361.22403,
    "end_epoch": 1712233485.689527,
    "elapsed_seconds": 124.465497
}