{
    "model": "gpt-4-0125-preview",
    "commit": "178da19b921052c6258e48ce9d225f34bde45d2b",
    "input_cost_per_token": 1e-05,
    "output_cost_per_token": 1e-05,
    "total_input_tokens": 16155,
    "total_output_tokens": 2304,
    "total_tokens": 18459,
    "total_cost": 0.23067,
    "start_epoch": 1712213545.627281,
    "end_epoch": 1712213643.524549,
    "elapsed_seconds": 97.897268
}