{
    "model": "gpt-4-0125-preview",
    "commit": "9ac9e2bf1e3093c236f5126e10324caf7f81e0d1",
    "input_cost_per_token": 1e-05,
    "output_cost_per_token": 1e-05,
    "total_input_tokens": 70855,
    "total_output_tokens": 2505,
    "total_tokens": 73360,
    "total_cost": 0.7837000000000001,
    "start_epoch": 1712227589.448623,
    "end_epoch": 1712227809.815944,
    "elapsed_seconds": 220.367321
}