{
    "model": "gpt-4-0125-preview",
    "commit": "a5f016d6f469626c8a40bfee1e24e4763f26f336",
    "input_cost_per_token": 1e-05,
    "output_cost_per_token": 1e-05,
    "total_input_tokens": 17124,
    "total_output_tokens": 1683,
    "total_tokens": 18807,
    "total_cost": 0.22173,
    "start_epoch": 1712253628.205408,
    "end_epoch": 1712253739.666845,
    "elapsed_seconds": 111.461437
}