{
    "model": "gpt-4-0125-preview",
    "commit": "178da19b921052c6258e48ce9d225f34bde45d2b",
    "input_cost_per_token": 1e-05,
    "output_cost_per_token": 1e-05,
    "total_input_tokens": 27191,
    "total_output_tokens": 3089,
    "total_tokens": 30280,
    "total_cost": 0.36458,
    "start_epoch": 1712211004.615736,
    "end_epoch": 1712211150.208961,
    "elapsed_seconds": 145.593225
}