{
    "model": "gpt-4-0125-preview",
    "commit": "a5f016d6f469626c8a40bfee1e24e4763f26f336",
    "input_cost_per_token": 1e-05,
    "output_cost_per_token": 1e-05,
    "total_input_tokens": 99453,
    "total_output_tokens": 9120,
    "total_tokens": 108573,
    "total_cost": 1.2681300000000002,
    "start_epoch": 1712266917.754378,
    "end_epoch": 1712267371.93538,
    "elapsed_seconds": 454.181002
}