{
    "model": "gpt-4-0125-preview",
    "commit": "a5f016d6f469626c8a40bfee1e24e4763f26f336",
    "input_cost_per_token": 1e-05,
    "output_cost_per_token": 1e-05,
    "total_input_tokens": 25752,
    "total_output_tokens": 1826,
    "total_tokens": 27578,
    "total_cost": 0.3123,
    "start_epoch": 1712257742.892963,
    "end_epoch": 1712257925.077318,
    "elapsed_seconds": 182.184355
}