{
    "model": "gpt-4-0125-preview",
    "commit": "178da19b921052c6258e48ce9d225f34bde45d2b",
    "input_cost_per_token": 1e-05,
    "output_cost_per_token": 1e-05,
    "total_input_tokens": 20171,
    "total_output_tokens": 2543,
    "total_tokens": 22714,
    "total_cost": 0.278,
    "start_epoch": 1712210491.032764,
    "end_epoch": 1712210636.94267,
    "elapsed_seconds": 145.909906
}