{
    "model": "gpt-4-0125-preview",
    "commit": "178da19b921052c6258e48ce9d225f34bde45d2b",
    "input_cost_per_token": 1e-05,
    "output_cost_per_token": 1e-05,
    "total_input_tokens": 15338,
    "total_output_tokens": 2376,
    "total_tokens": 17714,
    "total_cost": 0.22466000000000003,
    "start_epoch": 1712209721.771383,
    "end_epoch": 1712209883.844923,
    "elapsed_seconds": 162.07354
}