{
    "model": "gpt-4-0125-preview",
    "commit": "a5f016d6f469626c8a40bfee1e24e4763f26f336",
    "input_cost_per_token": 1e-05,
    "output_cost_per_token": 1e-05,
    "total_input_tokens": 80919,
    "total_output_tokens": 4635,
    "total_tokens": 85554,
    "total_cost": 0.9482400000000003,
    "start_epoch": 1712378181.850637,
    "end_epoch": 1712378425.062117,
    "elapsed_seconds": 243.21148
}