{
    "model": "gpt-4-0125-preview",
    "commit": "a5f016d6f469626c8a40bfee1e24e4763f26f336",
    "input_cost_per_token": 1e-05,
    "output_cost_per_token": 1e-05,
    "total_input_tokens": 19473,
    "total_output_tokens": 2370,
    "total_tokens": 21843,
    "total_cost": 0.26583000000000007,
    "start_epoch": 1712264541.812964,
    "end_epoch": 1712264729.320388,
    "elapsed_seconds": 187.507424
}