{
    "model": "gpt-4-0125-preview",
    "commit": "9ac9e2bf1e3093c236f5126e10324caf7f81e0d1",
    "input_cost_per_token": 1e-05,
    "output_cost_per_token": 1e-05,
    "total_input_tokens": 24523,
    "total_output_tokens": 2804,
    "total_tokens": 27327,
    "total_cost": 0.32935000000000003,
    "start_epoch": 1712231905.050026,
    "end_epoch": 1712232076.395483,
    "elapsed_seconds": 171.345457
}