{
    "model": "gpt-4-0125-preview",
    "commit": "a5f016d6f469626c8a40bfee1e24e4763f26f336",
    "input_cost_per_token": 1e-05,
    "output_cost_per_token": 1e-05,
    "total_input_tokens": 15094,
    "total_output_tokens": 2917,
    "total_tokens": 18011,
    "total_cost": 0.23845000000000002,
    "start_epoch": 1712262189.254159,
    "end_epoch": 1712262506.340077,
    "elapsed_seconds": 317.085918
}