{
    "model": "gpt-4-0125-preview",
    "commit": "178da19b921052c6258e48ce9d225f34bde45d2b",
    "input_cost_per_token": 1e-05,
    "output_cost_per_token": 1e-05,
    "total_input_tokens": 5265,
    "total_output_tokens": 920,
    "total_tokens": 6185,
    "total_cost": 0.08025000000000002,
    "start_epoch": 1712208480.021375,
    "end_epoch": 1712208573.796995,
    "elapsed_seconds": 93.77562
}