{
    "model": "gpt-4-0125-preview",
    "commit": "a5f016d6f469626c8a40bfee1e24e4763f26f336",
    "input_cost_per_token": 1e-05,
    "output_cost_per_token": 1e-05,
    "total_input_tokens": 41188,
    "total_output_tokens": 3915,
    "total_tokens": 45103,
    "total_cost": 0.5293300000000001,
    "start_epoch": 1712267737.06127,
    "end_epoch": 1712268494.099004,
    "elapsed_seconds": 757.037734
}