{
    "model": "gpt-4-0125-preview",
    "commit": "a5f016d6f469626c8a40bfee1e24e4763f26f336",
    "input_cost_per_token": 1e-05,
    "output_cost_per_token": 1e-05,
    "total_input_tokens": 42106,
    "total_output_tokens": 4210,
    "total_tokens": 46316,
    "total_cost": 0.5473600000000001,
    "start_epoch": 1712268144.306993,
    "end_epoch": 1712268393.576535,
    "elapsed_seconds": 249.269542
}