{
    "model": "gpt-4-0125-preview",
    "commit": "a5f016d6f469626c8a40bfee1e24e4763f26f336",
    "input_cost_per_token": 1e-05,
    "output_cost_per_token": 1e-05,
    "total_input_tokens": 10979,
    "total_output_tokens": 2420,
    "total_tokens": 13399,
    "total_cost": 0.18239,
    "start_epoch": 1712258543.320904,
    "end_epoch": 1712258708.985589,
    "elapsed_seconds": 165.664685
}