{
    "model": "gpt-4-0125-preview",
    "commit": "9ac9e2bf1e3093c236f5126e10324caf7f81e0d1",
    "input_cost_per_token": 1e-05,
    "output_cost_per_token": 1e-05,
    "total_input_tokens": 11265,
    "total_output_tokens": 1780,
    "total_tokens": 13045,
    "total_cost": 0.16605000000000003,
    "start_epoch": 1712227767.154079,
    "end_epoch": 1712227968.803053,
    "elapsed_seconds": 201.648974
}