{
    "model": "gpt-4-0125-preview",
    "commit": "a5f016d6f469626c8a40bfee1e24e4763f26f336",
    "input_cost_per_token": 1e-05,
    "output_cost_per_token": 1e-05,
    "total_input_tokens": 16192,
    "total_output_tokens": 3171,
    "total_tokens": 19363,
    "total_cost": 0.25705000000000006,
    "start_epoch": 1712381282.600824,
    "end_epoch": 1712381451.110734,
    "elapsed_seconds": 168.50991
}