{
    "model": "gpt-4-0125-preview",
    "commit": "a5f016d6f469626c8a40bfee1e24e4763f26f336",
    "input_cost_per_token": 1e-05,
    "output_cost_per_token": 1e-05,
    "total_input_tokens": 14449,
    "total_output_tokens": 2366,
    "total_tokens": 16815,
    "total_cost": 0.21547,
    "start_epoch": 1712253494.058674,
    "end_epoch": 1712253678.079931,
    "elapsed_seconds": 184.021257
}