{
    "model": "gpt-4-0125-preview",
    "commit": "178da19b921052c6258e48ce9d225f34bde45d2b",
    "input_cost_per_token": 1e-05,
    "output_cost_per_token": 1e-05,
    "total_input_tokens": 185176,
    "total_output_tokens": 7024,
    "total_tokens": 192200,
    "total_cost": 2.0624800000000003,
    "start_epoch": 1712209951.797682,
    "end_epoch": 1712210300.402573,
    "elapsed_seconds": 348.604891
}