{
    "model": "gpt-4-0125-preview",
    "commit": "9ac9e2bf1e3093c236f5126e10324caf7f81e0d1",
    "input_cost_per_token": 1e-05,
    "output_cost_per_token": 1e-05,
    "total_input_tokens": 5251,
    "total_output_tokens": 1155,
    "total_tokens": 6406,
    "total_cost": 0.08716,
    "start_epoch": 1712230924.790052,
    "end_epoch": 1712231061.611502,
    "elapsed_seconds": 136.82145
}