{
    "model": "gpt-4-0125-preview",
    "commit": "178da19b921052c6258e48ce9d225f34bde45d2b",
    "input_cost_per_token": 1e-05,
    "output_cost_per_token": 1e-05,
    "total_input_tokens": 32884,
    "total_output_tokens": 2763,
    "total_tokens": 35647,
    "total_cost": 0.41173000000000004,
    "start_epoch": 1712211281.792709,
    "end_epoch": 1712211432.401313,
    "elapsed_seconds": 150.608604
}