{
    "model": "gpt-4-0125-preview",
    "commit": "a5f016d6f469626c8a40bfee1e24e4763f26f336",
    "input_cost_per_token": 1e-05,
    "output_cost_per_token": 1e-05,
    "total_input_tokens": 22056,
    "total_output_tokens": 3423,
    "total_tokens": 25479,
    "total_cost": 0.32325000000000004,
    "start_epoch": 1712260422.028082,
    "end_epoch": 1712260658.500208,
    "elapsed_seconds": 236.472126
}