{
    "model": "gpt-4-0125-preview",
    "commit": "178da19b921052c6258e48ce9d225f34bde45d2b",
    "input_cost_per_token": 1e-05,
    "output_cost_per_token": 1e-05,
    "total_input_tokens": 22996,
    "total_output_tokens": 3526,
    "total_tokens": 26522,
    "total_cost": 0.33574000000000004,
    "start_epoch": 1712209204.194768,
    "end_epoch": 1712209399.390841,
    "elapsed_seconds": 195.196073
}