{
    "model": "gpt-4-0125-preview",
    "commit": "178da19b921052c6258e48ce9d225f34bde45d2b",
    "input_cost_per_token": 1e-05,
    "output_cost_per_token": 1e-05,
    "total_input_tokens": 16647,
    "total_output_tokens": 1350,
    "total_tokens": 17997,
    "total_cost": 0.20697000000000002,
    "start_epoch": 1712210711.547223,
    "end_epoch": 1712210772.123751,
    "elapsed_seconds": 60.576528
}