{
    "model": "gpt-4-0125-preview",
    "commit": "a5f016d6f469626c8a40bfee1e24e4763f26f336",
    "input_cost_per_token": 1e-05,
    "output_cost_per_token": 1e-05,
    "total_input_tokens": 12284,
    "total_output_tokens": 2375,
    "total_tokens": 14659,
    "total_cost": 0.19409,
    "start_epoch": 1712380258.018295,
    "end_epoch": 1712380454.599256,
    "elapsed_seconds": 196.580961
}