{
    "model": "gpt-4-0125-preview",
    "commit": "178da19b921052c6258e48ce9d225f34bde45d2b",
    "input_cost_per_token": 1e-05,
    "output_cost_per_token": 1e-05,
    "total_input_tokens": 32924,
    "total_output_tokens": 3530,
    "total_tokens": 36454,
    "total_cost": 0.43513999999999997,
    "start_epoch": 1712211550.053702,
    "end_epoch": 1712211752.841091,
    "elapsed_seconds": 202.787389
}