{
    "model": "gpt-4-0125-preview",
    "commit": "9ac9e2bf1e3093c236f5126e10324caf7f81e0d1",
    "input_cost_per_token": 1e-05,
    "output_cost_per_token": 1e-05,
    "total_input_tokens": 10465,
    "total_output_tokens": 1601,
    "total_tokens": 12066,
    "total_cost": 0.15268,
    "start_epoch": 1712224616.988063,
    "end_epoch": 1712224760.609433,
    "elapsed_seconds": 143.62137
}