{
    "model": "gpt-4-0125-preview",
    "commit": "a5f016d6f469626c8a40bfee1e24e4763f26f336",
    "input_cost_per_token": 1e-05,
    "output_cost_per_token": 1e-05,
    "total_input_tokens": 46283,
    "total_output_tokens": 3098,
    "total_tokens": 49381,
    "total_cost": 0.5557700000000001,
    "start_epoch": 1712267302.399729,
    "end_epoch": 1712267459.647058,
    "elapsed_seconds": 157.247329
}