{
    "model": "gpt-4-0125-preview",
    "commit": "a5f016d6f469626c8a40bfee1e24e4763f26f336",
    "input_cost_per_token": 1e-05,
    "output_cost_per_token": 1e-05,
    "total_input_tokens": 33938,
    "total_output_tokens": 3638,
    "total_tokens": 37576,
    "total_cost": 0.44852000000000003,
    "start_epoch": 1712257452.99547,
    "end_epoch": 1712257742.77109,
    "elapsed_seconds": 289.77562
}