{
    "model": "gpt-4-0125-preview",
    "commit": "a5f016d6f469626c8a40bfee1e24e4763f26f336",
    "input_cost_per_token": 1e-05,
    "output_cost_per_token": 1e-05,
    "total_input_tokens": 24795,
    "total_output_tokens": 2474,
    "total_tokens": 27269,
    "total_cost": 0.32217,
    "start_epoch": 1712260823.366417,
    "end_epoch": 1712260975.476559,
    "elapsed_seconds": 152.110142
}