{
    "model": "gpt-4-0125-preview",
    "commit": "a5f016d6f469626c8a40bfee1e24e4763f26f336",
    "input_cost_per_token": 1e-05,
    "output_cost_per_token": 1e-05,
    "total_input_tokens": 41005,
    "total_output_tokens": 3970,
    "total_tokens": 44975,
    "total_cost": 0.52915,
    "start_epoch": 1712267399.840218,
    "end_epoch": 1712267570.630828,
    "elapsed_seconds": 170.79061
}