{
    "model": "gpt-4-0125-preview",
    "commit": "a5f016d6f469626c8a40bfee1e24e4763f26f336",
    "input_cost_per_token": 1e-05,
    "output_cost_per_token": 1e-05,
    "total_input_tokens": 41288,
    "total_output_tokens": 4242,
    "total_tokens": 45530,
    "total_cost": 0.5401400000000001,
    "start_epoch": 1712267333.663107,
    "end_epoch": 1712267594.385376,
    "elapsed_seconds": 260.722269
}