{
    "model": "gpt-4-0125-preview",
    "commit": "178da19b921052c6258e48ce9d225f34bde45d2b",
    "input_cost_per_token": 1e-05,
    "output_cost_per_token": 1e-05,
    "total_input_tokens": 15349,
    "total_output_tokens": 2826,
    "total_tokens": 18175,
    "total_cost": 0.23827000000000004,
    "start_epoch": 1712212883.347437,
    "end_epoch": 1712213051.077103,
    "elapsed_seconds": 167.729666
}