{
    "model": "gpt-4-0125-preview",
    "commit": "178da19b921052c6258e48ce9d225f34bde45d2b",
    "input_cost_per_token": 1e-05,
    "output_cost_per_token": 1e-05,
    "total_input_tokens": 73344,
    "total_output_tokens": 7017,
    "total_tokens": 80361,
    "total_cost": 0.9439500000000001,
    "start_epoch": 1712215435.112078,
    "end_epoch": 1712215824.241855,
    "elapsed_seconds": 389.129777
}