{
    "model": "gpt-4-0125-preview",
    "commit": "178da19b921052c6258e48ce9d225f34bde45d2b",
    "input_cost_per_token": 1e-05,
    "output_cost_per_token": 1e-05,
    "total_input_tokens": 40955,
    "total_output_tokens": 4888,
    "total_tokens": 45843,
    "total_cost": 0.5561900000000001,
    "start_epoch": 1712216647.78971,
    "end_epoch": 1712216903.542429,
    "elapsed_seconds": 255.752719
}