{
    "model": "gpt-4-0125-preview",
    "commit": "178da19b921052c6258e48ce9d225f34bde45d2b",
    "input_cost_per_token": 1e-05,
    "output_cost_per_token": 1e-05,
    "total_input_tokens": 4406,
    "total_output_tokens": 579,
    "total_tokens": 4985,
    "total_cost": 0.06143,
    "start_epoch": 1712209379.841193,
    "end_epoch": 1712209431.063376,
    "elapsed_seconds": 51.222183
}