{
    "model": "gpt-4-0125-preview",
    "commit": "a5f016d6f469626c8a40bfee1e24e4763f26f336",
    "input_cost_per_token": 1e-05,
    "output_cost_per_token": 1e-05,
    "total_input_tokens": 14504,
    "total_output_tokens": 2721,
    "total_tokens": 17225,
    "total_cost": 0.22667000000000004,
    "start_epoch": 1712265224.282862,
    "end_epoch": 1712265343.966993,
    "elapsed_seconds": 119.684131
}