{
    "model": "gpt-4-0125-preview",
    "commit": "9ac9e2bf1e3093c236f5126e10324caf7f81e0d1",
    "input_cost_per_token": 1e-05,
    "output_cost_per_token": 1e-05,
    "total_input_tokens": 32896,
    "total_output_tokens": 4022,
    "total_tokens": 36918,
    "total_cost": 0.44962,
    "start_epoch": 1712232067.594941,
    "end_epoch": 1712232370.127897,
    "elapsed_seconds": 302.532956
}