{
    "model": "gpt-4-0125-preview",
    "commit": "a5f016d6f469626c8a40bfee1e24e4763f26f336",
    "input_cost_per_token": 1e-05,
    "output_cost_per_token": 1e-05,
    "total_input_tokens": 12586,
    "total_output_tokens": 2393,
    "total_tokens": 14979,
    "total_cost": 0.19765,
    "start_epoch": 1712257998.477392,
    "end_epoch": 1712258164.515182,
    "elapsed_seconds": 166.03779
}