{
    "model": "gpt-4-0125-preview",
    "commit": "a5f016d6f469626c8a40bfee1e24e4763f26f336",
    "input_cost_per_token": 1e-05,
    "output_cost_per_token": 1e-05,
    "total_input_tokens": 39880,
    "total_output_tokens": 2912,
    "total_tokens": 42792,
    "total_cost": 0.48616000000000004,
    "start_epoch": 1712257455.871142,
    "end_epoch": 1712257661.040771,
    "elapsed_seconds": 205.169629
}