{
    "model": "gpt-4-0125-preview",
    "commit": "a5f016d6f469626c8a40bfee1e24e4763f26f336",
    "input_cost_per_token": 1e-05,
    "output_cost_per_token": 1e-05,
    "total_input_tokens": 137209,
    "total_output_tokens": 6725,
    "total_tokens": 143934,
    "total_cost": 1.5738400000000001,
    "start_epoch": 1712252132.278296,
    "end_epoch": 1712252552.3836,
    "elapsed_seconds": 420.105304
}