{
    "model": "gpt-4-0125-preview",
    "commit": "a5f016d6f469626c8a40bfee1e24e4763f26f336",
    "input_cost_per_token": 1e-05,
    "output_cost_per_token": 1e-05,
    "total_input_tokens": 96803,
    "total_output_tokens": 10094,
    "total_tokens": 106897,
    "total_cost": 1.2708500000000003,
    "start_epoch": 1712382066.568355,
    "end_epoch": 1712382449.139524,
    "elapsed_seconds": 382.571169
}