{
    "model": "gpt-4-0125-preview",
    "commit": "a5f016d6f469626c8a40bfee1e24e4763f26f336",
    "input_cost_per_token": 1e-05,
    "output_cost_per_token": 1e-05,
    "total_input_tokens": 18546,
    "total_output_tokens": 1978,
    "total_tokens": 20524,
    "total_cost": 0.24480000000000002,
    "start_epoch": 1712381994.636834,
    "end_epoch": 1712382204.185718,
    "elapsed_seconds": 209.548884
}