{
    "model": "gpt-4-0125-preview",
    "commit": "a5f016d6f469626c8a40bfee1e24e4763f26f336",
    "input_cost_per_token": 1e-05,
    "output_cost_per_token": 1e-05,
    "total_input_tokens": 8160,
    "total_output_tokens": 2189,
    "total_tokens": 10349,
    "total_cost": 0.14727,
    "start_epoch": 1712386206.464253,
    "end_epoch": 1712386376.371807,
    "elapsed_seconds": 169.907554
}