{
    "model": "gpt-4-0125-preview",
    "commit": "a5f016d6f469626c8a40bfee1e24e4763f26f336",
    "input_cost_per_token": 1e-05,
    "output_cost_per_token": 1e-05,
    "total_input_tokens": 16522,
    "total_output_tokens": 2825,
    "total_tokens": 19347,
    "total_cost": 0.24997,
    "start_epoch": 1712257222.564991,
    "end_epoch": 1712257452.860614,
    "elapsed_seconds": 230.295623
}