{
    "model": "gpt-4-0125-preview",
    "commit": "a5f016d6f469626c8a40bfee1e24e4763f26f336",
    "input_cost_per_token": 1e-05,
    "output_cost_per_token": 1e-05,
    "total_input_tokens": 12342,
    "total_output_tokens": 1515,
    "total_tokens": 13857,
    "total_cost": 0.16887000000000002,
    "start_epoch": 1712253172.692568,
    "end_epoch": 1712253288.363394,
    "elapsed_seconds": 115.670826
}