{
    "model": "gpt-4-0125-preview",
    "commit": "a5f016d6f469626c8a40bfee1e24e4763f26f336",
    "input_cost_per_token": 1e-05,
    "output_cost_per_token": 1e-05,
    "total_input_tokens": 34916,
    "total_output_tokens": 2385,
    "total_tokens": 37301,
    "total_cost": 0.42071000000000003,
    "start_epoch": 1712379086.510459,
    "end_epoch": 1712379240.628882,
    "elapsed_seconds": 154.118423
}