{
    "model": "gpt-4-0125-preview",
    "commit": "a5f016d6f469626c8a40bfee1e24e4763f26f336",
    "input_cost_per_token": 1e-05,
    "output_cost_per_token": 1e-05,
    "total_input_tokens": 10541,
    "total_output_tokens": 1617,
    "total_tokens": 12158,
    "total_cost": 0.15392,
    "start_epoch": 1712382270.268745,
    "end_epoch": 1712382373.980872,
    "elapsed_seconds": 103.712127
}