{
    "model": "gpt-4-0125-preview",
    "commit": "178da19b921052c6258e48ce9d225f34bde45d2b",
    "input_cost_per_token": 1e-05,
    "output_cost_per_token": 1e-05,
    "total_input_tokens": 98607,
    "total_output_tokens": 8089,
    "total_tokens": 106696,
    "total_cost": 1.2287400000000002,
    "start_epoch": 1712212273.868951,
    "end_epoch": 1712212717.452933,
    "elapsed_seconds": 443.583982
}