{
    "model": "gpt-4-0125-preview",
    "commit": "a5f016d6f469626c8a40bfee1e24e4763f26f336",
    "input_cost_per_token": 1e-05,
    "output_cost_per_token": 1e-05,
    "total_input_tokens": 12202,
    "total_output_tokens": 2048,
    "total_tokens": 14250,
    "total_cost": 0.18346,
    "start_epoch": 1712384268.520774,
    "end_epoch": 1712384432.560575,
    "elapsed_seconds": 164.039801
}