{
    "model": "gpt-4-0125-preview",
    "commit": "a5f016d6f469626c8a40bfee1e24e4763f26f336",
    "input_cost_per_token": 1e-05,
    "output_cost_per_token": 1e-05,
    "total_input_tokens": 16070,
    "total_output_tokens": 2791,
    "total_tokens": 18861,
    "total_cost": 0.24443,
    "start_epoch": 1712265135.169376,
    "end_epoch": 1712265350.861141,
    "elapsed_seconds": 215.691765
}