{
    "num_tasks": 300,
    "model": "gpt-4-0125-preview",
    "commit": "a5f016d6f469626c8a40bfee1e24e4763f26f336",
    "input_cost_per_token": 1e-05,
    "output_cost_per_token": 1e-05,
    "total_cost": 140.94178999999994,
    "avg_cost": 0.46980596666666646,
    "avg_tokens": 40544.6,
    "avg_input_tokens": 37326.6,
    "avg_output_tokens": 3218.0,
    "inference_start_epoch": 1712251109.2066,
    "inference_end_epoch": 1712270636.85377,
    "inference_elapsed_mins": 325.46,
    "inference_avg_elapsed_secs_parallel": 65.1,
    "inference_avg_elapsed_secs_serial": 250.2,
    "eval_start_epoch": 1712270637.309874,
    "eval_end_epoch": 1712271763.011698,
    "eval_elapsed_mins": 18.76,
    "eval_avg_elapsed_secs": 3.8,
    "total_elapsed_mins": 344.22
}