{
    "model": "gpt-4-0125-preview",
    "commit": "a5f016d6f469626c8a40bfee1e24e4763f26f336",
    "input_cost_per_token": 1e-05,
    "output_cost_per_token": 1e-05,
    "total_input_tokens": 172372,
    "total_output_tokens": 10493,
    "total_tokens": 182865,
    "total_cost": 2.0385100000000005,
    "start_epoch": 1712382139.709901,
    "end_epoch": 1712382576.419841,
    "elapsed_seconds": 436.70994
}