{
    "model": "gpt-4-0125-preview",
    "commit": "178da19b921052c6258e48ce9d225f34bde45d2b",
    "input_cost_per_token": 1e-05,
    "output_cost_per_token": 1e-05,
    "total_input_tokens": 18479,
    "total_output_tokens": 1895,
    "total_tokens": 20374,
    "total_cost": 0.24164000000000002,
    "start_epoch": 1712208858.108907,
    "end_epoch": 1712208983.650186,
    "elapsed_seconds": 125.541279
}