{
    "model": "gpt-4-0125-preview",
    "commit": "a5f016d6f469626c8a40bfee1e24e4763f26f336",
    "input_cost_per_token": 1e-05,
    "output_cost_per_token": 1e-05,
    "total_input_tokens": 46513,
    "total_output_tokens": 4037,
    "total_tokens": 50550,
    "total_cost": 0.5862400000000001,
    "start_epoch": 1712267459.691904,
    "end_epoch": 1712267674.308106,
    "elapsed_seconds": 214.616202
}