{
    "model": "gpt-4-0125-preview",
    "commit": "a5f016d6f469626c8a40bfee1e24e4763f26f336",
    "input_cost_per_token": 1e-05,
    "output_cost_per_token": 1e-05,
    "total_input_tokens": 15099,
    "total_output_tokens": 2265,
    "total_tokens": 17364,
    "total_cost": 0.21894000000000002,
    "start_epoch": 1712380367.435667,
    "end_epoch": 1712380435.20289,
    "elapsed_seconds": 67.767223
}