{
    "model": "gpt-4-0125-preview",
    "commit": "a5f016d6f469626c8a40bfee1e24e4763f26f336",
    "input_cost_per_token": 1e-05,
    "output_cost_per_token": 1e-05,
    "total_input_tokens": 39257,
    "total_output_tokens": 2036,
    "total_tokens": 41293,
    "total_cost": 0.45365000000000005,
    "start_epoch": 1712258299.031311,
    "end_epoch": 1712258505.085272,
    "elapsed_seconds": 206.053961
}