{
    "model": "gpt-4-0125-preview",
    "commit": "a5f016d6f469626c8a40bfee1e24e4763f26f336",
    "input_cost_per_token": 1e-05,
    "output_cost_per_token": 1e-05,
    "total_input_tokens": 30161,
    "total_output_tokens": 2237,
    "total_tokens": 32398,
    "total_cost": 0.36872000000000005,
    "start_epoch": 1712266372.682478,
    "end_epoch": 1712266563.614065,
    "elapsed_seconds": 190.931587
}