{
    "model": "gpt-4-0125-preview",
    "commit": "178da19b921052c6258e48ce9d225f34bde45d2b",
    "input_cost_per_token": 1e-05,
    "output_cost_per_token": 1e-05,
    "total_input_tokens": 123893,
    "total_output_tokens": 9815,
    "total_tokens": 133708,
    "total_cost": 1.5333800000000002,
    "start_epoch": 1712210116.600143,
    "end_epoch": 1712210566.606369,
    "elapsed_seconds": 450.006226
}