{
    "model": "gpt-4-0125-preview",
    "commit": "a5f016d6f469626c8a40bfee1e24e4763f26f336",
    "input_cost_per_token": 1e-05,
    "output_cost_per_token": 1e-05,
    "total_input_tokens": 49492,
    "total_output_tokens": 3595,
    "total_tokens": 53087,
    "total_cost": 0.6027700000000001,
    "start_epoch": 1712255720.668743,
    "end_epoch": 1712255986.343407,
    "elapsed_seconds": 265.674664
}