{
    "model": "gpt-4-0125-preview",
    "commit": "178da19b921052c6258e48ce9d225f34bde45d2b",
    "input_cost_per_token": 1e-05,
    "output_cost_per_token": 1e-05,
    "total_input_tokens": 77431,
    "total_output_tokens": 6075,
    "total_tokens": 83506,
    "total_cost": 0.9565600000000001,
    "start_epoch": 1712214373.154139,
    "end_epoch": 1712214701.012929,
    "elapsed_seconds": 327.85879
}