{
    "model": "gpt-4-0125-preview",
    "commit": "a5f016d6f469626c8a40bfee1e24e4763f26f336",
    "input_cost_per_token": 1e-05,
    "output_cost_per_token": 1e-05,
    "total_input_tokens": 23165,
    "total_output_tokens": 2945,
    "total_tokens": 26110,
    "total_cost": 0.32,
    "start_epoch": 1712254298.069957,
    "end_epoch": 1712254549.471528,
    "elapsed_seconds": 251.401571
}