{
    "model": "gpt-4-0125-preview",
    "commit": "a5f016d6f469626c8a40bfee1e24e4763f26f336",
    "input_cost_per_token": 1e-05,
    "output_cost_per_token": 1e-05,
    "total_input_tokens": 31066,
    "total_output_tokens": 2176,
    "total_tokens": 33242,
    "total_cost": 0.37594,
    "start_epoch": 1712259407.163135,
    "end_epoch": 1712259612.097941,
    "elapsed_seconds": 204.934806
}