{
    "model": "gpt-4-0125-preview",
    "commit": "a5f016d6f469626c8a40bfee1e24e4763f26f336",
    "input_cost_per_token": 1e-05,
    "output_cost_per_token": 1e-05,
    "total_input_tokens": 12700,
    "total_output_tokens": 1773,
    "total_tokens": 14473,
    "total_cost": 0.18019000000000002,
    "start_epoch": 1712268993.240415,
    "end_epoch": 1712269109.839195,
    "elapsed_seconds": 116.59878
}