{
    "model": "gpt-4-0125-preview",
    "commit": "a5f016d6f469626c8a40bfee1e24e4763f26f336",
    "input_cost_per_token": 1e-05,
    "output_cost_per_token": 1e-05,
    "total_input_tokens": 8862,
    "total_output_tokens": 1281,
    "total_tokens": 10143,
    "total_cost": 0.12705,
    "start_epoch": 1712382751.786066,
    "end_epoch": 1712382791.188562,
    "elapsed_seconds": 39.402496
}