{
    "model": "gpt-4-0125-preview",
    "commit": "9ac9e2bf1e3093c236f5126e10324caf7f81e0d1",
    "input_cost_per_token": 1e-05,
    "output_cost_per_token": 1e-05,
    "total_input_tokens": 13538,
    "total_output_tokens": 1011,
    "total_tokens": 14549,
    "total_cost": 0.16571000000000002,
    "start_epoch": 1712230330.219687,
    "end_epoch": 1712230387.125038,
    "elapsed_seconds": 56.905351
}