{
    "model": "gpt-4-0125-preview",
    "commit": "a5f016d6f469626c8a40bfee1e24e4763f26f336",
    "input_cost_per_token": 1e-05,
    "output_cost_per_token": 1e-05,
    "total_input_tokens": 4653,
    "total_output_tokens": 820,
    "total_tokens": 5473,
    "total_cost": 0.07113,
    "start_epoch": 1712378203.706229,
    "end_epoch": 1712378310.824457,
    "elapsed_seconds": 107.118228
}