{
    "model": "gpt-4-0125-preview",
    "commit": "9ac9e2bf1e3093c236f5126e10324caf7f81e0d1",
    "input_cost_per_token": 1e-05,
    "output_cost_per_token": 1e-05,
    "total_input_tokens": 5293,
    "total_output_tokens": 684,
    "total_tokens": 5977,
    "total_cost": 0.07345,
    "start_epoch": 1712225227.104693,
    "end_epoch": 1712225362.461401,
    "elapsed_seconds": 135.356708
}