{
    "model": "gpt-4-0125-preview",
    "commit": "178da19b921052c6258e48ce9d225f34bde45d2b",
    "input_cost_per_token": 1e-05,
    "output_cost_per_token": 1e-05,
    "total_input_tokens": 16629,
    "total_output_tokens": 1978,
    "total_tokens": 18607,
    "total_cost": 0.22563,
    "start_epoch": 1712210561.96982,
    "end_epoch": 1712210645.417197,
    "elapsed_seconds": 83.447377
}