{
    "model": "gpt-4-0125-preview",
    "commit": "178da19b921052c6258e48ce9d225f34bde45d2b",
    "input_cost_per_token": 1e-05,
    "output_cost_per_token": 1e-05,
    "total_input_tokens": 67856,
    "total_output_tokens": 5438,
    "total_tokens": 73294,
    "total_cost": 0.8417,
    "start_epoch": 1712213578.967303,
    "end_epoch": 1712213833.372665,
    "elapsed_seconds": 254.405362
}