{
    "model": "gpt-4-0125-preview",
    "commit": "a5f016d6f469626c8a40bfee1e24e4763f26f336",
    "input_cost_per_token": 1e-05,
    "output_cost_per_token": 1e-05,
    "total_input_tokens": 130926,
    "total_output_tokens": 4898,
    "total_tokens": 135824,
    "total_cost": 1.4562,
    "start_epoch": 1712254318.032818,
    "end_epoch": 1712254651.728715,
    "elapsed_seconds": 333.695897
}