{
    "model": "gpt-4-0125-preview",
    "commit": "a5f016d6f469626c8a40bfee1e24e4763f26f336",
    "input_cost_per_token": 1e-05,
    "output_cost_per_token": 1e-05,
    "total_input_tokens": 32636,
    "total_output_tokens": 4829,
    "total_tokens": 37465,
    "total_cost": 0.47123000000000004,
    "start_epoch": 1712253595.330058,
    "end_epoch": 1712253887.984469,
    "elapsed_seconds": 292.654411
}