{
    "model": "gpt-4-0125-preview",
    "commit": "a5f016d6f469626c8a40bfee1e24e4763f26f336",
    "input_cost_per_token": 1e-05,
    "output_cost_per_token": 1e-05,
    "total_input_tokens": 26340,
    "total_output_tokens": 2901,
    "total_tokens": 29241,
    "total_cost": 0.35043,
    "start_epoch": 1712266079.501149,
    "end_epoch": 1712266260.494591,
    "elapsed_seconds": 180.993442
}