{
    "model": "gpt-4-0125-preview",
    "commit": "178da19b921052c6258e48ce9d225f34bde45d2b",
    "input_cost_per_token": 1e-05,
    "output_cost_per_token": 1e-05,
    "total_input_tokens": 9580,
    "total_output_tokens": 1337,
    "total_tokens": 10917,
    "total_cost": 0.13591,
    "start_epoch": 1712216441.516736,
    "end_epoch": 1712216564.520587,
    "elapsed_seconds": 123.003851
}