{
    "model": "gpt-4-0125-preview",
    "commit": "a5f016d6f469626c8a40bfee1e24e4763f26f336",
    "input_cost_per_token": 1e-05,
    "output_cost_per_token": 1e-05,
    "total_input_tokens": 22764,
    "total_output_tokens": 2402,
    "total_tokens": 25166,
    "total_cost": 0.2997,
    "start_epoch": 1712377979.260387,
    "end_epoch": 1712378076.226038,
    "elapsed_seconds": 96.965651
}