{
    "model": "gpt-4-0125-preview",
    "commit": "178da19b921052c6258e48ce9d225f34bde45d2b",
    "input_cost_per_token": 1e-05,
    "output_cost_per_token": 1e-05,
    "total_input_tokens": 13253,
    "total_output_tokens": 2108,
    "total_tokens": 15361,
    "total_cost": 0.19577,
    "start_epoch": 1712209755.755744,
    "end_epoch": 1712209839.228786,
    "elapsed_seconds": 83.473042
}