{
    "model": "gpt-4-0125-preview",
    "commit": "a5f016d6f469626c8a40bfee1e24e4763f26f336",
    "input_cost_per_token": 1e-05,
    "output_cost_per_token": 1e-05,
    "total_input_tokens": 25411,
    "total_output_tokens": 2391,
    "total_tokens": 27802,
    "total_cost": 0.32584,
    "start_epoch": 1712258717.530401,
    "end_epoch": 1712258905.968006,
    "elapsed_seconds": 188.437605
}