{
    "model": "gpt-4-0125-preview",
    "commit": "a5f016d6f469626c8a40bfee1e24e4763f26f336",
    "input_cost_per_token": 1e-05,
    "output_cost_per_token": 1e-05,
    "total_input_tokens": 31614,
    "total_output_tokens": 3023,
    "total_tokens": 34637,
    "total_cost": 0.40683,
    "start_epoch": 1712267736.397142,
    "end_epoch": 1712268767.445203,
    "elapsed_seconds": 1031.048061
}