{
    "model": "gpt-4-0125-preview",
    "commit": "a5f016d6f469626c8a40bfee1e24e4763f26f336",
    "input_cost_per_token": 1e-05,
    "output_cost_per_token": 1e-05,
    "total_input_tokens": 15554,
    "total_output_tokens": 3196,
    "total_tokens": 18750,
    "total_cost": 0.25142,
    "start_epoch": 1712259150.912137,
    "end_epoch": 1712259375.390287,
    "elapsed_seconds": 224.47815
}