{
    "model": "gpt-4-0125-preview",
    "commit": "a5f016d6f469626c8a40bfee1e24e4763f26f336",
    "input_cost_per_token": 1e-05,
    "output_cost_per_token": 1e-05,
    "total_input_tokens": 28917,
    "total_output_tokens": 3827,
    "total_tokens": 32744,
    "total_cost": 0.40398,
    "start_epoch": 1712258709.099754,
    "end_epoch": 1712258972.151098,
    "elapsed_seconds": 263.051344
}