{
    "model": "gpt-4-0125-preview",
    "commit": "178da19b921052c6258e48ce9d225f34bde45d2b",
    "input_cost_per_token": 1e-05,
    "output_cost_per_token": 1e-05,
    "total_input_tokens": 13173,
    "total_output_tokens": 1493,
    "total_tokens": 14666,
    "total_cost": 0.17651999999999998,
    "start_epoch": 1712216077.248993,
    "end_epoch": 1712216210.811915,
    "elapsed_seconds": 133.562922
}