{
    "model": "gpt-4-0125-preview",
    "commit": "a5f016d6f469626c8a40bfee1e24e4763f26f336",
    "input_cost_per_token": 1e-05,
    "output_cost_per_token": 1e-05,
    "total_input_tokens": 55353,
    "total_output_tokens": 5041,
    "total_tokens": 60394,
    "total_cost": 0.70476,
    "start_epoch": 1712260549.892927,
    "end_epoch": 1712260914.478119,
    "elapsed_seconds": 364.585192
}