{
    "model": "gpt-4-0125-preview",
    "commit": "a5f016d6f469626c8a40bfee1e24e4763f26f336",
    "input_cost_per_token": 1e-05,
    "output_cost_per_token": 1e-05,
    "total_input_tokens": 4007,
    "total_output_tokens": 430,
    "total_tokens": 4437,
    "total_cost": 0.05297,
    "start_epoch": 1712263166.578462,
    "end_epoch": 1712263269.612001,
    "elapsed_seconds": 103.033539
}