{
    "model": "gpt-4-0125-preview",
    "commit": "178da19b921052c6258e48ce9d225f34bde45d2b",
    "input_cost_per_token": 1e-05,
    "output_cost_per_token": 1e-05,
    "total_input_tokens": 4302,
    "total_output_tokens": 471,
    "total_tokens": 4773,
    "total_cost": 0.057150000000000006,
    "start_epoch": 1712213402.68749,
    "end_epoch": 1712213502.418246,
    "elapsed_seconds": 99.730756
}