{
    "model": "gpt-4-0125-preview",
    "commit": "9ac9e2bf1e3093c236f5126e10324caf7f81e0d1",
    "input_cost_per_token": 1e-05,
    "output_cost_per_token": 1e-05,
    "total_input_tokens": 62847,
    "total_output_tokens": 1222,
    "total_tokens": 64069,
    "total_cost": 0.6651300000000001,
    "start_epoch": 1712227937.994972,
    "end_epoch": 1712228145.258253,
    "elapsed_seconds": 207.263281
}