{
    "model": "gpt-4-0125-preview",
    "commit": "a5f016d6f469626c8a40bfee1e24e4763f26f336",
    "input_cost_per_token": 1e-05,
    "output_cost_per_token": 1e-05,
    "total_input_tokens": 22784,
    "total_output_tokens": 2975,
    "total_tokens": 25759,
    "total_cost": 0.31709000000000004,
    "start_epoch": 1712258394.258247,
    "end_epoch": 1712258592.430265,
    "elapsed_seconds": 198.172018
}