{
    "model": "gpt-4-0125-preview",
    "commit": "178da19b921052c6258e48ce9d225f34bde45d2b",
    "input_cost_per_token": 1e-05,
    "output_cost_per_token": 1e-05,
    "total_input_tokens": 18491,
    "total_output_tokens": 1236,
    "total_tokens": 19727,
    "total_cost": 0.22199000000000002,
    "start_epoch": 1712209159.793005,
    "end_epoch": 1712209209.87688,
    "elapsed_seconds": 50.083875
}