{
    "model": "gpt-4-0125-preview",
    "commit": "178da19b921052c6258e48ce9d225f34bde45d2b",
    "input_cost_per_token": 1e-05,
    "output_cost_per_token": 1e-05,
    "total_input_tokens": 15656,
    "total_output_tokens": 2560,
    "total_tokens": 18216,
    "total_cost": 0.23336,
    "start_epoch": 1712213251.862547,
    "end_epoch": 1712213415.122955,
    "elapsed_seconds": 163.260408
}