{
    "model": "gpt-4-0125-preview",
    "commit": "a5f016d6f469626c8a40bfee1e24e4763f26f336",
    "input_cost_per_token": 1e-05,
    "output_cost_per_token": 1e-05,
    "total_input_tokens": 7374,
    "total_output_tokens": 1274,
    "total_tokens": 8648,
    "total_cost": 0.11196,
    "start_epoch": 1712377911.38142,
    "end_epoch": 1712378020.653103,
    "elapsed_seconds": 109.271683
}