{
    "model": "gpt-4-0125-preview",
    "commit": "a5f016d6f469626c8a40bfee1e24e4763f26f336",
    "input_cost_per_token": 1e-05,
    "output_cost_per_token": 1e-05,
    "total_input_tokens": 21434,
    "total_output_tokens": 3042,
    "total_tokens": 24476,
    "total_cost": 0.30560000000000004,
    "start_epoch": 1712260914.643008,
    "end_epoch": 1712261204.11613,
    "elapsed_seconds": 289.473122
}