{
    "model": "gpt-4-0125-preview",
    "commit": "178da19b921052c6258e48ce9d225f34bde45d2b",
    "input_cost_per_token": 1e-05,
    "output_cost_per_token": 1e-05,
    "total_input_tokens": 141467,
    "total_output_tokens": 7684,
    "total_tokens": 149151,
    "total_cost": 1.6451900000000002,
    "start_epoch": 1712217421.012082,
    "end_epoch": 1712217858.908686,
    "elapsed_seconds": 437.896604
}