{
    "model": "gpt-4-0125-preview",
    "commit": "a5f016d6f469626c8a40bfee1e24e4763f26f336",
    "input_cost_per_token": 1e-05,
    "output_cost_per_token": 1e-05,
    "total_input_tokens": 5019,
    "total_output_tokens": 695,
    "total_tokens": 5714,
    "total_cost": 0.07103999999999999,
    "start_epoch": 1712262318.492558,
    "end_epoch": 1712262503.579359,
    "elapsed_seconds": 185.086801
}