{
    "model": "gpt-4-0125-preview",
    "commit": "a5f016d6f469626c8a40bfee1e24e4763f26f336",
    "input_cost_per_token": 1e-05,
    "output_cost_per_token": 1e-05,
    "total_input_tokens": 21961,
    "total_output_tokens": 2463,
    "total_tokens": 24424,
    "total_cost": 0.29350000000000004,
    "start_epoch": 1712378512.502905,
    "end_epoch": 1712378600.369861,
    "elapsed_seconds": 87.866956
}