{
    "model": "gpt-4-0125-preview",
    "commit": "a5f016d6f469626c8a40bfee1e24e4763f26f336",
    "input_cost_per_token": 1e-05,
    "output_cost_per_token": 1e-05,
    "total_input_tokens": 97727,
    "total_output_tokens": 7510,
    "total_tokens": 105237,
    "total_cost": 1.2025700000000001,
    "start_epoch": 1712257344.946128,
    "end_epoch": 1712257756.366821,
    "elapsed_seconds": 411.420693
}