{
    "model": "gpt-4-0125-preview",
    "commit": "a5f016d6f469626c8a40bfee1e24e4763f26f336",
    "input_cost_per_token": 1e-05,
    "output_cost_per_token": 1e-05,
    "total_input_tokens": 12359,
    "total_output_tokens": 1685,
    "total_tokens": 14044,
    "total_cost": 0.17414000000000002,
    "start_epoch": 1712257204.10152,
    "end_epoch": 1712257344.885998,
    "elapsed_seconds": 140.784478
}