{
    "model": "gpt-4-0125-preview",
    "commit": "a5f016d6f469626c8a40bfee1e24e4763f26f336",
    "input_cost_per_token": 1e-05,
    "output_cost_per_token": 1e-05,
    "total_input_tokens": 23304,
    "total_output_tokens": 2249,
    "total_tokens": 25553,
    "total_cost": 0.30051,
    "start_epoch": 1712268942.959729,
    "end_epoch": 1712269132.621982,
    "elapsed_seconds": 189.662253
}