{
    "model": "gpt-4-0125-preview",
    "commit": "a5f016d6f469626c8a40bfee1e24e4763f26f336",
    "input_cost_per_token": 1e-05,
    "output_cost_per_token": 1e-05,
    "total_input_tokens": 30774,
    "total_output_tokens": 3779,
    "total_tokens": 34553,
    "total_cost": 0.4211100000000001,
    "start_epoch": 1712262813.522345,
    "end_epoch": 1712263008.978949,
    "elapsed_seconds": 195.456604
}