{
    "model": "gpt-4-0125-preview",
    "commit": "a5f016d6f469626c8a40bfee1e24e4763f26f336",
    "input_cost_per_token": 1e-05,
    "output_cost_per_token": 1e-05,
    "total_input_tokens": 30955,
    "total_output_tokens": 1995,
    "total_tokens": 32950,
    "total_cost": 0.3694,
    "start_epoch": 1712381504.816906,
    "end_epoch": 1712381660.583611,
    "elapsed_seconds": 155.766705
}