{
    "model": "gpt-4-0125-preview",
    "commit": "a5f016d6f469626c8a40bfee1e24e4763f26f336",
    "input_cost_per_token": 1e-05,
    "output_cost_per_token": 1e-05,
    "total_input_tokens": 6162,
    "total_output_tokens": 1134,
    "total_tokens": 7296,
    "total_cost": 0.09564,
    "start_epoch": 1712380753.703197,
    "end_epoch": 1712380793.377849,
    "elapsed_seconds": 39.674652
}