{
    "model": "gpt-4-0125-preview",
    "commit": "a5f016d6f469626c8a40bfee1e24e4763f26f336",
    "input_cost_per_token": 1e-05,
    "output_cost_per_token": 1e-05,
    "total_input_tokens": 27639,
    "total_output_tokens": 2972,
    "total_tokens": 30611,
    "total_cost": 0.36555000000000004,
    "start_epoch": 1712267972.032431,
    "end_epoch": 1712268156.798075,
    "elapsed_seconds": 184.765644
}