{
    "model": "gpt-4-0125-preview",
    "commit": "a5f016d6f469626c8a40bfee1e24e4763f26f336",
    "input_cost_per_token": 1e-05,
    "output_cost_per_token": 1e-05,
    "total_input_tokens": 8443,
    "total_output_tokens": 942,
    "total_tokens": 9385,
    "total_cost": 0.11269000000000001,
    "start_epoch": 1712268824.711973,
    "end_epoch": 1712268942.831675,
    "elapsed_seconds": 118.119702
}