{
    "model": "gpt-4-0125-preview",
    "commit": "9ac9e2bf1e3093c236f5126e10324caf7f81e0d1",
    "input_cost_per_token": 1e-05,
    "output_cost_per_token": 1e-05,
    "total_input_tokens": 27999,
    "total_output_tokens": 2386,
    "total_tokens": 30385,
    "total_cost": 0.35157000000000005,
    "start_epoch": 1712225921.826207,
    "end_epoch": 1712226020.80839,
    "elapsed_seconds": 98.982183
}