{
    "model": "gpt-4-0125-preview",
    "commit": "9ac9e2bf1e3093c236f5126e10324caf7f81e0d1",
    "input_cost_per_token": 1e-05,
    "output_cost_per_token": 1e-05,
    "total_input_tokens": 16359,
    "total_output_tokens": 3026,
    "total_tokens": 19385,
    "total_cost": 0.25437000000000004,
    "start_epoch": 1712228794.574968,
    "end_epoch": 1712228946.264401,
    "elapsed_seconds": 151.689433
}