{
    "model": "gpt-4-0125-preview",
    "commit": "a5f016d6f469626c8a40bfee1e24e4763f26f336",
    "input_cost_per_token": 1e-05,
    "output_cost_per_token": 1e-05,
    "total_input_tokens": 15162,
    "total_output_tokens": 2227,
    "total_tokens": 17389,
    "total_cost": 0.21843,
    "start_epoch": 1712268631.876298,
    "end_epoch": 1712268738.40445,
    "elapsed_seconds": 106.528152
}