{
    "model": "gpt-4-0125-preview",
    "commit": "a5f016d6f469626c8a40bfee1e24e4763f26f336",
    "input_cost_per_token": 1e-05,
    "output_cost_per_token": 1e-05,
    "total_input_tokens": 21267,
    "total_output_tokens": 2908,
    "total_tokens": 24175,
    "total_cost": 0.29991,
    "start_epoch": 1712257878.714087,
    "end_epoch": 1712258104.527558,
    "elapsed_seconds": 225.813471
}