{
    "model": "gpt-4-0125-preview",
    "commit": "a5f016d6f469626c8a40bfee1e24e4763f26f336",
    "input_cost_per_token": 1e-05,
    "output_cost_per_token": 1e-05,
    "total_input_tokens": 35584,
    "total_output_tokens": 3682,
    "total_tokens": 39266,
    "total_cost": 0.46630000000000005,
    "start_epoch": 1712256448.10889,
    "end_epoch": 1712256674.911962,
    "elapsed_seconds": 226.803072
}