{
    "model": "gpt-4-0125-preview",
    "commit": "178da19b921052c6258e48ce9d225f34bde45d2b",
    "input_cost_per_token": 1e-05,
    "output_cost_per_token": 1e-05,
    "total_input_tokens": 6533,
    "total_output_tokens": 1746,
    "total_tokens": 8279,
    "total_cost": 0.11771000000000001,
    "start_epoch": 1712209848.458815,
    "end_epoch": 1712209959.976692,
    "elapsed_seconds": 111.517877
}