{
    "model": "gpt-4-0125-preview",
    "commit": "9ac9e2bf1e3093c236f5126e10324caf7f81e0d1",
    "input_cost_per_token": 1e-05,
    "output_cost_per_token": 1e-05,
    "total_input_tokens": 14570,
    "total_output_tokens": 1060,
    "total_tokens": 15630,
    "total_cost": 0.1775,
    "start_epoch": 1712230165.190977,
    "end_epoch": 1712230290.370213,
    "elapsed_seconds": 125.179236
}