{
    "model": "gpt-4-0125-preview",
    "commit": "178da19b921052c6258e48ce9d225f34bde45d2b",
    "input_cost_per_token": 1e-05,
    "output_cost_per_token": 1e-05,
    "total_input_tokens": 14121,
    "total_output_tokens": 2312,
    "total_tokens": 16433,
    "total_cost": 0.21057,
    "start_epoch": 1712213670.779867,
    "end_epoch": 1712213811.013687,
    "elapsed_seconds": 140.23382
}