{
    "model": "gpt-4-0125-preview",
    "commit": "a5f016d6f469626c8a40bfee1e24e4763f26f336",
    "input_cost_per_token": 1e-05,
    "output_cost_per_token": 1e-05,
    "total_input_tokens": 17927,
    "total_output_tokens": 1347,
    "total_tokens": 19274,
    "total_cost": 0.21968000000000004,
    "start_epoch": 1712265017.705003,
    "end_epoch": 1712265165.819738,
    "elapsed_seconds": 148.114735
}