{
    "model": "gpt-4-0125-preview",
    "commit": "9ac9e2bf1e3093c236f5126e10324caf7f81e0d1",
    "input_cost_per_token": 1e-05,
    "output_cost_per_token": 1e-05,
    "total_input_tokens": 124924,
    "total_output_tokens": 7096,
    "total_tokens": 132020,
    "total_cost": 1.46212,
    "start_epoch": 1712229025.370473,
    "end_epoch": 1712229446.166886,
    "elapsed_seconds": 420.796413
}