{
    "model": "gpt-4-0125-preview",
    "commit": "a5f016d6f469626c8a40bfee1e24e4763f26f336",
    "input_cost_per_token": 1e-05,
    "output_cost_per_token": 1e-05,
    "total_input_tokens": 21101,
    "total_output_tokens": 1903,
    "total_tokens": 23004,
    "total_cost": 0.2681,
    "start_epoch": 1712265426.459658,
    "end_epoch": 1712265562.371766,
    "elapsed_seconds": 135.912108
}