{
    "model": "gpt-4-0125-preview",
    "commit": "a5f016d6f469626c8a40bfee1e24e4763f26f336",
    "input_cost_per_token": 1e-05,
    "output_cost_per_token": 1e-05,
    "total_input_tokens": 22276,
    "total_output_tokens": 2403,
    "total_tokens": 24679,
    "total_cost": 0.29485,
    "start_epoch": 1712378930.713331,
    "end_epoch": 1712379086.400341,
    "elapsed_seconds": 155.68701
}