{
    "model": "gpt-4-0125-preview",
    "commit": "9ac9e2bf1e3093c236f5126e10324caf7f81e0d1",
    "input_cost_per_token": 1e-05,
    "output_cost_per_token": 1e-05,
    "total_input_tokens": 14657,
    "total_output_tokens": 1984,
    "total_tokens": 16641,
    "total_cost": 0.20609000000000002,
    "start_epoch": 1712230006.741066,
    "end_epoch": 1712230165.055935,
    "elapsed_seconds": 158.314869
}