{
    "model": "gpt-4-0125-preview",
    "commit": "a5f016d6f469626c8a40bfee1e24e4763f26f336",
    "input_cost_per_token": 1e-05,
    "output_cost_per_token": 1e-05,
    "total_input_tokens": 10862,
    "total_output_tokens": 1802,
    "total_tokens": 12664,
    "total_cost": 0.16268000000000002,
    "start_epoch": 1712378068.059601,
    "end_epoch": 1712378203.505823,
    "elapsed_seconds": 135.446222
}