{
    "model": "gpt-4-0125-preview",
    "commit": "a5f016d6f469626c8a40bfee1e24e4763f26f336",
    "input_cost_per_token": 1e-05,
    "output_cost_per_token": 1e-05,
    "total_input_tokens": 36058,
    "total_output_tokens": 4166,
    "total_tokens": 40224,
    "total_cost": 0.48556,
    "start_epoch": 1712256746.872578,
    "end_epoch": 1712257003.414739,
    "elapsed_seconds": 256.542161
}