{
    "model": "gpt-4-0125-preview",
    "commit": "178da19b921052c6258e48ce9d225f34bde45d2b",
    "input_cost_per_token": 1e-05,
    "output_cost_per_token": 1e-05,
    "total_input_tokens": 14640,
    "total_output_tokens": 2413,
    "total_tokens": 17053,
    "total_cost": 0.21879,
    "start_epoch": 1712214218.619848,
    "end_epoch": 1712214373.092987,
    "elapsed_seconds": 154.473139
}