{
    "model": "gpt-4-0125-preview",
    "commit": "a5f016d6f469626c8a40bfee1e24e4763f26f336",
    "input_cost_per_token": 1e-05,
    "output_cost_per_token": 1e-05,
    "total_input_tokens": 242900,
    "total_output_tokens": 8637,
    "total_tokens": 251537,
    "total_cost": 2.68811,
    "start_epoch": 1712383604.479586,
    "end_epoch": 1712384025.463899,
    "elapsed_seconds": 420.984313
}