{
    "model": "gpt-4-0125-preview",
    "commit": "178da19b921052c6258e48ce9d225f34bde45d2b",
    "input_cost_per_token": 1e-05,
    "output_cost_per_token": 1e-05,
    "total_input_tokens": 24749,
    "total_output_tokens": 2152,
    "total_tokens": 26901,
    "total_cost": 0.31205000000000005,
    "start_epoch": 1712212420.542514,
    "end_epoch": 1712212508.062528,
    "elapsed_seconds": 87.520014
}