{
    "model": "gpt-4-0125-preview",
    "commit": "9ac9e2bf1e3093c236f5126e10324caf7f81e0d1",
    "input_cost_per_token": 1e-05,
    "output_cost_per_token": 1e-05,
    "total_input_tokens": 7776,
    "total_output_tokens": 1030,
    "total_tokens": 8806,
    "total_cost": 0.10866,
    "start_epoch": 1712231696.081603,
    "end_epoch": 1712231877.743018,
    "elapsed_seconds": 181.661415
}