{
    "model": "gpt-4-0125-preview",
    "commit": "a5f016d6f469626c8a40bfee1e24e4763f26f336",
    "input_cost_per_token": 1e-05,
    "output_cost_per_token": 1e-05,
    "total_input_tokens": 12597,
    "total_output_tokens": 1602,
    "total_tokens": 14199,
    "total_cost": 0.17403000000000002,
    "start_epoch": 1712378092.100727,
    "end_epoch": 1712378182.285823,
    "elapsed_seconds": 90.185096
}