{
    "model": "gpt-4-0125-preview",
    "commit": "a5f016d6f469626c8a40bfee1e24e4763f26f336",
    "input_cost_per_token": 1e-05,
    "output_cost_per_token": 1e-05,
    "total_input_tokens": 19053,
    "total_output_tokens": 3070,
    "total_tokens": 22123,
    "total_cost": 0.28263000000000005,
    "start_epoch": 1712262922.126367,
    "end_epoch": 1712263119.183142,
    "elapsed_seconds": 197.056775
}