{
    "model": "gpt-4-0125-preview",
    "commit": "a5f016d6f469626c8a40bfee1e24e4763f26f336",
    "input_cost_per_token": 1e-05,
    "output_cost_per_token": 1e-05,
    "total_input_tokens": 33964,
    "total_output_tokens": 884,
    "total_tokens": 34848,
    "total_cost": 0.36616000000000004,
    "start_epoch": 1712382576.560047,
    "end_epoch": 1712382703.570416,
    "elapsed_seconds": 127.010369
}