{
    "model": "gpt-4-0125-preview",
    "commit": "a5f016d6f469626c8a40bfee1e24e4763f26f336",
    "input_cost_per_token": 1e-05,
    "output_cost_per_token": 1e-05,
    "total_input_tokens": 55490,
    "total_output_tokens": 2537,
    "total_tokens": 58027,
    "total_cost": 0.6310100000000001,
    "start_epoch": 1712259718.265576,
    "end_epoch": 1712259912.878529,
    "elapsed_seconds": 194.612953
}