{
    "model": "gpt-4-0125-preview",
    "commit": "9ac9e2bf1e3093c236f5126e10324caf7f81e0d1",
    "input_cost_per_token": 1e-05,
    "output_cost_per_token": 1e-05,
    "total_input_tokens": 21285,
    "total_output_tokens": 2647,
    "total_tokens": 23932,
    "total_cost": 0.29226,
    "start_epoch": 1712234919.1532,
    "end_epoch": 1712235138.518185,
    "elapsed_seconds": 219.364985
}