{
    "model": "gpt-4-0125-preview",
    "commit": "a5f016d6f469626c8a40bfee1e24e4763f26f336",
    "input_cost_per_token": 1e-05,
    "output_cost_per_token": 1e-05,
    "total_input_tokens": 11774,
    "total_output_tokens": 1052,
    "total_tokens": 12826,
    "total_cost": 0.1493,
    "start_epoch": 1712251668.976601,
    "end_epoch": 1712251897.954377,
    "elapsed_seconds": 228.977776
}