{
    "model": "gpt-4-0125-preview",
    "commit": "9ac9e2bf1e3093c236f5126e10324caf7f81e0d1",
    "input_cost_per_token": 1e-05,
    "output_cost_per_token": 1e-05,
    "total_input_tokens": 17748,
    "total_output_tokens": 2956,
    "total_tokens": 20704,
    "total_cost": 0.26616,
    "start_epoch": 1712227519.71906,
    "end_epoch": 1712227766.978437,
    "elapsed_seconds": 247.259377
}