{
    "model": "gpt-4-0125-preview",
    "commit": "9ac9e2bf1e3093c236f5126e10324caf7f81e0d1",
    "input_cost_per_token": 1e-05,
    "output_cost_per_token": 1e-05,
    "total_input_tokens": 7948,
    "total_output_tokens": 1176,
    "total_tokens": 9124,
    "total_cost": 0.11476000000000001,
    "start_epoch": 1712224627.424909,
    "end_epoch": 1712224733.036483,
    "elapsed_seconds": 105.611574
}