{
    "model": "gpt-4-0125-preview",
    "commit": "a5f016d6f469626c8a40bfee1e24e4763f26f336",
    "input_cost_per_token": 1e-05,
    "output_cost_per_token": 1e-05,
    "total_input_tokens": 27596,
    "total_output_tokens": 3690,
    "total_tokens": 31286,
    "total_cost": 0.38666,
    "start_epoch": 1712266560.963049,
    "end_epoch": 1712266707.687897,
    "elapsed_seconds": 146.724848
}