{
    "model": "gpt-4-0125-preview",
    "commit": "9ac9e2bf1e3093c236f5126e10324caf7f81e0d1",
    "input_cost_per_token": 1e-05,
    "output_cost_per_token": 1e-05,
    "total_input_tokens": 19284,
    "total_output_tokens": 1792,
    "total_tokens": 21076,
    "total_cost": 0.2466,
    "start_epoch": 1712225975.128802,
    "end_epoch": 1712226161.121959,
    "elapsed_seconds": 185.993157
}