{
    "model": "gpt-4-0125-preview",
    "commit": "a5f016d6f469626c8a40bfee1e24e4763f26f336",
    "input_cost_per_token": 1e-05,
    "output_cost_per_token": 1e-05,
    "total_input_tokens": 51851,
    "total_output_tokens": 3829,
    "total_tokens": 55680,
    "total_cost": 0.63338,
    "start_epoch": 1712265058.084354,
    "end_epoch": 1712265248.125709,
    "elapsed_seconds": 190.041355
}