{
    "model": "gpt-4-0125-preview",
    "commit": "a5f016d6f469626c8a40bfee1e24e4763f26f336",
    "input_cost_per_token": 1e-05,
    "output_cost_per_token": 1e-05,
    "total_input_tokens": 72995,
    "total_output_tokens": 5934,
    "total_tokens": 78929,
    "total_cost": 0.9079699999999999,
    "start_epoch": 1712383143.7304,
    "end_epoch": 1712383400.473238,
    "elapsed_seconds": 256.742838
}