{
    "model": "gpt-4-0125-preview",
    "commit": "9ac9e2bf1e3093c236f5126e10324caf7f81e0d1",
    "input_cost_per_token": 1e-05,
    "output_cost_per_token": 1e-05,
    "total_input_tokens": 14976,
    "total_output_tokens": 2075,
    "total_tokens": 17051,
    "total_cost": 0.21201,
    "start_epoch": 1712232889.800934,
    "end_epoch": 1712233068.259314,
    "elapsed_seconds": 178.45838
}