{
    "model": "gpt-4-0125-preview",
    "commit": "a5f016d6f469626c8a40bfee1e24e4763f26f336",
    "input_cost_per_token": 1e-05,
    "output_cost_per_token": 1e-05,
    "total_input_tokens": 13260,
    "total_output_tokens": 2442,
    "total_tokens": 15702,
    "total_cost": 0.20586000000000004,
    "start_epoch": 1712383132.119503,
    "end_epoch": 1712383272.123382,
    "elapsed_seconds": 140.003879
}