{
    "model": "gpt-4-0125-preview",
    "commit": "a5f016d6f469626c8a40bfee1e24e4763f26f336",
    "input_cost_per_token": 1e-05,
    "output_cost_per_token": 1e-05,
    "total_input_tokens": 9496,
    "total_output_tokens": 1089,
    "total_tokens": 10585,
    "total_cost": 0.12763,
    "start_epoch": 1712378455.220612,
    "end_epoch": 1712378603.094639,
    "elapsed_seconds": 147.874027
}