{
    "model": "gpt-4-0125-preview",
    "commit": "9ac9e2bf1e3093c236f5126e10324caf7f81e0d1",
    "input_cost_per_token": 1e-05,
    "output_cost_per_token": 1e-05,
    "total_input_tokens": 6918,
    "total_output_tokens": 1571,
    "total_tokens": 8489,
    "total_cost": 0.11631000000000001,
    "start_epoch": 1712228594.762112,
    "end_epoch": 1712228697.484133,
    "elapsed_seconds": 102.722021
}