{
    "model": "gpt-4-0125-preview",
    "commit": "a5f016d6f469626c8a40bfee1e24e4763f26f336",
    "input_cost_per_token": 1e-05,
    "output_cost_per_token": 1e-05,
    "total_input_tokens": 15467,
    "total_output_tokens": 1512,
    "total_tokens": 16979,
    "total_cost": 0.20003,
    "start_epoch": 1712381660.734414,
    "end_epoch": 1712381803.070662,
    "elapsed_seconds": 142.336248
}