{
    "model": "gpt-4-0125-preview",
    "commit": "a5f016d6f469626c8a40bfee1e24e4763f26f336",
    "input_cost_per_token": 1e-05,
    "output_cost_per_token": 1e-05,
    "total_input_tokens": 80142,
    "total_output_tokens": 8644,
    "total_tokens": 88786,
    "total_cost": 1.06074,
    "start_epoch": 1712382824.602754,
    "end_epoch": 1712383113.171677,
    "elapsed_seconds": 288.568923
}