{
    "model": "gpt-4-0125-preview",
    "commit": "9ac9e2bf1e3093c236f5126e10324caf7f81e0d1",
    "input_cost_per_token": 1e-05,
    "output_cost_per_token": 1e-05,
    "total_input_tokens": 21363,
    "total_output_tokens": 2529,
    "total_tokens": 23892,
    "total_cost": 0.2895,
    "start_epoch": 1712227875.180617,
    "end_epoch": 1712228070.054723,
    "elapsed_seconds": 194.874106
}