{
    "model": "gpt-4-0125-preview",
    "commit": "9ac9e2bf1e3093c236f5126e10324caf7f81e0d1",
    "input_cost_per_token": 1e-05,
    "output_cost_per_token": 1e-05,
    "total_input_tokens": 12467,
    "total_output_tokens": 1893,
    "total_tokens": 14360,
    "total_cost": 0.18146,
    "start_epoch": 1712238684.563949,
    "end_epoch": 1712238882.634034,
    "elapsed_seconds": 198.070085
}