{
    "model": "gpt-4-0125-preview",
    "commit": "a5f016d6f469626c8a40bfee1e24e4763f26f336",
    "input_cost_per_token": 1e-05,
    "output_cost_per_token": 1e-05,
    "total_input_tokens": 25679,
    "total_output_tokens": 3667,
    "total_tokens": 29346,
    "total_cost": 0.3668,
    "start_epoch": 1712260658.569214,
    "end_epoch": 1712260887.412537,
    "elapsed_seconds": 228.843323
}