{
    "model": "gpt-4-0125-preview",
    "commit": "9ac9e2bf1e3093c236f5126e10324caf7f81e0d1",
    "input_cost_per_token": 1e-05,
    "output_cost_per_token": 1e-05,
    "total_input_tokens": 21319,
    "total_output_tokens": 1806,
    "total_tokens": 23125,
    "total_cost": 0.26737,
    "start_epoch": 1712226790.295337,
    "end_epoch": 1712226917.019572,
    "elapsed_seconds": 126.724235
}