{
    "model": "gpt-4-0125-preview",
    "commit": "a5f016d6f469626c8a40bfee1e24e4763f26f336",
    "input_cost_per_token": 1e-05,
    "output_cost_per_token": 1e-05,
    "total_input_tokens": 126876,
    "total_output_tokens": 8873,
    "total_tokens": 135749,
    "total_cost": 1.5349500000000003,
    "start_epoch": 1712263636.282498,
    "end_epoch": 1712264128.312059,
    "elapsed_seconds": 492.029561
}