{
    "model": "gpt-4-0125-preview",
    "commit": "a5f016d6f469626c8a40bfee1e24e4763f26f336",
    "input_cost_per_token": 1e-05,
    "output_cost_per_token": 1e-05,
    "total_input_tokens": 151498,
    "total_output_tokens": 7934,
    "total_tokens": 159432,
    "total_cost": 1.7530000000000003,
    "start_epoch": 1712264405.73747,
    "end_epoch": 1712264931.984588,
    "elapsed_seconds": 526.247118
}