{
    "model": "gpt-4-0125-preview",
    "commit": "9ac9e2bf1e3093c236f5126e10324caf7f81e0d1",
    "input_cost_per_token": 1e-05,
    "output_cost_per_token": 1e-05,
    "total_input_tokens": 23985,
    "total_output_tokens": 2417,
    "total_tokens": 26402,
    "total_cost": 0.31236,
    "start_epoch": 1712224733.158152,
    "end_epoch": 1712224900.073365,
    "elapsed_seconds": 166.915213
}