{
    "model": "gpt-4-0125-preview",
    "commit": "a5f016d6f469626c8a40bfee1e24e4763f26f336",
    "input_cost_per_token": 1e-05,
    "output_cost_per_token": 1e-05,
    "total_input_tokens": 34068,
    "total_output_tokens": 2725,
    "total_tokens": 36793,
    "total_cost": 0.42243,
    "start_epoch": 1712258845.534463,
    "end_epoch": 1712259217.541058,
    "elapsed_seconds": 372.006595
}