{
    "model": "gpt-4-0125-preview",
    "commit": "a5f016d6f469626c8a40bfee1e24e4763f26f336",
    "input_cost_per_token": 1e-05,
    "output_cost_per_token": 1e-05,
    "total_input_tokens": 239487,
    "total_output_tokens": 9255,
    "total_tokens": 248742,
    "total_cost": 2.67252,
    "start_epoch": 1712379743.07925,
    "end_epoch": 1712380128.121348,
    "elapsed_seconds": 385.042098
}