{
    "model": "gpt-4-0125-preview",
    "commit": "a5f016d6f469626c8a40bfee1e24e4763f26f336",
    "input_cost_per_token": 1e-05,
    "output_cost_per_token": 1e-05,
    "total_input_tokens": 11086,
    "total_output_tokens": 930,
    "total_tokens": 12016,
    "total_cost": 0.13876,
    "start_epoch": 1712380592.520435,
    "end_epoch": 1712380634.36529,
    "elapsed_seconds": 41.844855
}