{
    "model": "gpt-4-0125-preview",
    "commit": "178da19b921052c6258e48ce9d225f34bde45d2b",
    "input_cost_per_token": 1e-05,
    "output_cost_per_token": 1e-05,
    "total_input_tokens": 35686,
    "total_output_tokens": 4008,
    "total_tokens": 39694,
    "total_cost": 0.4771000000000001,
    "start_epoch": 1712208805.795873,
    "end_epoch": 1712208978.22332,
    "elapsed_seconds": 172.427447
}