{
    "model": "gpt-4-0125-preview",
    "commit": "a5f016d6f469626c8a40bfee1e24e4763f26f336",
    "input_cost_per_token": 1e-05,
    "output_cost_per_token": 1e-05,
    "total_input_tokens": 10591,
    "total_output_tokens": 1576,
    "total_tokens": 12167,
    "total_cost": 0.15319,
    "start_epoch": 1712256866.929552,
    "end_epoch": 1712257067.569968,
    "elapsed_seconds": 200.640416
}