{
    "model": "gpt-4-0125-preview",
    "commit": "9ac9e2bf1e3093c236f5126e10324caf7f81e0d1",
    "input_cost_per_token": 1e-05,
    "output_cost_per_token": 1e-05,
    "total_input_tokens": 188571,
    "total_output_tokens": 8075,
    "total_tokens": 196646,
    "total_cost": 2.1279600000000003,
    "start_epoch": 1712227433.145429,
    "end_epoch": 1712227877.173162,
    "elapsed_seconds": 444.027733
}