{
    "model": "gpt-4-0125-preview",
    "commit": "9ac9e2bf1e3093c236f5126e10324caf7f81e0d1",
    "input_cost_per_token": 1e-05,
    "output_cost_per_token": 1e-05,
    "total_input_tokens": 38662,
    "total_output_tokens": 4174,
    "total_tokens": 42836,
    "total_cost": 0.5118400000000001,
    "start_epoch": 1712231583.869861,
    "end_epoch": 1712231800.363371,
    "elapsed_seconds": 216.49351
}