{
    "model": "gpt-4-0125-preview",
    "commit": "a5f016d6f469626c8a40bfee1e24e4763f26f336",
    "input_cost_per_token": 1e-05,
    "output_cost_per_token": 1e-05,
    "total_input_tokens": 15820,
    "total_output_tokens": 2097,
    "total_tokens": 17917,
    "total_cost": 0.22111,
    "start_epoch": 1712379193.765631,
    "end_epoch": 1712379281.843575,
    "elapsed_seconds": 88.077944
}