{
    "model": "gpt-4-0125-preview",
    "commit": "9ac9e2bf1e3093c236f5126e10324caf7f81e0d1",
    "input_cost_per_token": 1e-05,
    "output_cost_per_token": 1e-05,
    "total_input_tokens": 18321,
    "total_output_tokens": 2370,
    "total_tokens": 20691,
    "total_cost": 0.25431000000000004,
    "start_epoch": 1712224467.390485,
    "end_epoch": 1712224592.064774,
    "elapsed_seconds": 124.674289
}