{
    "model": "gpt-4-0125-preview",
    "commit": "a5f016d6f469626c8a40bfee1e24e4763f26f336",
    "input_cost_per_token": 1e-05,
    "output_cost_per_token": 1e-05,
    "total_input_tokens": 51020,
    "total_output_tokens": 4730,
    "total_tokens": 55750,
    "total_cost": 0.6521000000000001,
    "start_epoch": 1712251932.049145,
    "end_epoch": 1712252258.907927,
    "elapsed_seconds": 326.858782
}