{
    "model": "gpt-4-0125-preview",
    "commit": "a5f016d6f469626c8a40bfee1e24e4763f26f336",
    "input_cost_per_token": 1e-05,
    "output_cost_per_token": 1e-05,
    "total_input_tokens": 59523,
    "total_output_tokens": 4475,
    "total_tokens": 63998,
    "total_cost": 0.72948,
    "start_epoch": 1712254339.376019,
    "end_epoch": 1712254557.519125,
    "elapsed_seconds": 218.143106
}