{
    "model": "gpt-4-0125-preview",
    "commit": "a5f016d6f469626c8a40bfee1e24e4763f26f336",
    "input_cost_per_token": 1e-05,
    "output_cost_per_token": 1e-05,
    "total_input_tokens": 19398,
    "total_output_tokens": 2304,
    "total_tokens": 21702,
    "total_cost": 0.2631,
    "start_epoch": 1712259379.989816,
    "end_epoch": 1712259549.498379,
    "elapsed_seconds": 169.508563
}