{
    "model": "gpt-4-0125-preview",
    "commit": "a5f016d6f469626c8a40bfee1e24e4763f26f336",
    "input_cost_per_token": 1e-05,
    "output_cost_per_token": 1e-05,
    "total_input_tokens": 21650,
    "total_output_tokens": 2123,
    "total_tokens": 23773,
    "total_cost": 0.28019000000000005,
    "start_epoch": 1712263543.789064,
    "end_epoch": 1712263656.360152,
    "elapsed_seconds": 112.571088
}