{
    "model": "gpt-4-0125-preview",
    "commit": "a5f016d6f469626c8a40bfee1e24e4763f26f336",
    "input_cost_per_token": 1e-05,
    "output_cost_per_token": 1e-05,
    "total_input_tokens": 15174,
    "total_output_tokens": 2060,
    "total_tokens": 17234,
    "total_cost": 0.21354,
    "start_epoch": 1712261162.067587,
    "end_epoch": 1712261340.936942,
    "elapsed_seconds": 178.869355
}