{
    "model": "gpt-4-0125-preview",
    "commit": "a5f016d6f469626c8a40bfee1e24e4763f26f336",
    "input_cost_per_token": 1e-05,
    "output_cost_per_token": 1e-05,
    "total_input_tokens": 15662,
    "total_output_tokens": 2840,
    "total_tokens": 18502,
    "total_cost": 0.24182,
    "start_epoch": 1712379240.74794,
    "end_epoch": 1712379400.14304,
    "elapsed_seconds": 159.3951
}