{
    "model": "gpt-4-0125-preview",
    "commit": "178da19b921052c6258e48ce9d225f34bde45d2b",
    "input_cost_per_token": 1e-05,
    "output_cost_per_token": 1e-05,
    "total_input_tokens": 45794,
    "total_output_tokens": 3636,
    "total_tokens": 49430,
    "total_cost": 0.5670200000000001,
    "start_epoch": 1712211746.325829,
    "end_epoch": 1712211940.813991,
    "elapsed_seconds": 194.488162
}