{
    "model": "gpt-4-0125-preview",
    "commit": "a5f016d6f469626c8a40bfee1e24e4763f26f336",
    "input_cost_per_token": 1e-05,
    "output_cost_per_token": 1e-05,
    "total_input_tokens": 26407,
    "total_output_tokens": 2000,
    "total_tokens": 28407,
    "total_cost": 0.32407,
    "start_epoch": 1712265351.004512,
    "end_epoch": 1712265516.928092,
    "elapsed_seconds": 165.92358
}