{
    "model": "gpt-4-0125-preview",
    "commit": "a5f016d6f469626c8a40bfee1e24e4763f26f336",
    "input_cost_per_token": 1e-05,
    "output_cost_per_token": 1e-05,
    "total_input_tokens": 22163,
    "total_output_tokens": 3395,
    "total_tokens": 25558,
    "total_cost": 0.32348000000000005,
    "start_epoch": 1712260381.529077,
    "end_epoch": 1712260655.308377,
    "elapsed_seconds": 273.7793
}