{
    "model": "gpt-4-0125-preview",
    "commit": "178da19b921052c6258e48ce9d225f34bde45d2b",
    "input_cost_per_token": 1e-05,
    "output_cost_per_token": 1e-05,
    "total_input_tokens": 83085,
    "total_output_tokens": 6398,
    "total_tokens": 89483,
    "total_cost": 1.02279,
    "start_epoch": 1712214029.039383,
    "end_epoch": 1712214315.460084,
    "elapsed_seconds": 286.420701
}