{
    "model": "gpt-4-0125-preview",
    "commit": "9ac9e2bf1e3093c236f5126e10324caf7f81e0d1",
    "input_cost_per_token": 1e-05,
    "output_cost_per_token": 1e-05,
    "total_input_tokens": 16581,
    "total_output_tokens": 2449,
    "total_tokens": 19030,
    "total_cost": 0.23928000000000002,
    "start_epoch": 1712225687.242865,
    "end_epoch": 1712225802.245317,
    "elapsed_seconds": 115.002452
}