{
    "model": "gpt-4-0125-preview",
    "commit": "a5f016d6f469626c8a40bfee1e24e4763f26f336",
    "input_cost_per_token": 1e-05,
    "output_cost_per_token": 1e-05,
    "total_input_tokens": 6812,
    "total_output_tokens": 895,
    "total_tokens": 7707,
    "total_cost": 0.09497,
    "start_epoch": 1712266666.660383,
    "end_epoch": 1712266741.948812,
    "elapsed_seconds": 75.288429
}