{
    "model": "gpt-4-0125-preview",
    "commit": "a5f016d6f469626c8a40bfee1e24e4763f26f336",
    "input_cost_per_token": 1e-05,
    "output_cost_per_token": 1e-05,
    "total_input_tokens": 6351,
    "total_output_tokens": 954,
    "total_tokens": 7305,
    "total_cost": 0.09213,
    "start_epoch": 1712378473.839169,
    "end_epoch": 1712378615.68967,
    "elapsed_seconds": 141.850501
}