{
    "model": "gpt-4-0125-preview",
    "commit": "a5f016d6f469626c8a40bfee1e24e4763f26f336",
    "input_cost_per_token": 1e-05,
    "output_cost_per_token": 1e-05,
    "total_input_tokens": 30073,
    "total_output_tokens": 2554,
    "total_tokens": 32627,
    "total_cost": 0.37735,
    "start_epoch": 1712265248.163745,
    "end_epoch": 1712265370.742906,
    "elapsed_seconds": 122.579161
}