{
    "model": "gpt-4-0125-preview",
    "commit": "a5f016d6f469626c8a40bfee1e24e4763f26f336",
    "input_cost_per_token": 1e-05,
    "output_cost_per_token": 1e-05,
    "total_input_tokens": 42832,
    "total_output_tokens": 4620,
    "total_tokens": 47452,
    "total_cost": 0.5669200000000001,
    "start_epoch": 1712267594.510293,
    "end_epoch": 1712267832.819668,
    "elapsed_seconds": 238.309375
}