{
    "model": "gpt-4-0125-preview",
    "commit": "a5f016d6f469626c8a40bfee1e24e4763f26f336",
    "input_cost_per_token": 1e-05,
    "output_cost_per_token": 1e-05,
    "total_input_tokens": 33780,
    "total_output_tokens": 2012,
    "total_tokens": 35792,
    "total_cost": 0.39816,
    "start_epoch": 1712261185.526504,
    "end_epoch": 1712261340.707819,
    "elapsed_seconds": 155.181315
}