{
    "model": "gpt-4-0125-preview",
    "commit": "178da19b921052c6258e48ce9d225f34bde45d2b",
    "input_cost_per_token": 1e-05,
    "output_cost_per_token": 1e-05,
    "total_input_tokens": 19878,
    "total_output_tokens": 1685,
    "total_tokens": 21563,
    "total_cost": 0.24933,
    "start_epoch": 1712210489.048599,
    "end_epoch": 1712210561.936848,
    "elapsed_seconds": 72.888249
}