{
    "model": "gpt-4-0125-preview",
    "commit": "a5f016d6f469626c8a40bfee1e24e4763f26f336",
    "input_cost_per_token": 1e-05,
    "output_cost_per_token": 1e-05,
    "total_input_tokens": 11210,
    "total_output_tokens": 2058,
    "total_tokens": 13268,
    "total_cost": 0.17384000000000002,
    "start_epoch": 1712381989.690159,
    "end_epoch": 1712382139.582882,
    "elapsed_seconds": 149.892723
}