{
    "model": "gpt-4-0125-preview",
    "commit": "178da19b921052c6258e48ce9d225f34bde45d2b",
    "input_cost_per_token": 1e-05,
    "output_cost_per_token": 1e-05,
    "total_input_tokens": 42452,
    "total_output_tokens": 2579,
    "total_tokens": 45031,
    "total_cost": 0.5018900000000001,
    "start_epoch": 1712213097.027086,
    "end_epoch": 1712213255.554245,
    "elapsed_seconds": 158.527159
}