{
    "model": "gpt-4-0125-preview",
    "commit": "a5f016d6f469626c8a40bfee1e24e4763f26f336",
    "input_cost_per_token": 1e-05,
    "output_cost_per_token": 1e-05,
    "total_input_tokens": 147614,
    "total_output_tokens": 10550,
    "total_tokens": 158164,
    "total_cost": 1.7926400000000002,
    "start_epoch": 1712265893.002359,
    "end_epoch": 1712266431.262345,
    "elapsed_seconds": 538.259986
}