{
    "model": "gpt-4-0125-preview",
    "commit": "a5f016d6f469626c8a40bfee1e24e4763f26f336",
    "input_cost_per_token": 1e-05,
    "output_cost_per_token": 1e-05,
    "total_input_tokens": 40982,
    "total_output_tokens": 4215,
    "total_tokens": 45197,
    "total_cost": 0.53627,
    "start_epoch": 1712252534.354663,
    "end_epoch": 1712252920.926859,
    "elapsed_seconds": 386.572196
}