{
    "model": "gpt-4-0125-preview",
    "commit": "a5f016d6f469626c8a40bfee1e24e4763f26f336",
    "input_cost_per_token": 1e-05,
    "output_cost_per_token": 1e-05,
    "total_input_tokens": 138083,
    "total_output_tokens": 7334,
    "total_tokens": 145417,
    "total_cost": 1.60085,
    "start_epoch": 1712380634.469198,
    "end_epoch": 1712380893.573578,
    "elapsed_seconds": 259.10438
}