{
    "model": "gpt-4-0125-preview",
    "commit": "a5f016d6f469626c8a40bfee1e24e4763f26f336",
    "input_cost_per_token": 1e-05,
    "output_cost_per_token": 1e-05,
    "total_input_tokens": 8445,
    "total_output_tokens": 824,
    "total_tokens": 9269,
    "total_cost": 0.10917000000000002,
    "start_epoch": 1712252259.063557,
    "end_epoch": 1712252408.065068,
    "elapsed_seconds": 149.001511
}