{
    "model": "gpt-4-0125-preview",
    "commit": "a5f016d6f469626c8a40bfee1e24e4763f26f336",
    "input_cost_per_token": 1e-05,
    "output_cost_per_token": 1e-05,
    "total_input_tokens": 54101,
    "total_output_tokens": 4602,
    "total_tokens": 58703,
    "total_cost": 0.6790700000000001,
    "start_epoch": 1712381056.720874,
    "end_epoch": 1712381326.899651,
    "elapsed_seconds": 270.178777
}