{
    "model": "gpt-4-0125-preview",
    "commit": "a5f016d6f469626c8a40bfee1e24e4763f26f336",
    "input_cost_per_token": 1e-05,
    "output_cost_per_token": 1e-05,
    "total_input_tokens": 12137,
    "total_output_tokens": 1597,
    "total_tokens": 13734,
    "total_cost": 0.16928,
    "start_epoch": 1712252271.736214,
    "end_epoch": 1712252395.662587,
    "elapsed_seconds": 123.926373
}