{
    "model": "gpt-4-0125-preview",
    "commit": "9ac9e2bf1e3093c236f5126e10324caf7f81e0d1",
    "input_cost_per_token": 1e-05,
    "output_cost_per_token": 1e-05,
    "total_input_tokens": 37929,
    "total_output_tokens": 4083,
    "total_tokens": 42012,
    "total_cost": 0.50178,
    "start_epoch": 1712229512.273825,
    "end_epoch": 1712229842.595475,
    "elapsed_seconds": 330.32165
}