{
    "model": "gpt-4-0125-preview",
    "commit": "a5f016d6f469626c8a40bfee1e24e4763f26f336",
    "input_cost_per_token": 1e-05,
    "output_cost_per_token": 1e-05,
    "total_input_tokens": 91763,
    "total_output_tokens": 6503,
    "total_tokens": 98266,
    "total_cost": 1.11272,
    "start_epoch": 1712268026.609833,
    "end_epoch": 1712268362.041035,
    "elapsed_seconds": 335.431202
}