{
    "model": "gpt-4-0125-preview",
    "commit": "9ac9e2bf1e3093c236f5126e10324caf7f81e0d1",
    "input_cost_per_token": 1e-05,
    "output_cost_per_token": 1e-05,
    "total_input_tokens": 24377,
    "total_output_tokens": 2620,
    "total_tokens": 26997,
    "total_cost": 0.32237000000000005,
    "start_epoch": 1712225802.368601,
    "end_epoch": 1712225921.716033,
    "elapsed_seconds": 119.347432
}