{
    "model": "gpt-4-0125-preview",
    "commit": "9ac9e2bf1e3093c236f5126e10324caf7f81e0d1",
    "input_cost_per_token": 1e-05,
    "output_cost_per_token": 1e-05,
    "total_input_tokens": 65728,
    "total_output_tokens": 3951,
    "total_tokens": 69679,
    "total_cost": 0.77581,
    "start_epoch": 1712225795.58236,
    "end_epoch": 1712226012.422381,
    "elapsed_seconds": 216.840021
}