{
    "model": "gpt-4-0125-preview",
    "commit": "a5f016d6f469626c8a40bfee1e24e4763f26f336",
    "input_cost_per_token": 1e-05,
    "output_cost_per_token": 1e-05,
    "total_input_tokens": 140211,
    "total_output_tokens": 6340,
    "total_tokens": 146551,
    "total_cost": 1.5923100000000003,
    "start_epoch": 1712264584.092007,
    "end_epoch": 1712264938.10881,
    "elapsed_seconds": 354.016803
}