{
    "model": "gpt-4-0125-preview",
    "commit": "a5f016d6f469626c8a40bfee1e24e4763f26f336",
    "input_cost_per_token": 1e-05,
    "output_cost_per_token": 1e-05,
    "total_input_tokens": 5792,
    "total_output_tokens": 1177,
    "total_tokens": 6969,
    "total_cost": 0.09323000000000001,
    "start_epoch": 1712260733.430976,
    "end_epoch": 1712260855.681028,
    "elapsed_seconds": 122.250052
}