{
    "model": "gpt-4-0125-preview",
    "commit": "a5f016d6f469626c8a40bfee1e24e4763f26f336",
    "input_cost_per_token": 1e-05,
    "output_cost_per_token": 1e-05,
    "total_input_tokens": 56749,
    "total_output_tokens": 1191,
    "total_tokens": 57940,
    "total_cost": 0.6032200000000001,
    "start_epoch": 1712380687.783588,
    "end_epoch": 1712380870.43534,
    "elapsed_seconds": 182.651752
}