{
    "model": "gpt-4-0125-preview",
    "commit": "a5f016d6f469626c8a40bfee1e24e4763f26f336",
    "input_cost_per_token": 1e-05,
    "output_cost_per_token": 1e-05,
    "total_input_tokens": 16991,
    "total_output_tokens": 1484,
    "total_tokens": 18475,
    "total_cost": 0.21443,
    "start_epoch": 1712258592.464685,
    "end_epoch": 1712258717.4945,
    "elapsed_seconds": 125.029815
}