{
    "model": "gpt-4-0125-preview",
    "commit": "178da19b921052c6258e48ce9d225f34bde45d2b",
    "input_cost_per_token": 1e-05,
    "output_cost_per_token": 1e-05,
    "total_input_tokens": 52212,
    "total_output_tokens": 2578,
    "total_tokens": 54790,
    "total_cost": 0.5994600000000001,
    "start_epoch": 1712217858.976145,
    "end_epoch": 1712218031.766854,
    "elapsed_seconds": 172.790709
}