{
    "model": "gpt-4-0125-preview",
    "commit": "9ac9e2bf1e3093c236f5126e10324caf7f81e0d1",
    "input_cost_per_token": 1e-05,
    "output_cost_per_token": 1e-05,
    "total_input_tokens": 28620,
    "total_output_tokens": 3918,
    "total_tokens": 32538,
    "total_cost": 0.40374,
    "start_epoch": 1712229974.844553,
    "end_epoch": 1712230145.154253,
    "elapsed_seconds": 170.3097
}