{
    "model": "gpt-4-0125-preview",
    "commit": "a5f016d6f469626c8a40bfee1e24e4763f26f336",
    "input_cost_per_token": 1e-05,
    "output_cost_per_token": 1e-05,
    "total_input_tokens": 51561,
    "total_output_tokens": 4095,
    "total_tokens": 55656,
    "total_cost": 0.63846,
    "start_epoch": 1712267674.349291,
    "end_epoch": 1712267898.46993,
    "elapsed_seconds": 224.120639
}