{
    "model": "gpt-4-0125-preview",
    "commit": "a5f016d6f469626c8a40bfee1e24e4763f26f336",
    "input_cost_per_token": 1e-05,
    "output_cost_per_token": 1e-05,
    "total_input_tokens": 16040,
    "total_output_tokens": 1363,
    "total_tokens": 17403,
    "total_cost": 0.20129000000000002,
    "start_epoch": 1712265916.570844,
    "end_epoch": 1712266011.498407,
    "elapsed_seconds": 94.927563
}