{
    "model": "gpt-4-0125-preview",
    "commit": "a5f016d6f469626c8a40bfee1e24e4763f26f336",
    "input_cost_per_token": 1e-05,
    "output_cost_per_token": 1e-05,
    "total_input_tokens": 67258,
    "total_output_tokens": 6384,
    "total_tokens": 73642,
    "total_cost": 0.8641000000000002,
    "start_epoch": 1712260351.755725,
    "end_epoch": 1712260733.364426,
    "elapsed_seconds": 381.608701
}