{
    "model": "gpt-4-0125-preview",
    "commit": "a5f016d6f469626c8a40bfee1e24e4763f26f336",
    "input_cost_per_token": 1e-05,
    "output_cost_per_token": 1e-05,
    "total_input_tokens": 36671,
    "total_output_tokens": 4447,
    "total_tokens": 41118,
    "total_cost": 0.50012,
    "start_epoch": 1712260534.521727,
    "end_epoch": 1712260869.339671,
    "elapsed_seconds": 334.817944
}