{
    "model": "gpt-4-0125-preview",
    "commit": "178da19b921052c6258e48ce9d225f34bde45d2b",
    "input_cost_per_token": 1e-05,
    "output_cost_per_token": 1e-05,
    "total_input_tokens": 15636,
    "total_output_tokens": 2671,
    "total_tokens": 18307,
    "total_cost": 0.23649,
    "start_epoch": 1712214315.497257,
    "end_epoch": 1712214435.436672,
    "elapsed_seconds": 119.939415
}