{
    "model": "gpt-4-0125-preview",
    "commit": "a5f016d6f469626c8a40bfee1e24e4763f26f336",
    "input_cost_per_token": 1e-05,
    "output_cost_per_token": 1e-05,
    "total_input_tokens": 42352,
    "total_output_tokens": 2633,
    "total_tokens": 44985,
    "total_cost": 0.50251,
    "start_epoch": 1712269143.901973,
    "end_epoch": 1712269264.493451,
    "elapsed_seconds": 120.591478
}