{
    "model": "gpt-4-0125-preview",
    "commit": "a5f016d6f469626c8a40bfee1e24e4763f26f336",
    "input_cost_per_token": 1e-05,
    "output_cost_per_token": 1e-05,
    "total_input_tokens": 8745,
    "total_output_tokens": 1140,
    "total_tokens": 9885,
    "total_cost": 0.12165000000000001,
    "start_epoch": 1712381338.548424,
    "end_epoch": 1712381487.948973,
    "elapsed_seconds": 149.400549
}