{
    "model": "gpt-4-0125-preview",
    "commit": "a5f016d6f469626c8a40bfee1e24e4763f26f336",
    "input_cost_per_token": 1e-05,
    "output_cost_per_token": 1e-05,
    "total_input_tokens": 119137,
    "total_output_tokens": 8543,
    "total_tokens": 127680,
    "total_cost": 1.44766,
    "start_epoch": 1712262439.353541,
    "end_epoch": 1712262922.058323,
    "elapsed_seconds": 482.704782
}