{
    "model": "gpt-4-0125-preview",
    "commit": "178da19b921052c6258e48ce9d225f34bde45d2b",
    "input_cost_per_token": 1e-05,
    "output_cost_per_token": 1e-05,
    "total_input_tokens": 23673,
    "total_output_tokens": 2733,
    "total_tokens": 26406,
    "total_cost": 0.31872,
    "start_epoch": 1712208376.200077,
    "end_epoch": 1712208488.656016,
    "elapsed_seconds": 112.455939
}