{
    "model": "gpt-4-0125-preview",
    "commit": "9ac9e2bf1e3093c236f5126e10324caf7f81e0d1",
    "input_cost_per_token": 1e-05,
    "output_cost_per_token": 1e-05,
    "total_input_tokens": 11631,
    "total_output_tokens": 1459,
    "total_tokens": 13090,
    "total_cost": 0.16008,
    "start_epoch": 1712228203.556431,
    "end_epoch": 1712228282.895397,
    "elapsed_seconds": 79.338966
}