{
    "model": "gpt-4-0125-preview",
    "commit": "a5f016d6f469626c8a40bfee1e24e4763f26f336",
    "input_cost_per_token": 1e-05,
    "output_cost_per_token": 1e-05,
    "total_input_tokens": 8186,
    "total_output_tokens": 1300,
    "total_tokens": 9486,
    "total_cost": 0.12086,
    "start_epoch": 1712263790.398287,
    "end_epoch": 1712263904.330521,
    "elapsed_seconds": 113.932234
}