{
    "model": "gpt-4-0125-preview",
    "commit": "a5f016d6f469626c8a40bfee1e24e4763f26f336",
    "input_cost_per_token": 1e-05,
    "output_cost_per_token": 1e-05,
    "total_input_tokens": 29450,
    "total_output_tokens": 4096,
    "total_tokens": 33546,
    "total_cost": 0.4173800000000001,
    "start_epoch": 1712268452.374033,
    "end_epoch": 1712268620.335639,
    "elapsed_seconds": 167.961606
}