{
    "model": "gpt-4-0125-preview",
    "commit": "a5f016d6f469626c8a40bfee1e24e4763f26f336",
    "input_cost_per_token": 1e-05,
    "output_cost_per_token": 1e-05,
    "total_input_tokens": 9818,
    "total_output_tokens": 1270,
    "total_tokens": 11088,
    "total_cost": 0.13628,
    "start_epoch": 1712268691.550017,
    "end_epoch": 1712268824.581698,
    "elapsed_seconds": 133.031681
}