{
    "model": "gpt-4-0125-preview",
    "commit": "a5f016d6f469626c8a40bfee1e24e4763f26f336",
    "input_cost_per_token": 1e-05,
    "output_cost_per_token": 1e-05,
    "total_input_tokens": 113778,
    "total_output_tokens": 9034,
    "total_tokens": 122812,
    "total_cost": 1.4088000000000003,
    "start_epoch": 1712381652.442287,
    "end_epoch": 1712381978.928419,
    "elapsed_seconds": 326.486132
}