{
    "model": "gpt-4-0125-preview",
    "commit": "a5f016d6f469626c8a40bfee1e24e4763f26f336",
    "input_cost_per_token": 1e-05,
    "output_cost_per_token": 1e-05,
    "total_input_tokens": 59584,
    "total_output_tokens": 4119,
    "total_tokens": 63703,
    "total_cost": 0.7194100000000001,
    "start_epoch": 1712263591.546954,
    "end_epoch": 1712263848.994072,
    "elapsed_seconds": 257.447118
}