{
    "model": "gpt-4-0125-preview",
    "commit": "9ac9e2bf1e3093c236f5126e10324caf7f81e0d1",
    "input_cost_per_token": 1e-05,
    "output_cost_per_token": 1e-05,
    "total_input_tokens": 118459,
    "total_output_tokens": 8850,
    "total_tokens": 127309,
    "total_cost": 1.4500900000000003,
    "start_epoch": 1712231967.53147,
    "end_epoch": 1712232402.610002,
    "elapsed_seconds": 435.078532
}