{
    "model": "gpt-4-0125-preview",
    "commit": "9ac9e2bf1e3093c236f5126e10324caf7f81e0d1",
    "input_cost_per_token": 1e-05,
    "output_cost_per_token": 1e-05,
    "total_input_tokens": 11019,
    "total_output_tokens": 833,
    "total_tokens": 11852,
    "total_cost": 0.13518000000000002,
    "start_epoch": 1712227877.30088,
    "end_epoch": 1712227998.970837,
    "elapsed_seconds": 121.669957
}