{
    "model": "gpt-4-0125-preview",
    "commit": "9ac9e2bf1e3093c236f5126e10324caf7f81e0d1",
    "input_cost_per_token": 1e-05,
    "output_cost_per_token": 1e-05,
    "total_input_tokens": 8389,
    "total_output_tokens": 1802,
    "total_tokens": 10191,
    "total_cost": 0.13795000000000002,
    "start_epoch": 1712229996.488497,
    "end_epoch": 1712230162.645235,
    "elapsed_seconds": 166.156738
}