{
    "model": "gpt-4-0125-preview",
    "commit": "a5f016d6f469626c8a40bfee1e24e4763f26f336",
    "input_cost_per_token": 1e-05,
    "output_cost_per_token": 1e-05,
    "total_input_tokens": 8091,
    "total_output_tokens": 1213,
    "total_tokens": 9304,
    "total_cost": 0.11730000000000002,
    "start_epoch": 1712381204.852364,
    "end_epoch": 1712381335.39237,
    "elapsed_seconds": 130.540006
}