{
    "model": "gpt-4-0125-preview",
    "commit": "a5f016d6f469626c8a40bfee1e24e4763f26f336",
    "input_cost_per_token": 1e-05,
    "output_cost_per_token": 1e-05,
    "total_input_tokens": 20766,
    "total_output_tokens": 2469,
    "total_tokens": 23235,
    "total_cost": 0.28173000000000004,
    "start_epoch": 1712253201.960424,
    "end_epoch": 1712253404.784626,
    "elapsed_seconds": 202.824202
}