{
    "model": "gpt-4-0125-preview",
    "commit": "178da19b921052c6258e48ce9d225f34bde45d2b",
    "input_cost_per_token": 1e-05,
    "output_cost_per_token": 1e-05,
    "total_input_tokens": 94875,
    "total_output_tokens": 6305,
    "total_tokens": 101180,
    "total_cost": 1.1379000000000001,
    "start_epoch": 1712217091.132258,
    "end_epoch": 1712217460.923965,
    "elapsed_seconds": 369.791707
}