{
    "model": "gpt-4-0125-preview",
    "commit": "a5f016d6f469626c8a40bfee1e24e4763f26f336",
    "input_cost_per_token": 1e-05,
    "output_cost_per_token": 1e-05,
    "total_input_tokens": 57383,
    "total_output_tokens": 2970,
    "total_tokens": 60353,
    "total_cost": 0.6629300000000001,
    "start_epoch": 1712380893.674949,
    "end_epoch": 1712381007.552052,
    "elapsed_seconds": 113.877103
}