{
    "model": "gpt-4-0125-preview",
    "commit": "a5f016d6f469626c8a40bfee1e24e4763f26f336",
    "input_cost_per_token": 1e-05,
    "output_cost_per_token": 1e-05,
    "total_input_tokens": 8224,
    "total_output_tokens": 1145,
    "total_tokens": 9369,
    "total_cost": 0.11659000000000001,
    "start_epoch": 1712258358.76457,
    "end_epoch": 1712258539.049299,
    "elapsed_seconds": 180.284729
}