{
    "model": "gpt-4-0125-preview",
    "commit": "a5f016d6f469626c8a40bfee1e24e4763f26f336",
    "input_cost_per_token": 1e-05,
    "output_cost_per_token": 1e-05,
    "total_input_tokens": 26084,
    "total_output_tokens": 2390,
    "total_tokens": 28474,
    "total_cost": 0.33254000000000006,
    "start_epoch": 1712253156.198978,
    "end_epoch": 1712253311.105249,
    "elapsed_seconds": 154.906271
}