{
    "model": "gpt-4-0125-preview",
    "commit": "9ac9e2bf1e3093c236f5126e10324caf7f81e0d1",
    "input_cost_per_token": 1e-05,
    "output_cost_per_token": 1e-05,
    "total_input_tokens": 5525,
    "total_output_tokens": 820,
    "total_tokens": 6345,
    "total_cost": 0.07985,
    "start_epoch": 1712230790.265086,
    "end_epoch": 1712230954.22037,
    "elapsed_seconds": 163.955284
}