{
    "model": "gpt-4-0125-preview",
    "commit": "178da19b921052c6258e48ce9d225f34bde45d2b",
    "input_cost_per_token": 1e-05,
    "output_cost_per_token": 1e-05,
    "total_input_tokens": 11896,
    "total_output_tokens": 1692,
    "total_tokens": 13588,
    "total_cost": 0.16972,
    "start_epoch": 1712209889.844643,
    "end_epoch": 1712209987.24101,
    "elapsed_seconds": 97.396367
}