{
    "model": "gpt-4-0125-preview",
    "commit": "9ac9e2bf1e3093c236f5126e10324caf7f81e0d1",
    "input_cost_per_token": 1e-05,
    "output_cost_per_token": 1e-05,
    "total_input_tokens": 5912,
    "total_output_tokens": 1083,
    "total_tokens": 6995,
    "total_cost": 0.09161,
    "start_epoch": 1712229996.537627,
    "end_epoch": 1712230081.072983,
    "elapsed_seconds": 84.535356
}