{
    "model": "gpt-4-0125-preview",
    "commit": "a5f016d6f469626c8a40bfee1e24e4763f26f336",
    "input_cost_per_token": 1e-05,
    "output_cost_per_token": 1e-05,
    "total_input_tokens": 83229,
    "total_output_tokens": 6477,
    "total_tokens": 89706,
    "total_cost": 1.0266000000000002,
    "start_epoch": 1712252797.486831,
    "end_epoch": 1712253285.184601,
    "elapsed_seconds": 487.69777
}