{
    "model": "gpt-4-0125-preview",
    "commit": "178da19b921052c6258e48ce9d225f34bde45d2b",
    "input_cost_per_token": 1e-05,
    "output_cost_per_token": 1e-05,
    "total_input_tokens": 6736,
    "total_output_tokens": 1097,
    "total_tokens": 7833,
    "total_cost": 0.10027,
    "start_epoch": 1712209797.891538,
    "end_epoch": 1712209839.182751,
    "elapsed_seconds": 41.291213
}