{
    "model": "gpt-4-0125-preview",
    "commit": "9ac9e2bf1e3093c236f5126e10324caf7f81e0d1",
    "input_cost_per_token": 1e-05,
    "output_cost_per_token": 1e-05,
    "total_input_tokens": 34922,
    "total_output_tokens": 3698,
    "total_tokens": 38620,
    "total_cost": 0.46016,
    "start_epoch": 1712229584.098497,
    "end_epoch": 1712229786.403197,
    "elapsed_seconds": 202.3047
}