{
    "model": "gpt-4-0125-preview",
    "commit": "a5f016d6f469626c8a40bfee1e24e4763f26f336",
    "input_cost_per_token": 1e-05,
    "output_cost_per_token": 1e-05,
    "total_input_tokens": 107098,
    "total_output_tokens": 6736,
    "total_tokens": 113834,
    "total_cost": 1.27306,
    "start_epoch": 1712261866.127272,
    "end_epoch": 1712262267.299923,
    "elapsed_seconds": 401.172651
}