{
    "model": "gpt-4-0125-preview",
    "commit": "9ac9e2bf1e3093c236f5126e10324caf7f81e0d1",
    "input_cost_per_token": 1e-05,
    "output_cost_per_token": 1e-05,
    "total_input_tokens": 153011,
    "total_output_tokens": 7140,
    "total_tokens": 160151,
    "total_cost": 1.74431,
    "start_epoch": 1712230162.770073,
    "end_epoch": 1712230606.364601,
    "elapsed_seconds": 443.594528
}