{
    "model": "gpt-4-0125-preview",
    "commit": "9ac9e2bf1e3093c236f5126e10324caf7f81e0d1",
    "input_cost_per_token": 1e-05,
    "output_cost_per_token": 1e-05,
    "total_input_tokens": 22610,
    "total_output_tokens": 2936,
    "total_tokens": 25546,
    "total_cost": 0.31418,
    "start_epoch": 1712227092.964148,
    "end_epoch": 1712227258.222607,
    "elapsed_seconds": 165.258459
}