{
    "model": "gpt-4-0125-preview",
    "commit": "178da19b921052c6258e48ce9d225f34bde45d2b",
    "input_cost_per_token": 1e-05,
    "output_cost_per_token": 1e-05,
    "total_input_tokens": 8041,
    "total_output_tokens": 1040,
    "total_tokens": 9081,
    "total_cost": 0.11161,
    "start_epoch": 1712219964.908179,
    "end_epoch": 1712220079.545438,
    "elapsed_seconds": 114.637259
}