{
    "model": "gpt-4-0125-preview",
    "commit": "178da19b921052c6258e48ce9d225f34bde45d2b",
    "input_cost_per_token": 1e-05,
    "output_cost_per_token": 1e-05,
    "total_input_tokens": 36063,
    "total_output_tokens": 2152,
    "total_tokens": 38215,
    "total_cost": 0.42519000000000007,
    "start_epoch": 1712213643.556959,
    "end_epoch": 1712213730.991864,
    "elapsed_seconds": 87.434905
}