{
    "model": "gpt-4-0125-preview",
    "commit": "a5f016d6f469626c8a40bfee1e24e4763f26f336",
    "input_cost_per_token": 1e-05,
    "output_cost_per_token": 1e-05,
    "total_input_tokens": 23190,
    "total_output_tokens": 2664,
    "total_tokens": 25854,
    "total_cost": 0.31182,
    "start_epoch": 1712266707.79406,
    "end_epoch": 1712266830.358655,
    "elapsed_seconds": 122.564595
}