{
    "model": "gpt-4-0125-preview",
    "commit": "a5f016d6f469626c8a40bfee1e24e4763f26f336",
    "input_cost_per_token": 1e-05,
    "output_cost_per_token": 1e-05,
    "total_input_tokens": 14438,
    "total_output_tokens": 1081,
    "total_tokens": 15519,
    "total_cost": 0.17681000000000002,
    "start_epoch": 1712378150.521597,
    "end_epoch": 1712378256.585162,
    "elapsed_seconds": 106.063565
}