{
    "model": "gpt-4-0125-preview",
    "commit": "178da19b921052c6258e48ce9d225f34bde45d2b",
    "input_cost_per_token": 1e-05,
    "output_cost_per_token": 1e-05,
    "total_input_tokens": 11165,
    "total_output_tokens": 898,
    "total_tokens": 12063,
    "total_cost": 0.13859000000000002,
    "start_epoch": 1712209169.927292,
    "end_epoch": 1712209255.352151,
    "elapsed_seconds": 85.424859
}