{
    "model": "gpt-4-0125-preview",
    "commit": "178da19b921052c6258e48ce9d225f34bde45d2b",
    "input_cost_per_token": 1e-05,
    "output_cost_per_token": 1e-05,
    "total_input_tokens": 9151,
    "total_output_tokens": 1304,
    "total_tokens": 10455,
    "total_cost": 0.13063,
    "start_epoch": 1712213277.375429,
    "end_epoch": 1712213402.626854,
    "elapsed_seconds": 125.251425
}