{
    "model": "gpt-4-0125-preview",
    "commit": "a5f016d6f469626c8a40bfee1e24e4763f26f336",
    "input_cost_per_token": 1e-05,
    "output_cost_per_token": 1e-05,
    "total_input_tokens": 23247,
    "total_output_tokens": 2590,
    "total_tokens": 25837,
    "total_cost": 0.31017000000000006,
    "start_epoch": 1712262884.304912,
    "end_epoch": 1712263120.572987,
    "elapsed_seconds": 236.268075
}