{
    "model": "gpt-4-0125-preview",
    "commit": "178da19b921052c6258e48ce9d225f34bde45d2b",
    "input_cost_per_token": 1e-05,
    "output_cost_per_token": 1e-05,
    "total_input_tokens": 58450,
    "total_output_tokens": 4016,
    "total_tokens": 62466,
    "total_cost": 0.70498,
    "start_epoch": 1712211168.333522,
    "end_epoch": 1712211409.701516,
    "elapsed_seconds": 241.367994
}