{
    "model": "gpt-4-0125-preview",
    "commit": "9ac9e2bf1e3093c236f5126e10324caf7f81e0d1",
    "input_cost_per_token": 1e-05,
    "output_cost_per_token": 1e-05,
    "total_input_tokens": 45231,
    "total_output_tokens": 2544,
    "total_tokens": 47775,
    "total_cost": 0.52863,
    "start_epoch": 1712229811.097997,
    "end_epoch": 1712229996.397176,
    "elapsed_seconds": 185.299179
}