{
    "model": "gpt-4-0125-preview",
    "commit": "a5f016d6f469626c8a40bfee1e24e4763f26f336",
    "input_cost_per_token": 1e-05,
    "output_cost_per_token": 1e-05,
    "total_input_tokens": 33079,
    "total_output_tokens": 3674,
    "total_tokens": 36753,
    "total_cost": 0.44101,
    "start_epoch": 1712265157.451878,
    "end_epoch": 1712265478.255384,
    "elapsed_seconds": 320.803506
}