{
    "model": "gpt-4-0125-preview",
    "commit": "a5f016d6f469626c8a40bfee1e24e4763f26f336",
    "input_cost_per_token": 1e-05,
    "output_cost_per_token": 1e-05,
    "total_input_tokens": 30558,
    "total_output_tokens": 3659,
    "total_tokens": 34217,
    "total_cost": 0.41535000000000005,
    "start_epoch": 1712259046.705928,
    "end_epoch": 1712259326.589035,
    "elapsed_seconds": 279.883107
}