{
    "model": "gpt-4-0125-preview",
    "commit": "178da19b921052c6258e48ce9d225f34bde45d2b",
    "input_cost_per_token": 1e-05,
    "output_cost_per_token": 1e-05,
    "total_input_tokens": 10999,
    "total_output_tokens": 1558,
    "total_tokens": 12557,
    "total_cost": 0.15673,
    "start_epoch": 1712208861.003881,
    "end_epoch": 1712208932.749114,
    "elapsed_seconds": 71.745233
}