{
    "model": "gpt-4-0125-preview",
    "commit": "a5f016d6f469626c8a40bfee1e24e4763f26f336",
    "input_cost_per_token": 1e-05,
    "output_cost_per_token": 1e-05,
    "total_input_tokens": 30172,
    "total_output_tokens": 4135,
    "total_tokens": 34307,
    "total_cost": 0.42577000000000004,
    "start_epoch": 1712264267.520432,
    "end_epoch": 1712264541.74785,
    "elapsed_seconds": 274.227418
}