{
    "model": "gpt-4-0125-preview",
    "commit": "a5f016d6f469626c8a40bfee1e24e4763f26f336",
    "input_cost_per_token": 1e-05,
    "output_cost_per_token": 1e-05,
    "total_input_tokens": 26186,
    "total_output_tokens": 2666,
    "total_tokens": 28852,
    "total_cost": 0.34184000000000003,
    "start_epoch": 1712253588.700875,
    "end_epoch": 1712253783.718667,
    "elapsed_seconds": 195.017792
}