{
    "model": "gpt-4-0125-preview",
    "commit": "a5f016d6f469626c8a40bfee1e24e4763f26f336",
    "input_cost_per_token": 1e-05,
    "output_cost_per_token": 1e-05,
    "total_input_tokens": 7458,
    "total_output_tokens": 1194,
    "total_tokens": 8652,
    "total_cost": 0.1104,
    "start_epoch": 1712268429.833018,
    "end_epoch": 1712268499.094655,
    "elapsed_seconds": 69.261637
}