{
    "model": "gpt-4-0125-preview",
    "commit": "a5f016d6f469626c8a40bfee1e24e4763f26f336",
    "input_cost_per_token": 1e-05,
    "output_cost_per_token": 1e-05,
    "total_input_tokens": 32774,
    "total_output_tokens": 3840,
    "total_tokens": 36614,
    "total_cost": 0.44294000000000006,
    "start_epoch": 1712265777.459278,
    "end_epoch": 1712266097.661176,
    "elapsed_seconds": 320.201898
}