{
    "model": "gpt-4-0125-preview",
    "commit": "a5f016d6f469626c8a40bfee1e24e4763f26f336",
    "input_cost_per_token": 1e-05,
    "output_cost_per_token": 1e-05,
    "total_input_tokens": 37329,
    "total_output_tokens": 3618,
    "total_tokens": 40947,
    "total_cost": 0.48183000000000004,
    "start_epoch": 1712383101.353864,
    "end_epoch": 1712383253.003911,
    "elapsed_seconds": 151.650047
}