{
    "model": "gpt-4-0125-preview",
    "commit": "a5f016d6f469626c8a40bfee1e24e4763f26f336",
    "input_cost_per_token": 1e-05,
    "output_cost_per_token": 1e-05,
    "total_input_tokens": 22036,
    "total_output_tokens": 2563,
    "total_tokens": 24599,
    "total_cost": 0.29725,
    "start_epoch": 1712382434.920108,
    "end_epoch": 1712382673.155599,
    "elapsed_seconds": 238.235491
}