{
    "model": "gpt-4-0125-preview",
    "commit": "a5f016d6f469626c8a40bfee1e24e4763f26f336",
    "input_cost_per_token": 1e-05,
    "output_cost_per_token": 1e-05,
    "total_input_tokens": 19011,
    "total_output_tokens": 2322,
    "total_tokens": 21333,
    "total_cost": 0.25977,
    "start_epoch": 1712256218.703769,
    "end_epoch": 1712256420.638594,
    "elapsed_seconds": 201.934825
}