{
    "model": "gpt-4-0125-preview",
    "commit": "9ac9e2bf1e3093c236f5126e10324caf7f81e0d1",
    "input_cost_per_token": 1e-05,
    "output_cost_per_token": 1e-05,
    "total_input_tokens": 40602,
    "total_output_tokens": 4260,
    "total_tokens": 44862,
    "total_cost": 0.53382,
    "start_epoch": 1712237101.189082,
    "end_epoch": 1712237439.69659,
    "elapsed_seconds": 338.507508
}