{
    "model": "gpt-4-0125-preview",
    "commit": "a5f016d6f469626c8a40bfee1e24e4763f26f336",
    "input_cost_per_token": 1e-05,
    "output_cost_per_token": 1e-05,
    "total_input_tokens": 58017,
    "total_output_tokens": 5394,
    "total_tokens": 63411,
    "total_cost": 0.74199,
    "start_epoch": 1712267798.290779,
    "end_epoch": 1712268086.514142,
    "elapsed_seconds": 288.223363
}