{
    "model": "gpt-4-0125-preview",
    "commit": "a5f016d6f469626c8a40bfee1e24e4763f26f336",
    "input_cost_per_token": 1e-05,
    "output_cost_per_token": 1e-05,
    "total_input_tokens": 58593,
    "total_output_tokens": 4500,
    "total_tokens": 63093,
    "total_cost": 0.7209300000000001,
    "start_epoch": 1712267011.622294,
    "end_epoch": 1712267333.524371,
    "elapsed_seconds": 321.902077
}