{
    "model": "gpt-4-0125-preview",
    "commit": "178da19b921052c6258e48ce9d225f34bde45d2b",
    "input_cost_per_token": 1e-05,
    "output_cost_per_token": 1e-05,
    "total_input_tokens": 10881,
    "total_output_tokens": 1646,
    "total_tokens": 12527,
    "total_cost": 0.15819,
    "start_epoch": 1712213515.671658,
    "end_epoch": 1712213578.93234,
    "elapsed_seconds": 63.260682
}