{
    "model": "gpt-4-0125-preview",
    "commit": "9ac9e2bf1e3093c236f5126e10324caf7f81e0d1",
    "input_cost_per_token": 1e-05,
    "output_cost_per_token": 1e-05,
    "total_input_tokens": 8569,
    "total_output_tokens": 670,
    "total_tokens": 9239,
    "total_cost": 0.10579000000000001,
    "start_epoch": 1712227628.446312,
    "end_epoch": 1712227736.56657,
    "elapsed_seconds": 108.120258
}