{
    "model": "gpt-4-0125-preview",
    "commit": "a5f016d6f469626c8a40bfee1e24e4763f26f336",
    "input_cost_per_token": 1e-05,
    "output_cost_per_token": 1e-05,
    "total_input_tokens": 41556,
    "total_output_tokens": 4301,
    "total_tokens": 45857,
    "total_cost": 0.54459,
    "start_epoch": 1712270000.188898,
    "end_epoch": 1712270266.760127,
    "elapsed_seconds": 266.571229
}