{
    "model": "gpt-4-0125-preview",
    "commit": "a5f016d6f469626c8a40bfee1e24e4763f26f336",
    "input_cost_per_token": 1e-05,
    "output_cost_per_token": 1e-05,
    "total_input_tokens": 71009,
    "total_output_tokens": 3820,
    "total_tokens": 74829,
    "total_cost": 0.82469,
    "start_epoch": 1712261656.92075,
    "end_epoch": 1712261866.088046,
    "elapsed_seconds": 209.167296
}