{
    "model": "gpt-4-0125-preview",
    "commit": "a5f016d6f469626c8a40bfee1e24e4763f26f336",
    "input_cost_per_token": 1e-05,
    "output_cost_per_token": 1e-05,
    "total_input_tokens": 128738,
    "total_output_tokens": 5873,
    "total_tokens": 134611,
    "total_cost": 1.4635700000000003,
    "start_epoch": 1712265343.995064,
    "end_epoch": 1712265637.830331,
    "elapsed_seconds": 293.835267
}