{
    "model": "gpt-4-0125-preview",
    "commit": "a5f016d6f469626c8a40bfee1e24e4763f26f336",
    "input_cost_per_token": 1e-05,
    "output_cost_per_token": 1e-05,
    "total_input_tokens": 36641,
    "total_output_tokens": 3761,
    "total_tokens": 40402,
    "total_cost": 0.47924,
    "start_epoch": 1712263656.480464,
    "end_epoch": 1712263872.077857,
    "elapsed_seconds": 215.597393
}