{
    "model": "gpt-4-0125-preview",
    "commit": "a5f016d6f469626c8a40bfee1e24e4763f26f336",
    "input_cost_per_token": 1e-05,
    "output_cost_per_token": 1e-05,
    "total_input_tokens": 17909,
    "total_output_tokens": 2157,
    "total_tokens": 20066,
    "total_cost": 0.24380000000000002,
    "start_epoch": 1712256851.590903,
    "end_epoch": 1712257032.160347,
    "elapsed_seconds": 180.569444
}