{
    "model": "gpt-4-0125-preview",
    "commit": "a5f016d6f469626c8a40bfee1e24e4763f26f336",
    "input_cost_per_token": 1e-05,
    "output_cost_per_token": 1e-05,
    "total_input_tokens": 21979,
    "total_output_tokens": 1277,
    "total_tokens": 23256,
    "total_cost": 0.2581,
    "start_epoch": 1712380466.089852,
    "end_epoch": 1712380598.496267,
    "elapsed_seconds": 132.406415
}