{
    "model": "gpt-4-0125-preview",
    "commit": "178da19b921052c6258e48ce9d225f34bde45d2b",
    "input_cost_per_token": 1e-05,
    "output_cost_per_token": 1e-05,
    "total_input_tokens": 6374,
    "total_output_tokens": 1102,
    "total_tokens": 7476,
    "total_cost": 0.09680000000000001,
    "start_epoch": 1712211744.731349,
    "end_epoch": 1712211796.523581,
    "elapsed_seconds": 51.792232
}