{
    "model": "gpt-4-0125-preview",
    "commit": "a5f016d6f469626c8a40bfee1e24e4763f26f336",
    "input_cost_per_token": 1e-05,
    "output_cost_per_token": 1e-05,
    "total_input_tokens": 14570,
    "total_output_tokens": 2040,
    "total_tokens": 16610,
    "total_cost": 0.2069,
    "start_epoch": 1712382828.563912,
    "end_epoch": 1712382898.711314,
    "elapsed_seconds": 70.147402
}