{
    "model": "gpt-4-0125-preview",
    "commit": "9ac9e2bf1e3093c236f5126e10324caf7f81e0d1",
    "input_cost_per_token": 1e-05,
    "output_cost_per_token": 1e-05,
    "total_input_tokens": 27893,
    "total_output_tokens": 1728,
    "total_tokens": 29621,
    "total_cost": 0.33077000000000006,
    "start_epoch": 1712233237.680278,
    "end_epoch": 1712233430.416011,
    "elapsed_seconds": 192.735733
}