{
    "model": "gpt-4-0125-preview",
    "commit": "a5f016d6f469626c8a40bfee1e24e4763f26f336",
    "input_cost_per_token": 1e-05,
    "output_cost_per_token": 1e-05,
    "total_input_tokens": 20037,
    "total_output_tokens": 2689,
    "total_tokens": 22726,
    "total_cost": 0.28104,
    "start_epoch": 1712263968.896068,
    "end_epoch": 1712264205.781499,
    "elapsed_seconds": 236.885431
}