{
    "model": "gpt-4-0125-preview",
    "commit": "178da19b921052c6258e48ce9d225f34bde45d2b",
    "input_cost_per_token": 1e-05,
    "output_cost_per_token": 1e-05,
    "total_input_tokens": 10813,
    "total_output_tokens": 2083,
    "total_tokens": 12896,
    "total_cost": 0.17062000000000002,
    "start_epoch": 1712213117.626523,
    "end_epoch": 1712213277.313893,
    "elapsed_seconds": 159.68737
}