{
    "model": "gpt-4-0125-preview",
    "commit": "a5f016d6f469626c8a40bfee1e24e4763f26f336",
    "input_cost_per_token": 1e-05,
    "output_cost_per_token": 1e-05,
    "total_input_tokens": 33729,
    "total_output_tokens": 4625,
    "total_tokens": 38354,
    "total_cost": 0.47604,
    "start_epoch": 1712263321.343928,
    "end_epoch": 1712263591.509674,
    "elapsed_seconds": 270.165746
}