{
    "model": "gpt-4-0125-preview",
    "commit": "a5f016d6f469626c8a40bfee1e24e4763f26f336",
    "input_cost_per_token": 1e-05,
    "output_cost_per_token": 1e-05,
    "total_input_tokens": 36648,
    "total_output_tokens": 4462,
    "total_tokens": 41110,
    "total_cost": 0.50034,
    "start_epoch": 1712252552.443412,
    "end_epoch": 1712252826.327709,
    "elapsed_seconds": 273.884297
}