{
    "model": "gpt-4-0125-preview",
    "commit": "9ac9e2bf1e3093c236f5126e10324caf7f81e0d1",
    "input_cost_per_token": 1e-05,
    "output_cost_per_token": 1e-05,
    "total_input_tokens": 109912,
    "total_output_tokens": 6626,
    "total_tokens": 116538,
    "total_cost": 1.2979,
    "start_epoch": 1712231280.67607,
    "end_epoch": 1712231702.559938,
    "elapsed_seconds": 421.883868
}