{
    "model": "gpt-4-0125-preview",
    "commit": "a5f016d6f469626c8a40bfee1e24e4763f26f336",
    "input_cost_per_token": 1e-05,
    "output_cost_per_token": 1e-05,
    "total_input_tokens": 37224,
    "total_output_tokens": 3882,
    "total_tokens": 41106,
    "total_cost": 0.4887,
    "start_epoch": 1712267260.66927,
    "end_epoch": 1712267485.14463,
    "elapsed_seconds": 224.47536
}