{
    "model": "gpt-4-0125-preview",
    "commit": "a5f016d6f469626c8a40bfee1e24e4763f26f336",
    "input_cost_per_token": 1e-05,
    "output_cost_per_token": 1e-05,
    "total_input_tokens": 15863,
    "total_output_tokens": 1048,
    "total_tokens": 16911,
    "total_cost": 0.19007000000000002,
    "start_epoch": 1712380122.583673,
    "end_epoch": 1712380243.694612,
    "elapsed_seconds": 121.110939
}