{
    "model": "gpt-4-0125-preview",
    "commit": "178da19b921052c6258e48ce9d225f34bde45d2b",
    "input_cost_per_token": 1e-05,
    "output_cost_per_token": 1e-05,
    "total_input_tokens": 8155,
    "total_output_tokens": 1174,
    "total_tokens": 9329,
    "total_cost": 0.11677000000000001,
    "start_epoch": 1712209009.816825,
    "end_epoch": 1712209066.14878,
    "elapsed_seconds": 56.331955
}