{
    "model": "gpt-4-0125-preview",
    "commit": "a5f016d6f469626c8a40bfee1e24e4763f26f336",
    "input_cost_per_token": 1e-05,
    "output_cost_per_token": 1e-05,
    "total_input_tokens": 28296,
    "total_output_tokens": 2891,
    "total_tokens": 31187,
    "total_cost": 0.3696900000000001,
    "start_epoch": 1712254437.829202,
    "end_epoch": 1712254673.773218,
    "elapsed_seconds": 235.944016
}