{
    "model": "gpt-4-0125-preview",
    "commit": "178da19b921052c6258e48ce9d225f34bde45d2b",
    "input_cost_per_token": 1e-05,
    "output_cost_per_token": 1e-05,
    "total_input_tokens": 34404,
    "total_output_tokens": 3191,
    "total_tokens": 37595,
    "total_cost": 0.4397700000000001,
    "start_epoch": 1712213175.992697,
    "end_epoch": 1712213359.558487,
    "elapsed_seconds": 183.56579
}