{
    "model": "gpt-4-0125-preview",
    "commit": "9ac9e2bf1e3093c236f5126e10324caf7f81e0d1",
    "input_cost_per_token": 1e-05,
    "output_cost_per_token": 1e-05,
    "total_input_tokens": 15350,
    "total_output_tokens": 2884,
    "total_tokens": 18234,
    "total_cost": 0.24002,
    "start_epoch": 1712226037.654527,
    "end_epoch": 1712226242.556493,
    "elapsed_seconds": 204.901966
}