{
    "model": "gpt-4-0125-preview",
    "commit": "9ac9e2bf1e3093c236f5126e10324caf7f81e0d1",
    "input_cost_per_token": 1e-05,
    "output_cost_per_token": 1e-05,
    "total_input_tokens": 40029,
    "total_output_tokens": 3412,
    "total_tokens": 43441,
    "total_cost": 0.50265,
    "start_epoch": 1712232189.308319,
    "end_epoch": 1712232367.951922,
    "elapsed_seconds": 178.643603
}