{
    "model": "gpt-4-0125-preview",
    "commit": "a5f016d6f469626c8a40bfee1e24e4763f26f336",
    "input_cost_per_token": 1e-05,
    "output_cost_per_token": 1e-05,
    "total_input_tokens": 65246,
    "total_output_tokens": 6782,
    "total_tokens": 72028,
    "total_cost": 0.85592,
    "start_epoch": 1712259549.56105,
    "end_epoch": 1712259934.092612,
    "elapsed_seconds": 384.531562
}