{
    "model": "gpt-4-0125-preview",
    "commit": "9ac9e2bf1e3093c236f5126e10324caf7f81e0d1",
    "input_cost_per_token": 1e-05,
    "output_cost_per_token": 1e-05,
    "total_input_tokens": 51211,
    "total_output_tokens": 3789,
    "total_tokens": 55000,
    "total_cost": 0.6257800000000001,
    "start_epoch": 1712226804.321965,
    "end_epoch": 1712227068.566934,
    "elapsed_seconds": 264.244969
}