{
    "model": "gpt-4-0125-preview",
    "commit": "a5f016d6f469626c8a40bfee1e24e4763f26f336",
    "input_cost_per_token": 1e-05,
    "output_cost_per_token": 1e-05,
    "total_input_tokens": 18014,
    "total_output_tokens": 2490,
    "total_tokens": 20504,
    "total_cost": 0.25484,
    "start_epoch": 1712261869.725487,
    "end_epoch": 1712262121.573662,
    "elapsed_seconds": 251.848175
}