{
    "model": "gpt-4-0125-preview",
    "commit": "9ac9e2bf1e3093c236f5126e10324caf7f81e0d1",
    "input_cost_per_token": 1e-05,
    "output_cost_per_token": 1e-05,
    "total_input_tokens": 9751,
    "total_output_tokens": 1591,
    "total_tokens": 11342,
    "total_cost": 0.14524,
    "start_epoch": 1712226529.827297,
    "end_epoch": 1712226621.877071,
    "elapsed_seconds": 92.049774
}