{
    "model": "gpt-4-0125-preview",
    "commit": "a5f016d6f469626c8a40bfee1e24e4763f26f336",
    "input_cost_per_token": 1e-05,
    "output_cost_per_token": 1e-05,
    "total_input_tokens": 5190,
    "total_output_tokens": 733,
    "total_tokens": 5923,
    "total_cost": 0.07389000000000001,
    "start_epoch": 1712256623.216982,
    "end_epoch": 1712256750.366054,
    "elapsed_seconds": 127.149072
}