{
    "model": "gpt-4-0125-preview",
    "commit": "a5f016d6f469626c8a40bfee1e24e4763f26f336",
    "input_cost_per_token": 1e-05,
    "output_cost_per_token": 1e-05,
    "total_input_tokens": 47621,
    "total_output_tokens": 5106,
    "total_tokens": 52727,
    "total_cost": 0.6293900000000001,
    "start_epoch": 1712258336.086274,
    "end_epoch": 1712258669.039951,
    "elapsed_seconds": 332.953677
}