{
    "model": "gpt-4-0125-preview",
    "commit": "a5f016d6f469626c8a40bfee1e24e4763f26f336",
    "input_cost_per_token": 1e-05,
    "output_cost_per_token": 1e-05,
    "total_input_tokens": 96981,
    "total_output_tokens": 4664,
    "total_tokens": 101645,
    "total_cost": 1.10973,
    "start_epoch": 1712255745.4843,
    "end_epoch": 1712256100.864902,
    "elapsed_seconds": 355.380602
}