{
    "model": "gpt-4-0125-preview",
    "commit": "9ac9e2bf1e3093c236f5126e10324caf7f81e0d1",
    "input_cost_per_token": 1e-05,
    "output_cost_per_token": 1e-05,
    "total_input_tokens": 7413,
    "total_output_tokens": 1575,
    "total_tokens": 8988,
    "total_cost": 0.12138000000000002,
    "start_epoch": 1712231308.622129,
    "end_epoch": 1712231370.392521,
    "elapsed_seconds": 61.770392
}