{
    "model": "gpt-4-0125-preview",
    "commit": "a5f016d6f469626c8a40bfee1e24e4763f26f336",
    "input_cost_per_token": 1e-05,
    "output_cost_per_token": 1e-05,
    "total_input_tokens": 9575,
    "total_output_tokens": 1385,
    "total_tokens": 10960,
    "total_cost": 0.1373,
    "start_epoch": 1712251816.146785,
    "end_epoch": 1712251930.310383,
    "elapsed_seconds": 114.163598
}