{
    "model": "gpt-4-0125-preview",
    "commit": "9ac9e2bf1e3093c236f5126e10324caf7f81e0d1",
    "input_cost_per_token": 1e-05,
    "output_cost_per_token": 1e-05,
    "total_input_tokens": 12168,
    "total_output_tokens": 1698,
    "total_tokens": 13866,
    "total_cost": 0.17262,
    "start_epoch": 1712229057.022868,
    "end_epoch": 1712229270.285406,
    "elapsed_seconds": 213.262538
}