{
    "model": "gpt-4-0125-preview",
    "commit": "a5f016d6f469626c8a40bfee1e24e4763f26f336",
    "input_cost_per_token": 1e-05,
    "output_cost_per_token": 1e-05,
    "total_input_tokens": 137798,
    "total_output_tokens": 10587,
    "total_tokens": 148385,
    "total_cost": 1.6955900000000002,
    "start_epoch": 1712267120.977717,
    "end_epoch": 1712267615.39284,
    "elapsed_seconds": 494.415123
}