{
    "model": "gpt-4-0125-preview",
    "commit": "178da19b921052c6258e48ce9d225f34bde45d2b",
    "input_cost_per_token": 1e-05,
    "output_cost_per_token": 1e-05,
    "total_input_tokens": 11013,
    "total_output_tokens": 1442,
    "total_tokens": 12455,
    "total_cost": 0.15339,
    "start_epoch": 1712210772.15442,
    "end_epoch": 1712210842.67067,
    "elapsed_seconds": 70.51625
}