{
    "model": "gpt-4-0125-preview",
    "commit": "178da19b921052c6258e48ce9d225f34bde45d2b",
    "input_cost_per_token": 1e-05,
    "output_cost_per_token": 1e-05,
    "total_input_tokens": 14446,
    "total_output_tokens": 1050,
    "total_tokens": 15496,
    "total_cost": 0.17596,
    "start_epoch": 1712212955.958045,
    "end_epoch": 1712213056.050127,
    "elapsed_seconds": 100.092082
}