{
    "model": "gpt-4-0125-preview",
    "commit": "a5f016d6f469626c8a40bfee1e24e4763f26f336",
    "input_cost_per_token": 1e-05,
    "output_cost_per_token": 1e-05,
    "total_input_tokens": 33741,
    "total_output_tokens": 3182,
    "total_tokens": 36923,
    "total_cost": 0.4328700000000001,
    "start_epoch": 1712261614.636308,
    "end_epoch": 1712261791.969517,
    "elapsed_seconds": 177.333209
}