{
    "model": "gpt-4-0125-preview",
    "commit": "a5f016d6f469626c8a40bfee1e24e4763f26f336",
    "input_cost_per_token": 1e-05,
    "output_cost_per_token": 1e-05,
    "total_input_tokens": 11094,
    "total_output_tokens": 1689,
    "total_tokens": 12783,
    "total_cost": 0.16161000000000003,
    "start_epoch": 1712382047.784875,
    "end_epoch": 1712382110.429211,
    "elapsed_seconds": 62.644336
}