{
    "model": "gpt-4-0125-preview",
    "commit": "a5f016d6f469626c8a40bfee1e24e4763f26f336",
    "input_cost_per_token": 1e-05,
    "output_cost_per_token": 1e-05,
    "total_input_tokens": 19592,
    "total_output_tokens": 2094,
    "total_tokens": 21686,
    "total_cost": 0.25873999999999997,
    "start_epoch": 1712268371.426318,
    "end_epoch": 1712268494.413667,
    "elapsed_seconds": 122.987349
}