{
    "model": "gpt-4-0125-preview",
    "commit": "9ac9e2bf1e3093c236f5126e10324caf7f81e0d1",
    "input_cost_per_token": 1e-05,
    "output_cost_per_token": 1e-05,
    "total_input_tokens": 8891,
    "total_output_tokens": 1709,
    "total_tokens": 10600,
    "total_cost": 0.14018000000000003,
    "start_epoch": 1712232558.600785,
    "end_epoch": 1712232726.488268,
    "elapsed_seconds": 167.887483
}