{
    "model": "gpt-4-0125-preview",
    "commit": "9ac9e2bf1e3093c236f5126e10324caf7f81e0d1",
    "input_cost_per_token": 1e-05,
    "output_cost_per_token": 1e-05,
    "total_input_tokens": 141137,
    "total_output_tokens": 10032,
    "total_tokens": 151169,
    "total_cost": 1.71233,
    "start_epoch": 1712231131.319171,
    "end_epoch": 1712231695.904834,
    "elapsed_seconds": 564.585663
}