{
    "num_tasks": 300,
    "model": "gpt-4-0125-preview",
    "commit": "178da19b921052c6258e48ce9d225f34bde45d2b",
    "input_cost_per_token": 1e-05,
    "output_cost_per_token": 1e-05,
    "total_cost": 134.52742999999995,
    "avg_cost": 0.44842476666666653,
    "avg_tokens": 38663.8,
    "avg_input_tokens": 35574.4,
    "avg_output_tokens": 3089.3,
    "inference_start_epoch": 1712208376.196297,
    "inference_end_epoch": 1712220197.172958,
    "inference_elapsed_mins": 197.02,
    "inference_avg_elapsed_secs_parallel": 39.4,
    "inference_avg_elapsed_secs_serial": 166.2,
    "eval_start_epoch": 1712220197.397875,
    "eval_end_epoch": 1712221072.007912,
    "eval_elapsed_mins": 14.58,
    "eval_avg_elapsed_secs": 2.9,
    "total_elapsed_mins": 211.59
}