{
    "model": "gpt-4-0125-preview",
    "commit": "a5f016d6f469626c8a40bfee1e24e4763f26f336",
    "input_cost_per_token": 1e-05,
    "output_cost_per_token": 1e-05,
    "total_input_tokens": 77906,
    "total_output_tokens": 2017,
    "total_tokens": 79923,
    "total_cost": 0.83957,
    "start_epoch": 1712252155.750275,
    "end_epoch": 1712252418.478098,
    "elapsed_seconds": 262.727823
}