{
    "model": "gpt-4-0125-preview",
    "commit": "a5f016d6f469626c8a40bfee1e24e4763f26f336",
    "input_cost_per_token": 1e-05,
    "output_cost_per_token": 1e-05,
    "total_input_tokens": 19170,
    "total_output_tokens": 3038,
    "total_tokens": 22208,
    "total_cost": 0.28284000000000004,
    "start_epoch": 1712255064.160138,
    "end_epoch": 1712255351.380349,
    "elapsed_seconds": 287.220211
}