{
    "model": "gpt-4-0125-preview",
    "commit": "178da19b921052c6258e48ce9d225f34bde45d2b",
    "input_cost_per_token": 1e-05,
    "output_cost_per_token": 1e-05,
    "total_input_tokens": 77352,
    "total_output_tokens": 2252,
    "total_tokens": 79604,
    "total_cost": 0.84108,
    "start_epoch": 1712212337.386384,
    "end_epoch": 1712212490.617538,
    "elapsed_seconds": 153.231154
}