{
    "model": "gpt-4-0125-preview",
    "commit": "a5f016d6f469626c8a40bfee1e24e4763f26f336",
    "input_cost_per_token": 1e-05,
    "output_cost_per_token": 1e-05,
    "total_input_tokens": 18481,
    "total_output_tokens": 2330,
    "total_tokens": 20811,
    "total_cost": 0.25471,
    "start_epoch": 1712378020.804721,
    "end_epoch": 1712378193.809025,
    "elapsed_seconds": 173.004304
}