{
    "model": "gpt-4-0125-preview",
    "commit": "9ac9e2bf1e3093c236f5126e10324caf7f81e0d1",
    "input_cost_per_token": 1e-05,
    "output_cost_per_token": 1e-05,
    "total_input_tokens": 8230,
    "total_output_tokens": 1498,
    "total_tokens": 9728,
    "total_cost": 0.12724000000000002,
    "start_epoch": 1712230733.675751,
    "end_epoch": 1712230898.032878,
    "elapsed_seconds": 164.357127
}