{
    "model": "gpt-4-0125-preview",
    "commit": "a5f016d6f469626c8a40bfee1e24e4763f26f336",
    "input_cost_per_token": 1e-05,
    "output_cost_per_token": 1e-05,
    "total_input_tokens": 18476,
    "total_output_tokens": 1891,
    "total_tokens": 20367,
    "total_cost": 0.24149,
    "start_epoch": 1712380640.341965,
    "end_epoch": 1712380705.804588,
    "elapsed_seconds": 65.462623
}