{
    "model": "gpt-4-0125-preview",
    "commit": "a5f016d6f469626c8a40bfee1e24e4763f26f336",
    "input_cost_per_token": 1e-05,
    "output_cost_per_token": 1e-05,
    "total_input_tokens": 111906,
    "total_output_tokens": 4159,
    "total_tokens": 116065,
    "total_cost": 1.24383,
    "start_epoch": 1712251566.7196,
    "end_epoch": 1712251816.086067,
    "elapsed_seconds": 249.366467
}