{
    "model": "gpt-4-0125-preview",
    "commit": "a5f016d6f469626c8a40bfee1e24e4763f26f336",
    "input_cost_per_token": 1e-05,
    "output_cost_per_token": 1e-05,
    "total_input_tokens": 39192,
    "total_output_tokens": 4311,
    "total_tokens": 43503,
    "total_cost": 0.52125,
    "start_epoch": 1712251954.862564,
    "end_epoch": 1712252181.724305,
    "elapsed_seconds": 226.861741
}