{
    "model": "gpt-4-0125-preview",
    "commit": "a5f016d6f469626c8a40bfee1e24e4763f26f336",
    "input_cost_per_token": 1e-05,
    "output_cost_per_token": 1e-05,
    "total_input_tokens": 6253,
    "total_output_tokens": 1539,
    "total_tokens": 7792,
    "total_cost": 0.10870000000000002,
    "start_epoch": 1712379377.168268,
    "end_epoch": 1712379543.018476,
    "elapsed_seconds": 165.850208
}