{
    "model": "gpt-4-0125-preview",
    "commit": "a5f016d6f469626c8a40bfee1e24e4763f26f336",
    "input_cost_per_token": 1e-05,
    "output_cost_per_token": 1e-05,
    "total_input_tokens": 14497,
    "total_output_tokens": 1758,
    "total_tokens": 16255,
    "total_cost": 0.19771,
    "start_epoch": 1712251390.149896,
    "end_epoch": 1712251506.721868,
    "elapsed_seconds": 116.571972
}