{
    "model": "gpt-4-0125-preview",
    "commit": "a5f016d6f469626c8a40bfee1e24e4763f26f336",
    "input_cost_per_token": 1e-05,
    "output_cost_per_token": 1e-05,
    "total_input_tokens": 21336,
    "total_output_tokens": 2013,
    "total_tokens": 23349,
    "total_cost": 0.27375000000000005,
    "start_epoch": 1712379281.963679,
    "end_epoch": 1712379373.777912,
    "elapsed_seconds": 91.814233
}