{
    "model": "gpt-4-0125-preview",
    "commit": "178da19b921052c6258e48ce9d225f34bde45d2b",
    "input_cost_per_token": 1e-05,
    "output_cost_per_token": 1e-05,
    "total_input_tokens": 115836,
    "total_output_tokens": 7180,
    "total_tokens": 123016,
    "total_cost": 1.3737600000000003,
    "start_epoch": 1712209106.182684,
    "end_epoch": 1712209442.056066,
    "elapsed_seconds": 335.873382
}