{
    "model": "gpt-4-0125-preview",
    "commit": "a5f016d6f469626c8a40bfee1e24e4763f26f336",
    "input_cost_per_token": 1e-05,
    "output_cost_per_token": 1e-05,
    "total_input_tokens": 15954,
    "total_output_tokens": 2349,
    "total_tokens": 18303,
    "total_cost": 0.23001000000000002,
    "start_epoch": 1712265643.386312,
    "end_epoch": 1712265772.711218,
    "elapsed_seconds": 129.324906
}