{
    "model": "gpt-4-0125-preview",
    "commit": "9ac9e2bf1e3093c236f5126e10324caf7f81e0d1",
    "input_cost_per_token": 1e-05,
    "output_cost_per_token": 1e-05,
    "total_input_tokens": 15684,
    "total_output_tokens": 2359,
    "total_tokens": 18043,
    "total_cost": 0.22760999999999998,
    "start_epoch": 1712226161.30205,
    "end_epoch": 1712226385.069771,
    "elapsed_seconds": 223.767721
}