{
    "model": "gpt-4-0125-preview",
    "commit": "a5f016d6f469626c8a40bfee1e24e4763f26f336",
    "input_cost_per_token": 1e-05,
    "output_cost_per_token": 1e-05,
    "total_input_tokens": 9523,
    "total_output_tokens": 2017,
    "total_tokens": 11540,
    "total_cost": 0.15574,
    "start_epoch": 1712382017.475512,
    "end_epoch": 1712382084.060375,
    "elapsed_seconds": 66.584863
}