{
    "num_tasks": 300,
    "model": "gpt-4-0125-preview",
    "commit": "9ac9e2bf1e3093c236f5126e10324caf7f81e0d1",
    "input_cost_per_token": 1e-05,
    "output_cost_per_token": 1e-05,
    "total_cost": 129.00157999999993,
    "avg_cost": 0.43000526666666644,
    "avg_tokens": 37361.9,
    "avg_input_tokens": 34542.5,
    "avg_output_tokens": 2819.3,
    "inference_start_epoch": 1712224467.387875,
    "inference_end_epoch": 1712239386.31006,
    "inference_elapsed_mins": 248.65,
    "inference_avg_elapsed_secs_parallel": 49.7,
    "inference_avg_elapsed_secs_serial": 194.9,
    "eval_start_epoch": 1712239386.766821,
    "eval_end_epoch": 1712240515.080232,
    "eval_elapsed_mins": 18.81,
    "eval_avg_elapsed_secs": 3.8,
    "total_elapsed_mins": 267.45
}