{
    "model": "gpt-4-0125-preview",
    "commit": "9ac9e2bf1e3093c236f5126e10324caf7f81e0d1",
    "input_cost_per_token": 1e-05,
    "output_cost_per_token": 1e-05,
    "total_input_tokens": 21392,
    "total_output_tokens": 1987,
    "total_tokens": 23379,
    "total_cost": 0.27353,
    "start_epoch": 1712229209.958664,
    "end_epoch": 1712229316.923766,
    "elapsed_seconds": 106.965102
}