{
    "model": "gpt-4-0125-preview",
    "commit": "9ac9e2bf1e3093c236f5126e10324caf7f81e0d1",
    "input_cost_per_token": 1e-05,
    "output_cost_per_token": 1e-05,
    "total_input_tokens": 10152,
    "total_output_tokens": 1070,
    "total_tokens": 11222,
    "total_cost": 0.13362000000000002,
    "start_epoch": 1712228876.042374,
    "end_epoch": 1712229056.836486,
    "elapsed_seconds": 180.794112
}