{
    "model": "gpt-4-0125-preview",
    "commit": "a5f016d6f469626c8a40bfee1e24e4763f26f336",
    "input_cost_per_token": 1e-05,
    "output_cost_per_token": 1e-05,
    "total_input_tokens": 6289,
    "total_output_tokens": 804,
    "total_tokens": 7093,
    "total_cost": 0.08701,
    "start_epoch": 1712270336.917455,
    "end_epoch": 1712270445.723919,
    "elapsed_seconds": 108.806464
}