{
    "model": "gpt-4-0125-preview",
    "commit": "178da19b921052c6258e48ce9d225f34bde45d2b",
    "input_cost_per_token": 1e-05,
    "output_cost_per_token": 1e-05,
    "total_input_tokens": 18586,
    "total_output_tokens": 2296,
    "total_tokens": 20882,
    "total_cost": 0.25474,
    "start_epoch": 1712209048.006622,
    "end_epoch": 1712209218.971118,
    "elapsed_seconds": 170.964496
}