{
    "model": "gpt-4-0125-preview",
    "commit": "a5f016d6f469626c8a40bfee1e24e4763f26f336",
    "input_cost_per_token": 1e-05,
    "output_cost_per_token": 1e-05,
    "total_input_tokens": 123954,
    "total_output_tokens": 3513,
    "total_tokens": 127467,
    "total_cost": 1.3449300000000002,
    "start_epoch": 1712256317.900266,
    "end_epoch": 1712256625.522456,
    "elapsed_seconds": 307.62219
}