{
    "model": "gpt-4-0125-preview",
    "commit": "178da19b921052c6258e48ce9d225f34bde45d2b",
    "input_cost_per_token": 1e-05,
    "output_cost_per_token": 1e-05,
    "total_input_tokens": 28756,
    "total_output_tokens": 3289,
    "total_tokens": 32045,
    "total_cost": 0.3862300000000001,
    "start_epoch": 1712213359.592727,
    "end_epoch": 1712213515.632707,
    "elapsed_seconds": 156.03998
}