{
    "model": "gpt-4-0125-preview",
    "commit": "a5f016d6f469626c8a40bfee1e24e4763f26f336",
    "input_cost_per_token": 1e-05,
    "output_cost_per_token": 1e-05,
    "total_input_tokens": 22158,
    "total_output_tokens": 2638,
    "total_tokens": 24796,
    "total_cost": 0.30072000000000004,
    "start_epoch": 1712378288.26115,
    "end_epoch": 1712378473.670719,
    "elapsed_seconds": 185.409569
}