{
    "model": "gpt-4-0125-preview",
    "commit": "a5f016d6f469626c8a40bfee1e24e4763f26f336",
    "input_cost_per_token": 1e-05,
    "output_cost_per_token": 1e-05,
    "total_input_tokens": 27324,
    "total_output_tokens": 2628,
    "total_tokens": 29952,
    "total_cost": 0.35208000000000006,
    "start_epoch": 1712380291.61532,
    "end_epoch": 1712380465.978921,
    "elapsed_seconds": 174.363601
}