{
    "model": "gpt-4-0125-preview",
    "commit": "9ac9e2bf1e3093c236f5126e10324caf7f81e0d1",
    "input_cost_per_token": 1e-05,
    "output_cost_per_token": 1e-05,
    "total_input_tokens": 38276,
    "total_output_tokens": 4002,
    "total_tokens": 42278,
    "total_cost": 0.5028199999999999,
    "start_epoch": 1712231786.28389,
    "end_epoch": 1712231967.392229,
    "elapsed_seconds": 181.108339
}