{
    "model": "gpt-4-0125-preview",
    "commit": "a5f016d6f469626c8a40bfee1e24e4763f26f336",
    "input_cost_per_token": 1e-05,
    "output_cost_per_token": 1e-05,
    "total_input_tokens": 17890,
    "total_output_tokens": 3179,
    "total_tokens": 21069,
    "total_cost": 0.27427,
    "start_epoch": 1712378012.086083,
    "end_epoch": 1712378181.706931,
    "elapsed_seconds": 169.620848
}