{
    "model": "gpt-4-0125-preview",
    "commit": "a5f016d6f469626c8a40bfee1e24e4763f26f336",
    "input_cost_per_token": 1e-05,
    "output_cost_per_token": 1e-05,
    "total_input_tokens": 13787,
    "total_output_tokens": 2141,
    "total_tokens": 15928,
    "total_cost": 0.2021,
    "start_epoch": 1712379199.203329,
    "end_epoch": 1712379295.341078,
    "elapsed_seconds": 96.137749
}