{
    "model": "gpt-4-0125-preview",
    "commit": "9ac9e2bf1e3093c236f5126e10324caf7f81e0d1",
    "input_cost_per_token": 1e-05,
    "output_cost_per_token": 1e-05,
    "total_input_tokens": 7824,
    "total_output_tokens": 1570,
    "total_tokens": 9394,
    "total_cost": 0.12534,
    "start_epoch": 1712230202.930847,
    "end_epoch": 1712230265.712103,
    "elapsed_seconds": 62.781256
}