{
    "model": "gpt-4-0125-preview",
    "commit": "a5f016d6f469626c8a40bfee1e24e4763f26f336",
    "input_cost_per_token": 1e-05,
    "output_cost_per_token": 1e-05,
    "total_input_tokens": 49633,
    "total_output_tokens": 4547,
    "total_tokens": 54180,
    "total_cost": 0.6327400000000001,
    "start_epoch": 1712379035.606363,
    "end_epoch": 1712379199.085871,
    "elapsed_seconds": 163.479508
}