{
    "model": "gpt-4-0125-preview",
    "commit": "a5f016d6f469626c8a40bfee1e24e4763f26f336",
    "input_cost_per_token": 1e-05,
    "output_cost_per_token": 1e-05,
    "total_input_tokens": 76123,
    "total_output_tokens": 5132,
    "total_tokens": 81255,
    "total_cost": 0.91519,
    "start_epoch": 1712261380.18554,
    "end_epoch": 1712261714.862036,
    "elapsed_seconds": 334.676496
}