{
    "model": "gpt-4-0125-preview",
    "commit": "a5f016d6f469626c8a40bfee1e24e4763f26f336",
    "input_cost_per_token": 1e-05,
    "output_cost_per_token": 1e-05,
    "total_input_tokens": 30558,
    "total_output_tokens": 2789,
    "total_tokens": 33347,
    "total_cost": 0.38925000000000004,
    "start_epoch": 1712256135.280001,
    "end_epoch": 1712256379.277052,
    "elapsed_seconds": 243.997051
}