{
    "model": "gpt-4-0125-preview",
    "commit": "a5f016d6f469626c8a40bfee1e24e4763f26f336",
    "input_cost_per_token": 1e-05,
    "output_cost_per_token": 1e-05,
    "total_input_tokens": 106541,
    "total_output_tokens": 8475,
    "total_tokens": 115016,
    "total_cost": 1.31966,
    "start_epoch": 1712254653.541789,
    "end_epoch": 1712255118.564142,
    "elapsed_seconds": 465.022353
}