{
    "model": "gpt-4-0125-preview",
    "commit": "a5f016d6f469626c8a40bfee1e24e4763f26f336",
    "input_cost_per_token": 1e-05,
    "output_cost_per_token": 1e-05,
    "total_input_tokens": 29829,
    "total_output_tokens": 3758,
    "total_tokens": 33587,
    "total_cost": 0.41103,
    "start_epoch": 1712380994.161507,
    "end_epoch": 1712381203.523515,
    "elapsed_seconds": 209.362008
}