{
    "model": "gpt-4-0125-preview",
    "commit": "a5f016d6f469626c8a40bfee1e24e4763f26f336",
    "input_cost_per_token": 1e-05,
    "output_cost_per_token": 1e-05,
    "total_input_tokens": 10458,
    "total_output_tokens": 1799,
    "total_tokens": 12257,
    "total_cost": 0.15855,
    "start_epoch": 1712379526.579915,
    "end_epoch": 1712379617.953673,
    "elapsed_seconds": 91.373758
}