{
    "model": "gpt-4-0125-preview",
    "commit": "9ac9e2bf1e3093c236f5126e10324caf7f81e0d1",
    "input_cost_per_token": 1e-05,
    "output_cost_per_token": 1e-05,
    "total_input_tokens": 53318,
    "total_output_tokens": 3642,
    "total_tokens": 56960,
    "total_cost": 0.64244,
    "start_epoch": 1712224900.18277,
    "end_epoch": 1712225123.43734,
    "elapsed_seconds": 223.25457
}