{
    "model": "gpt-4-0125-preview",
    "commit": "178da19b921052c6258e48ce9d225f34bde45d2b",
    "input_cost_per_token": 1e-05,
    "output_cost_per_token": 1e-05,
    "total_input_tokens": 8250,
    "total_output_tokens": 2052,
    "total_tokens": 10302,
    "total_cost": 0.14406000000000002,
    "start_epoch": 1712210770.859784,
    "end_epoch": 1712210929.986916,
    "elapsed_seconds": 159.127132
}