{
    "model": "gpt-4-0125-preview",
    "commit": "a5f016d6f469626c8a40bfee1e24e4763f26f336",
    "input_cost_per_token": 1e-05,
    "output_cost_per_token": 1e-05,
    "total_input_tokens": 27268,
    "total_output_tokens": 4608,
    "total_tokens": 31876,
    "total_cost": 0.41092,
    "start_epoch": 1712269473.587576,
    "end_epoch": 1712269696.299036,
    "elapsed_seconds": 222.71146
}