{
    "model": "gpt-4-0125-preview",
    "commit": "178da19b921052c6258e48ce9d225f34bde45d2b",
    "input_cost_per_token": 1e-05,
    "output_cost_per_token": 1e-05,
    "total_input_tokens": 19228,
    "total_output_tokens": 2699,
    "total_tokens": 21927,
    "total_cost": 0.27325,
    "start_epoch": 1712213262.189613,
    "end_epoch": 1712213417.970439,
    "elapsed_seconds": 155.780826
}