{
    "model": "gpt-4-0125-preview",
    "commit": "178da19b921052c6258e48ce9d225f34bde45d2b",
    "input_cost_per_token": 1e-05,
    "output_cost_per_token": 1e-05,
    "total_input_tokens": 11550,
    "total_output_tokens": 2142,
    "total_tokens": 13692,
    "total_cost": 0.17976000000000003,
    "start_epoch": 1712208737.057357,
    "end_epoch": 1712208858.068069,
    "elapsed_seconds": 121.010712
}