{
    "model": "gpt-4-0125-preview",
    "commit": "9ac9e2bf1e3093c236f5126e10324caf7f81e0d1",
    "input_cost_per_token": 1e-05,
    "output_cost_per_token": 1e-05,
    "total_input_tokens": 68523,
    "total_output_tokens": 6821,
    "total_tokens": 75344,
    "total_cost": 0.8898599999999999,
    "start_epoch": 1712225281.409722,
    "end_epoch": 1712225658.495199,
    "elapsed_seconds": 377.085477
}