{
    "model": "gpt-4-0125-preview",
    "commit": "a5f016d6f469626c8a40bfee1e24e4763f26f336",
    "input_cost_per_token": 1e-05,
    "output_cost_per_token": 1e-05,
    "total_input_tokens": 8007,
    "total_output_tokens": 661,
    "total_tokens": 8668,
    "total_cost": 0.09990000000000002,
    "start_epoch": 1712252629.882897,
    "end_epoch": 1712252797.320883,
    "elapsed_seconds": 167.437986
}