{
    "model": "gpt-4-0125-preview",
    "commit": "a5f016d6f469626c8a40bfee1e24e4763f26f336",
    "input_cost_per_token": 1e-05,
    "output_cost_per_token": 1e-05,
    "total_input_tokens": 35619,
    "total_output_tokens": 1824,
    "total_tokens": 37443,
    "total_cost": 0.41091000000000005,
    "start_epoch": 1712257352.737077,
    "end_epoch": 1712257630.824248,
    "elapsed_seconds": 278.087171
}