{
    "model": "gpt-4-0125-preview",
    "commit": "178da19b921052c6258e48ce9d225f34bde45d2b",
    "input_cost_per_token": 1e-05,
    "output_cost_per_token": 1e-05,
    "total_input_tokens": 9040,
    "total_output_tokens": 1368,
    "total_tokens": 10408,
    "total_cost": 0.13144000000000003,
    "start_epoch": 1712208506.367149,
    "end_epoch": 1712208592.791961,
    "elapsed_seconds": 86.424812
}