{
    "model": "gpt-4-0125-preview",
    "commit": "a5f016d6f469626c8a40bfee1e24e4763f26f336",
    "input_cost_per_token": 1e-05,
    "output_cost_per_token": 1e-05,
    "total_input_tokens": 49537,
    "total_output_tokens": 3916,
    "total_tokens": 53453,
    "total_cost": 0.6128500000000001,
    "start_epoch": 1712266830.443706,
    "end_epoch": 1712267609.174285,
    "elapsed_seconds": 778.730579
}