{
    "model": "gpt-4-0125-preview",
    "commit": "a5f016d6f469626c8a40bfee1e24e4763f26f336",
    "input_cost_per_token": 1e-05,
    "output_cost_per_token": 1e-05,
    "total_input_tokens": 127082,
    "total_output_tokens": 10458,
    "total_tokens": 137540,
    "total_cost": 1.58456,
    "start_epoch": 1712266909.565513,
    "end_epoch": 1712267399.721641,
    "elapsed_seconds": 490.156128
}