{
    "model": "gpt-4-0125-preview",
    "commit": "a5f016d6f469626c8a40bfee1e24e4763f26f336",
    "input_cost_per_token": 1e-05,
    "output_cost_per_token": 1e-05,
    "total_input_tokens": 17985,
    "total_output_tokens": 1675,
    "total_tokens": 19660,
    "total_cost": 0.2301,
    "start_epoch": 1712265949.228723,
    "end_epoch": 1712266041.544457,
    "elapsed_seconds": 92.315734
}