{
    "model": "gpt-4-0125-preview",
    "commit": "178da19b921052c6258e48ce9d225f34bde45d2b",
    "input_cost_per_token": 1e-05,
    "output_cost_per_token": 1e-05,
    "total_input_tokens": 21186,
    "total_output_tokens": 3393,
    "total_tokens": 24579,
    "total_cost": 0.31365,
    "start_epoch": 1712212650.416008,
    "end_epoch": 1712212883.28567,
    "elapsed_seconds": 232.869662
}