{
    "model": "gpt-4-0125-preview",
    "commit": "a5f016d6f469626c8a40bfee1e24e4763f26f336",
    "input_cost_per_token": 1e-05,
    "output_cost_per_token": 1e-05,
    "total_input_tokens": 14678,
    "total_output_tokens": 1449,
    "total_tokens": 16127,
    "total_cost": 0.19025000000000003,
    "start_epoch": 1712255605.964685,
    "end_epoch": 1712255745.426233,
    "elapsed_seconds": 139.461548
}