{
    "model": "gpt-4-0125-preview",
    "commit": "a5f016d6f469626c8a40bfee1e24e4763f26f336",
    "input_cost_per_token": 1e-05,
    "output_cost_per_token": 1e-05,
    "total_input_tokens": 63019,
    "total_output_tokens": 4682,
    "total_tokens": 67701,
    "total_cost": 0.7706500000000001,
    "start_epoch": 1712262076.505111,
    "end_epoch": 1712262411.001561,
    "elapsed_seconds": 334.49645
}