{
    "model": "gpt-4-0125-preview",
    "commit": "178da19b921052c6258e48ce9d225f34bde45d2b",
    "input_cost_per_token": 1e-05,
    "output_cost_per_token": 1e-05,
    "total_input_tokens": 18476,
    "total_output_tokens": 2418,
    "total_tokens": 20894,
    "total_cost": 0.25730000000000003,
    "start_epoch": 1712208968.229756,
    "end_epoch": 1712209106.1486,
    "elapsed_seconds": 137.918844
}