{
    "model": "gpt-4-0125-preview",
    "commit": "a5f016d6f469626c8a40bfee1e24e4763f26f336",
    "input_cost_per_token": 1e-05,
    "output_cost_per_token": 1e-05,
    "total_input_tokens": 7071,
    "total_output_tokens": 949,
    "total_tokens": 8020,
    "total_cost": 0.09918000000000002,
    "start_epoch": 1712385933.005501,
    "end_epoch": 1712386065.371218,
    "elapsed_seconds": 132.365717
}