{
    "model": "gpt-4-0125-preview",
    "commit": "a5f016d6f469626c8a40bfee1e24e4763f26f336",
    "input_cost_per_token": 1e-05,
    "output_cost_per_token": 1e-05,
    "total_input_tokens": 31611,
    "total_output_tokens": 3945,
    "total_tokens": 35556,
    "total_cost": 0.43446000000000007,
    "start_epoch": 1712266260.535233,
    "end_epoch": 1712266497.1206,
    "elapsed_seconds": 236.585367
}