{
    "model": "gpt-4-0125-preview",
    "commit": "9ac9e2bf1e3093c236f5126e10324caf7f81e0d1",
    "input_cost_per_token": 1e-05,
    "output_cost_per_token": 1e-05,
    "total_input_tokens": 464415,
    "total_output_tokens": 5858,
    "total_tokens": 470273,
    "total_cost": 4.819890000000001,
    "start_epoch": 1712227209.693147,
    "end_epoch": 1712227676.696033,
    "elapsed_seconds": 467.002886
}