{
    "model": "gpt-4-0125-preview",
    "commit": "a5f016d6f469626c8a40bfee1e24e4763f26f336",
    "input_cost_per_token": 1e-05,
    "output_cost_per_token": 1e-05,
    "total_input_tokens": 25799,
    "total_output_tokens": 3119,
    "total_tokens": 28918,
    "total_cost": 0.35156,
    "start_epoch": 1712256704.101375,
    "end_epoch": 1712256884.578493,
    "elapsed_seconds": 180.477118
}