{
    "model": "gpt-4-0125-preview",
    "commit": "a5f016d6f469626c8a40bfee1e24e4763f26f336",
    "input_cost_per_token": 1e-05,
    "output_cost_per_token": 1e-05,
    "total_input_tokens": 27618,
    "total_output_tokens": 2779,
    "total_tokens": 30397,
    "total_cost": 0.35955000000000004,
    "start_epoch": 1712257859.19902,
    "end_epoch": 1712258058.108965,
    "elapsed_seconds": 198.909945
}