{
    "model": "gpt-4-0125-preview",
    "commit": "a5f016d6f469626c8a40bfee1e24e4763f26f336",
    "input_cost_per_token": 1e-05,
    "output_cost_per_token": 1e-05,
    "total_input_tokens": 9217,
    "total_output_tokens": 1591,
    "total_tokens": 10808,
    "total_cost": 0.13990000000000002,
    "start_epoch": 1712256379.425486,
    "end_epoch": 1712256548.802294,
    "elapsed_seconds": 169.376808
}