{
    "model": "gpt-4-0125-preview",
    "commit": "a5f016d6f469626c8a40bfee1e24e4763f26f336",
    "input_cost_per_token": 1e-05,
    "output_cost_per_token": 1e-05,
    "total_input_tokens": 20320,
    "total_output_tokens": 2312,
    "total_tokens": 22632,
    "total_cost": 0.27256,
    "start_epoch": 1712269316.31105,
    "end_epoch": 1712269497.363675,
    "elapsed_seconds": 181.052625
}