{
    "model": "gpt-4-0125-preview",
    "commit": "178da19b921052c6258e48ce9d225f34bde45d2b",
    "input_cost_per_token": 1e-05,
    "output_cost_per_token": 1e-05,
    "total_input_tokens": 8573,
    "total_output_tokens": 1609,
    "total_tokens": 10182,
    "total_cost": 0.134,
    "start_epoch": 1712208651.128656,
    "end_epoch": 1712208723.980567,
    "elapsed_seconds": 72.851911
}