{
    "model": "gpt-4-0125-preview",
    "commit": "a5f016d6f469626c8a40bfee1e24e4763f26f336",
    "input_cost_per_token": 1e-05,
    "output_cost_per_token": 1e-05,
    "total_input_tokens": 36212,
    "total_output_tokens": 2032,
    "total_tokens": 38244,
    "total_cost": 0.42308,
    "start_epoch": 1712256433.194229,
    "end_epoch": 1712256599.597661,
    "elapsed_seconds": 166.403432
}