{
    "model": "gpt-4-0125-preview",
    "commit": "a5f016d6f469626c8a40bfee1e24e4763f26f336",
    "input_cost_per_token": 1e-05,
    "output_cost_per_token": 1e-05,
    "total_input_tokens": 132312,
    "total_output_tokens": 7526,
    "total_tokens": 139838,
    "total_cost": 1.5489,
    "start_epoch": 1712265125.945639,
    "end_epoch": 1712265608.435944,
    "elapsed_seconds": 482.490305
}