{
    "model": "gpt-4-0125-preview",
    "commit": "a5f016d6f469626c8a40bfee1e24e4763f26f336",
    "input_cost_per_token": 1e-05,
    "output_cost_per_token": 1e-05,
    "total_input_tokens": 23452,
    "total_output_tokens": 2501,
    "total_tokens": 25953,
    "total_cost": 0.30955,
    "start_epoch": 1712382572.573199,
    "end_epoch": 1712382700.690792,
    "elapsed_seconds": 128.117593
}