{
    "model": "gpt-4-0125-preview",
    "commit": "a5f016d6f469626c8a40bfee1e24e4763f26f336",
    "input_cost_per_token": 1e-05,
    "output_cost_per_token": 1e-05,
    "total_input_tokens": 24823,
    "total_output_tokens": 3743,
    "total_tokens": 28566,
    "total_cost": 0.36052000000000006,
    "start_epoch": 1712266051.745155,
    "end_epoch": 1712266247.015032,
    "elapsed_seconds": 195.269877
}