{
    "model": "gpt-4-0125-preview",
    "commit": "178da19b921052c6258e48ce9d225f34bde45d2b",
    "input_cost_per_token": 1e-05,
    "output_cost_per_token": 1e-05,
    "total_input_tokens": 15957,
    "total_output_tokens": 1438,
    "total_tokens": 17395,
    "total_cost": 0.20271000000000006,
    "start_epoch": 1712213140.567661,
    "end_epoch": 1712213262.155633,
    "elapsed_seconds": 121.587972
}