{
    "model": "gpt-4-0125-preview",
    "commit": "178da19b921052c6258e48ce9d225f34bde45d2b",
    "input_cost_per_token": 1e-05,
    "output_cost_per_token": 1e-05,
    "total_input_tokens": 19415,
    "total_output_tokens": 2533,
    "total_tokens": 21948,
    "total_cost": 0.27014000000000005,
    "start_epoch": 1712211186.566804,
    "end_epoch": 1712211369.314284,
    "elapsed_seconds": 182.74748
}