{
    "model": "gpt-4-0125-preview",
    "commit": "9ac9e2bf1e3093c236f5126e10324caf7f81e0d1",
    "input_cost_per_token": 1e-05,
    "output_cost_per_token": 1e-05,
    "total_input_tokens": 29488,
    "total_output_tokens": 2427,
    "total_tokens": 31915,
    "total_cost": 0.36769,
    "start_epoch": 1712231872.646423,
    "end_epoch": 1712232009.437451,
    "elapsed_seconds": 136.791028
}