{
    "model": "gpt-4-0125-preview",
    "commit": "a5f016d6f469626c8a40bfee1e24e4763f26f336",
    "input_cost_per_token": 1e-05,
    "output_cost_per_token": 1e-05,
    "total_input_tokens": 23360,
    "total_output_tokens": 2708,
    "total_tokens": 26068,
    "total_cost": 0.31484,
    "start_epoch": 1712379952.989805,
    "end_epoch": 1712380122.455408,
    "elapsed_seconds": 169.465603
}