{
    "model": "gpt-4-0125-preview",
    "commit": "a5f016d6f469626c8a40bfee1e24e4763f26f336",
    "input_cost_per_token": 1e-05,
    "output_cost_per_token": 1e-05,
    "total_input_tokens": 17256,
    "total_output_tokens": 2375,
    "total_tokens": 19631,
    "total_cost": 0.24381,
    "start_epoch": 1712378930.075381,
    "end_epoch": 1712379035.483803,
    "elapsed_seconds": 105.408422
}