{
    "model": "gpt-4-0125-preview",
    "commit": "178da19b921052c6258e48ce9d225f34bde45d2b",
    "input_cost_per_token": 1e-05,
    "output_cost_per_token": 1e-05,
    "total_input_tokens": 13036,
    "total_output_tokens": 763,
    "total_tokens": 13799,
    "total_cost": 0.15325000000000003,
    "start_epoch": 1712210636.975637,
    "end_epoch": 1712210721.225452,
    "elapsed_seconds": 84.249815
}