{
    "model": "gpt-4-0125-preview",
    "commit": "9ac9e2bf1e3093c236f5126e10324caf7f81e0d1",
    "input_cost_per_token": 1e-05,
    "output_cost_per_token": 1e-05,
    "total_input_tokens": 7941,
    "total_output_tokens": 1643,
    "total_tokens": 9584,
    "total_cost": 0.1287,
    "start_epoch": 1712231800.470725,
    "end_epoch": 1712231872.52778,
    "elapsed_seconds": 72.057055
}