{
    "model": "gpt-4-0125-preview",
    "commit": "a5f016d6f469626c8a40bfee1e24e4763f26f336",
    "input_cost_per_token": 1e-05,
    "output_cost_per_token": 1e-05,
    "total_input_tokens": 40567,
    "total_output_tokens": 3925,
    "total_tokens": 44492,
    "total_cost": 0.52342,
    "start_epoch": 1712259831.751275,
    "end_epoch": 1712260109.103373,
    "elapsed_seconds": 277.352098
}