{
    "model": "gpt-4-0125-preview",
    "commit": "a5f016d6f469626c8a40bfee1e24e4763f26f336",
    "input_cost_per_token": 1e-05,
    "output_cost_per_token": 1e-05,
    "total_input_tokens": 6946,
    "total_output_tokens": 819,
    "total_tokens": 7765,
    "total_cost": 0.09403,
    "start_epoch": 1712264205.971888,
    "end_epoch": 1712264413.870948,
    "elapsed_seconds": 207.89906
}