{
    "model": "gpt-4-0125-preview",
    "commit": "9ac9e2bf1e3093c236f5126e10324caf7f81e0d1",
    "input_cost_per_token": 1e-05,
    "output_cost_per_token": 1e-05,
    "total_input_tokens": 12729,
    "total_output_tokens": 1555,
    "total_tokens": 14284,
    "total_cost": 0.17394,
    "start_epoch": 1712228283.009953,
    "end_epoch": 1712228361.785111,
    "elapsed_seconds": 78.775158
}