{
    "model": "gpt-4-0125-preview",
    "commit": "a5f016d6f469626c8a40bfee1e24e4763f26f336",
    "input_cost_per_token": 1e-05,
    "output_cost_per_token": 1e-05,
    "total_input_tokens": 96278,
    "total_output_tokens": 9158,
    "total_tokens": 105436,
    "total_cost": 1.23752,
    "start_epoch": 1712253234.972299,
    "end_epoch": 1712253801.891244,
    "elapsed_seconds": 566.918945
}