{
    "model": "gpt-4-0125-preview",
    "commit": "178da19b921052c6258e48ce9d225f34bde45d2b",
    "input_cost_per_token": 1e-05,
    "output_cost_per_token": 1e-05,
    "total_input_tokens": 10715,
    "total_output_tokens": 1440,
    "total_tokens": 12155,
    "total_cost": 0.15035,
    "start_epoch": 1712219601.414773,
    "end_epoch": 1712219730.655662,
    "elapsed_seconds": 129.240889
}