{
    "model": "gpt-4-0125-preview",
    "commit": "178da19b921052c6258e48ce9d225f34bde45d2b",
    "input_cost_per_token": 1e-05,
    "output_cost_per_token": 1e-05,
    "total_input_tokens": 21705,
    "total_output_tokens": 2408,
    "total_tokens": 24113,
    "total_cost": 0.28929,
    "start_epoch": 1712208488.684063,
    "end_epoch": 1712208577.006321,
    "elapsed_seconds": 88.322258
}