{
    "model": "gpt-4-0125-preview",
    "commit": "a5f016d6f469626c8a40bfee1e24e4763f26f336",
    "input_cost_per_token": 1e-05,
    "output_cost_per_token": 1e-05,
    "total_input_tokens": 127331,
    "total_output_tokens": 10682,
    "total_tokens": 138013,
    "total_cost": 1.5937700000000001,
    "start_epoch": 1712267630.525784,
    "end_epoch": 1712268144.173958,
    "elapsed_seconds": 513.648174
}