{
    "model": "gpt-4-0125-preview",
    "commit": "178da19b921052c6258e48ce9d225f34bde45d2b",
    "input_cost_per_token": 1e-05,
    "output_cost_per_token": 1e-05,
    "total_input_tokens": 21617,
    "total_output_tokens": 3378,
    "total_tokens": 24995,
    "total_cost": 0.31751,
    "start_epoch": 1712209958.773124,
    "end_epoch": 1712210094.606188,
    "elapsed_seconds": 135.833064
}