{
    "model": "gpt-4-0125-preview",
    "commit": "a5f016d6f469626c8a40bfee1e24e4763f26f336",
    "input_cost_per_token": 1e-05,
    "output_cost_per_token": 1e-05,
    "total_input_tokens": 20253,
    "total_output_tokens": 2462,
    "total_tokens": 22715,
    "total_cost": 0.27638999999999997,
    "start_epoch": 1712378600.487836,
    "end_epoch": 1712378682.136038,
    "elapsed_seconds": 81.648202
}