{
    "model": "gpt-4-0125-preview",
    "commit": "9ac9e2bf1e3093c236f5126e10324caf7f81e0d1",
    "input_cost_per_token": 1e-05,
    "output_cost_per_token": 1e-05,
    "total_input_tokens": 16324,
    "total_output_tokens": 2156,
    "total_tokens": 18480,
    "total_cost": 0.22792,
    "start_epoch": 1712232370.319964,
    "end_epoch": 1712232558.428949,
    "elapsed_seconds": 188.108985
}