{
    "model": "gpt-4-0125-preview",
    "commit": "a5f016d6f469626c8a40bfee1e24e4763f26f336",
    "input_cost_per_token": 1e-05,
    "output_cost_per_token": 1e-05,
    "total_input_tokens": 125156,
    "total_output_tokens": 8989,
    "total_tokens": 134145,
    "total_cost": 1.52123,
    "start_epoch": 1712379415.254893,
    "end_epoch": 1712379824.38945,
    "elapsed_seconds": 409.134557
}