{
    "model": "gpt-4-0125-preview",
    "commit": "9ac9e2bf1e3093c236f5126e10324caf7f81e0d1",
    "input_cost_per_token": 1e-05,
    "output_cost_per_token": 1e-05,
    "total_input_tokens": 17249,
    "total_output_tokens": 1913,
    "total_tokens": 19162,
    "total_cost": 0.22988,
    "start_epoch": 1712224561.434118,
    "end_epoch": 1712224691.017145,
    "elapsed_seconds": 129.583027
}