{
    "model": "gpt-4-0125-preview",
    "commit": "178da19b921052c6258e48ce9d225f34bde45d2b",
    "input_cost_per_token": 1e-05,
    "output_cost_per_token": 1e-05,
    "total_input_tokens": 21759,
    "total_output_tokens": 2850,
    "total_tokens": 24609,
    "total_cost": 0.30309,
    "start_epoch": 1712213418.002749,
    "end_epoch": 1712213585.000667,
    "elapsed_seconds": 166.997918
}