{
    "model": "gpt-4-0125-preview",
    "commit": "9ac9e2bf1e3093c236f5126e10324caf7f81e0d1",
    "input_cost_per_token": 1e-05,
    "output_cost_per_token": 1e-05,
    "total_input_tokens": 20995,
    "total_output_tokens": 1402,
    "total_tokens": 22397,
    "total_cost": 0.25200999999999996,
    "start_epoch": 1712226492.299419,
    "end_epoch": 1712226624.363125,
    "elapsed_seconds": 132.063706
}