{
    "model": "gpt-4-0125-preview",
    "commit": "a5f016d6f469626c8a40bfee1e24e4763f26f336",
    "input_cost_per_token": 1e-05,
    "output_cost_per_token": 1e-05,
    "total_input_tokens": 42533,
    "total_output_tokens": 2806,
    "total_tokens": 45339,
    "total_cost": 0.50951,
    "start_epoch": 1712383119.465314,
    "end_epoch": 1712383298.552184,
    "elapsed_seconds": 179.08687
}