{
    "model": "gpt-4-0125-preview",
    "commit": "9ac9e2bf1e3093c236f5126e10324caf7f81e0d1",
    "input_cost_per_token": 1e-05,
    "output_cost_per_token": 1e-05,
    "total_input_tokens": 30759,
    "total_output_tokens": 3820,
    "total_tokens": 34579,
    "total_cost": 0.42219000000000007,
    "start_epoch": 1712226624.469793,
    "end_epoch": 1712226842.699386,
    "elapsed_seconds": 218.229593
}