{
    "model": "gpt-4-0125-preview",
    "commit": "a5f016d6f469626c8a40bfee1e24e4763f26f336",
    "input_cost_per_token": 1e-05,
    "output_cost_per_token": 1e-05,
    "total_input_tokens": 40050,
    "total_output_tokens": 2461,
    "total_tokens": 42511,
    "total_cost": 0.47433000000000003,
    "start_epoch": 1712261155.530116,
    "end_epoch": 1712261295.952713,
    "elapsed_seconds": 140.422597
}