{
    "model": "gpt-4-0125-preview",
    "commit": "9ac9e2bf1e3093c236f5126e10324caf7f81e0d1",
    "input_cost_per_token": 1e-05,
    "output_cost_per_token": 1e-05,
    "total_input_tokens": 8783,
    "total_output_tokens": 847,
    "total_tokens": 9630,
    "total_cost": 0.11324000000000001,
    "start_epoch": 1712226020.941264,
    "end_epoch": 1712226095.148795,
    "elapsed_seconds": 74.207531
}