{
    "model": "gpt-4-0125-preview",
    "commit": "a5f016d6f469626c8a40bfee1e24e4763f26f336",
    "input_cost_per_token": 1e-05,
    "output_cost_per_token": 1e-05,
    "total_input_tokens": 14658,
    "total_output_tokens": 2133,
    "total_tokens": 16791,
    "total_cost": 0.21057,
    "start_epoch": 1712254549.661991,
    "end_epoch": 1712254743.285748,
    "elapsed_seconds": 193.623757
}