{
    "model": "gpt-4-0125-preview",
    "commit": "9ac9e2bf1e3093c236f5126e10324caf7f81e0d1",
    "input_cost_per_token": 1e-05,
    "output_cost_per_token": 1e-05,
    "total_input_tokens": 17335,
    "total_output_tokens": 1828,
    "total_tokens": 19163,
    "total_cost": 0.22819,
    "start_epoch": 1712226842.821914,
    "end_epoch": 1712226996.239241,
    "elapsed_seconds": 153.417327
}