{
    "model": "gpt-4-0125-preview",
    "commit": "9ac9e2bf1e3093c236f5126e10324caf7f81e0d1",
    "input_cost_per_token": 1e-05,
    "output_cost_per_token": 1e-05,
    "total_input_tokens": 29742,
    "total_output_tokens": 3329,
    "total_tokens": 33071,
    "total_cost": 0.39729000000000003,
    "start_epoch": 1712229060.439006,
    "end_epoch": 1712229209.841749,
    "elapsed_seconds": 149.402743
}