{
    "model": "gpt-4-0125-preview",
    "commit": "9ac9e2bf1e3093c236f5126e10324caf7f81e0d1",
    "input_cost_per_token": 1e-05,
    "output_cost_per_token": 1e-05,
    "total_input_tokens": 8458,
    "total_output_tokens": 1091,
    "total_tokens": 9549,
    "total_cost": 0.11731000000000003,
    "start_epoch": 1712228847.393191,
    "end_epoch": 1712228903.206628,
    "elapsed_seconds": 55.813437
}