{
    "model": "gpt-4-0125-preview",
    "commit": "9ac9e2bf1e3093c236f5126e10324caf7f81e0d1",
    "input_cost_per_token": 1e-05,
    "output_cost_per_token": 1e-05,
    "total_input_tokens": 9233,
    "total_output_tokens": 1315,
    "total_tokens": 10548,
    "total_cost": 0.13178,
    "start_epoch": 1712233828.288704,
    "end_epoch": 1712234000.715176,
    "elapsed_seconds": 172.426472
}