{
    "model": "gpt-4-0125-preview",
    "commit": "a5f016d6f469626c8a40bfee1e24e4763f26f336",
    "input_cost_per_token": 1e-05,
    "output_cost_per_token": 1e-05,
    "total_input_tokens": 7322,
    "total_output_tokens": 1673,
    "total_tokens": 8995,
    "total_cost": 0.12341,
    "start_epoch": 1712385634.155201,
    "end_epoch": 1712385792.470668,
    "elapsed_seconds": 158.315467
}