{
    "model": "gpt-4-0125-preview",
    "commit": "a5f016d6f469626c8a40bfee1e24e4763f26f336",
    "input_cost_per_token": 1e-05,
    "output_cost_per_token": 1e-05,
    "total_input_tokens": 19060,
    "total_output_tokens": 2455,
    "total_tokens": 21515,
    "total_cost": 0.26425000000000004,
    "start_epoch": 1712379156.627525,
    "end_epoch": 1712379302.515191,
    "elapsed_seconds": 145.887666
}