{
    "model": "gpt-4-0125-preview",
    "commit": "a5f016d6f469626c8a40bfee1e24e4763f26f336",
    "input_cost_per_token": 1e-05,
    "output_cost_per_token": 1e-05,
    "total_input_tokens": 15740,
    "total_output_tokens": 1996,
    "total_tokens": 17736,
    "total_cost": 0.21728000000000003,
    "start_epoch": 1712265637.911362,
    "end_epoch": 1712265917.742975,
    "elapsed_seconds": 279.831613
}