{
    "model": "gpt-4-0125-preview",
    "commit": "a5f016d6f469626c8a40bfee1e24e4763f26f336",
    "input_cost_per_token": 1e-05,
    "output_cost_per_token": 1e-05,
    "total_input_tokens": 8805,
    "total_output_tokens": 1389,
    "total_tokens": 10194,
    "total_cost": 0.12972,
    "start_epoch": 1712262121.759735,
    "end_epoch": 1712262318.323061,
    "elapsed_seconds": 196.563326
}