{
    "model": "gpt-4-0125-preview",
    "commit": "a5f016d6f469626c8a40bfee1e24e4763f26f336",
    "input_cost_per_token": 1e-05,
    "output_cost_per_token": 1e-05,
    "total_input_tokens": 21686,
    "total_output_tokens": 1798,
    "total_tokens": 23484,
    "total_cost": 0.27080000000000004,
    "start_epoch": 1712266041.653957,
    "end_epoch": 1712266147.906612,
    "elapsed_seconds": 106.252655
}