{
    "model": "gpt-4-0125-preview",
    "commit": "a5f016d6f469626c8a40bfee1e24e4763f26f336",
    "input_cost_per_token": 1e-05,
    "output_cost_per_token": 1e-05,
    "total_input_tokens": 8298,
    "total_output_tokens": 1348,
    "total_tokens": 9646,
    "total_cost": 0.12342000000000002,
    "start_epoch": 1712252148.885074,
    "end_epoch": 1712252271.613779,
    "elapsed_seconds": 122.728705
}