{
    "model": "gpt-4-0125-preview",
    "commit": "178da19b921052c6258e48ce9d225f34bde45d2b",
    "input_cost_per_token": 1e-05,
    "output_cost_per_token": 1e-05,
    "total_input_tokens": 82833,
    "total_output_tokens": 5375,
    "total_tokens": 88208,
    "total_cost": 0.9895800000000002,
    "start_epoch": 1712208438.144031,
    "end_epoch": 1712208651.086054,
    "elapsed_seconds": 212.942023
}