{
    "model": "gpt-4-0125-preview",
    "commit": "a5f016d6f469626c8a40bfee1e24e4763f26f336",
    "input_cost_per_token": 1e-05,
    "output_cost_per_token": 1e-05,
    "total_input_tokens": 25406,
    "total_output_tokens": 3233,
    "total_tokens": 28639,
    "total_cost": 0.35105,
    "start_epoch": 1712262313.509038,
    "end_epoch": 1712262578.403131,
    "elapsed_seconds": 264.894093
}