{
    "model": "gpt-4-0125-preview",
    "commit": "9ac9e2bf1e3093c236f5126e10324caf7f81e0d1",
    "input_cost_per_token": 1e-05,
    "output_cost_per_token": 1e-05,
    "total_input_tokens": 6832,
    "total_output_tokens": 1224,
    "total_tokens": 8056,
    "total_cost": 0.10504000000000002,
    "start_epoch": 1712233209.638331,
    "end_epoch": 1712233361.052392,
    "elapsed_seconds": 151.414061
}