{
    "model": "gpt-4-0125-preview",
    "commit": "178da19b921052c6258e48ce9d225f34bde45d2b",
    "input_cost_per_token": 1e-05,
    "output_cost_per_token": 1e-05,
    "total_input_tokens": 92834,
    "total_output_tokens": 5624,
    "total_tokens": 98458,
    "total_cost": 1.09706,
    "start_epoch": 1712213552.049293,
    "end_epoch": 1712213795.385069,
    "elapsed_seconds": 243.335776
}