{
    "model": "gpt-4-0125-preview",
    "commit": "a5f016d6f469626c8a40bfee1e24e4763f26f336",
    "input_cost_per_token": 1e-05,
    "output_cost_per_token": 1e-05,
    "total_input_tokens": 17978,
    "total_output_tokens": 1692,
    "total_tokens": 19670,
    "total_cost": 0.23054,
    "start_epoch": 1712267386.326054,
    "end_epoch": 1712267463.017357,
    "elapsed_seconds": 76.691303
}