{
    "model": "gpt-4-0125-preview",
    "commit": "a5f016d6f469626c8a40bfee1e24e4763f26f336",
    "input_cost_per_token": 1e-05,
    "output_cost_per_token": 1e-05,
    "total_input_tokens": 16656,
    "total_output_tokens": 2950,
    "total_tokens": 19606,
    "total_cost": 0.25506,
    "start_epoch": 1712263119.255148,
    "end_epoch": 1712263322.197697,
    "elapsed_seconds": 202.942549
}