{
    "model": "gpt-4-0125-preview",
    "commit": "a5f016d6f469626c8a40bfee1e24e4763f26f336",
    "input_cost_per_token": 1e-05,
    "output_cost_per_token": 1e-05,
    "total_input_tokens": 110270,
    "total_output_tokens": 6716,
    "total_tokens": 116986,
    "total_cost": 1.3041800000000003,
    "start_epoch": 1712378603.239824,
    "end_epoch": 1712378977.502744,
    "elapsed_seconds": 374.26292
}