{
    "model": "gpt-4-0125-preview",
    "commit": "a5f016d6f469626c8a40bfee1e24e4763f26f336",
    "input_cost_per_token": 1e-05,
    "output_cost_per_token": 1e-05,
    "total_input_tokens": 142265,
    "total_output_tokens": 11267,
    "total_tokens": 153532,
    "total_cost": 1.7606600000000001,
    "start_epoch": 1712262527.039059,
    "end_epoch": 1712263166.511814,
    "elapsed_seconds": 639.472755
}