{
    "model": "gpt-4-0125-preview",
    "commit": "a5f016d6f469626c8a40bfee1e24e4763f26f336",
    "input_cost_per_token": 1e-05,
    "output_cost_per_token": 1e-05,
    "total_input_tokens": 11933,
    "total_output_tokens": 2938,
    "total_tokens": 14871,
    "total_cost": 0.20747000000000002,
    "start_epoch": 1712252548.735676,
    "end_epoch": 1712252728.739963,
    "elapsed_seconds": 180.004287
}