{
    "model": "gpt-4-0125-preview",
    "commit": "a5f016d6f469626c8a40bfee1e24e4763f26f336",
    "input_cost_per_token": 1e-05,
    "output_cost_per_token": 1e-05,
    "total_input_tokens": 7200,
    "total_output_tokens": 1033,
    "total_tokens": 8233,
    "total_cost": 0.10299,
    "start_epoch": 1712260855.784439,
    "end_epoch": 1712260969.312813,
    "elapsed_seconds": 113.528374
}