{
    "model": "gpt-4-0125-preview",
    "commit": "a5f016d6f469626c8a40bfee1e24e4763f26f336",
    "input_cost_per_token": 1e-05,
    "output_cost_per_token": 1e-05,
    "total_input_tokens": 13882,
    "total_output_tokens": 1913,
    "total_tokens": 15795,
    "total_cost": 0.19621000000000002,
    "start_epoch": 1712254070.237502,
    "end_epoch": 1712254201.464129,
    "elapsed_seconds": 131.226627
}