{
    "model": "gpt-4-0125-preview",
    "commit": "a5f016d6f469626c8a40bfee1e24e4763f26f336",
    "input_cost_per_token": 1e-05,
    "output_cost_per_token": 1e-05,
    "total_input_tokens": 66459,
    "total_output_tokens": 6102,
    "total_tokens": 72561,
    "total_cost": 0.8476500000000001,
    "start_epoch": 1712262267.336051,
    "end_epoch": 1712262566.155841,
    "elapsed_seconds": 298.81979
}