{
    "model": "gpt-4-0125-preview",
    "commit": "178da19b921052c6258e48ce9d225f34bde45d2b",
    "input_cost_per_token": 1e-05,
    "output_cost_per_token": 1e-05,
    "total_input_tokens": 19099,
    "total_output_tokens": 2159,
    "total_tokens": 21258,
    "total_cost": 0.25576,
    "start_epoch": 1712211089.751884,
    "end_epoch": 1712211233.350934,
    "elapsed_seconds": 143.59905
}