{
    "model": "gpt-4-0125-preview",
    "commit": "a5f016d6f469626c8a40bfee1e24e4763f26f336",
    "input_cost_per_token": 1e-05,
    "output_cost_per_token": 1e-05,
    "total_input_tokens": 12955,
    "total_output_tokens": 1913,
    "total_tokens": 14868,
    "total_cost": 0.18694000000000002,
    "start_epoch": 1712259610.690852,
    "end_epoch": 1712259714.370608,
    "elapsed_seconds": 103.679756
}