{
    "model": "gpt-4-0125-preview",
    "commit": "a5f016d6f469626c8a40bfee1e24e4763f26f336",
    "input_cost_per_token": 1e-05,
    "output_cost_per_token": 1e-05,
    "total_input_tokens": 125069,
    "total_output_tokens": 11379,
    "total_tokens": 136448,
    "total_cost": 1.5920600000000003,
    "start_epoch": 1712261340.997264,
    "end_epoch": 1712261980.285121,
    "elapsed_seconds": 639.287857
}