{
    "model": "gpt-4-0125-preview",
    "commit": "a5f016d6f469626c8a40bfee1e24e4763f26f336",
    "input_cost_per_token": 1e-05,
    "output_cost_per_token": 1e-05,
    "total_input_tokens": 22128,
    "total_output_tokens": 2586,
    "total_tokens": 24714,
    "total_cost": 0.29886,
    "start_epoch": 1712260288.485849,
    "end_epoch": 1712260534.387586,
    "elapsed_seconds": 245.901737
}