{
    "model": "gpt-4-0125-preview",
    "commit": "a5f016d6f469626c8a40bfee1e24e4763f26f336",
    "input_cost_per_token": 1e-05,
    "output_cost_per_token": 1e-05,
    "total_input_tokens": 12883,
    "total_output_tokens": 3185,
    "total_tokens": 16068,
    "total_cost": 0.22438000000000002,
    "start_epoch": 1712257222.7571,
    "end_epoch": 1712257440.618489,
    "elapsed_seconds": 217.861389
}