{
    "model": "gpt-4-0125-preview",
    "commit": "a5f016d6f469626c8a40bfee1e24e4763f26f336",
    "input_cost_per_token": 1e-05,
    "output_cost_per_token": 1e-05,
    "total_input_tokens": 14728,
    "total_output_tokens": 2068,
    "total_tokens": 16796,
    "total_cost": 0.20932000000000003,
    "start_epoch": 1712380861.685036,
    "end_epoch": 1712381056.570105,
    "elapsed_seconds": 194.885069
}