{
    "model": "gpt-4-0125-preview",
    "commit": "178da19b921052c6258e48ce9d225f34bde45d2b",
    "input_cost_per_token": 1e-05,
    "output_cost_per_token": 1e-05,
    "total_input_tokens": 47122,
    "total_output_tokens": 3583,
    "total_tokens": 50705,
    "total_cost": 0.57871,
    "start_epoch": 1712209477.299491,
    "end_epoch": 1712209607.880681,
    "elapsed_seconds": 130.58119
}