{
    "model": "gpt-4-0125-preview",
    "commit": "9ac9e2bf1e3093c236f5126e10324caf7f81e0d1",
    "input_cost_per_token": 1e-05,
    "output_cost_per_token": 1e-05,
    "total_input_tokens": 19454,
    "total_output_tokens": 1689,
    "total_tokens": 21143,
    "total_cost": 0.24521000000000004,
    "start_epoch": 1712230588.225582,
    "end_epoch": 1712230790.098467,
    "elapsed_seconds": 201.872885
}