{
    "model": "gpt-4-0125-preview",
    "commit": "a5f016d6f469626c8a40bfee1e24e4763f26f336",
    "input_cost_per_token": 1e-05,
    "output_cost_per_token": 1e-05,
    "total_input_tokens": 166322,
    "total_output_tokens": 2610,
    "total_tokens": 168932,
    "total_cost": 1.74152,
    "start_epoch": 1712258511.848289,
    "end_epoch": 1712258845.3964,
    "elapsed_seconds": 333.548111
}