{
    "model": "gpt-4-0125-preview",
    "commit": "178da19b921052c6258e48ce9d225f34bde45d2b",
    "input_cost_per_token": 1e-05,
    "output_cost_per_token": 1e-05,
    "total_input_tokens": 50404,
    "total_output_tokens": 4882,
    "total_tokens": 55286,
    "total_cost": 0.6505000000000001,
    "start_epoch": 1712217155.329592,
    "end_epoch": 1712217420.953413,
    "elapsed_seconds": 265.623821
}