{
    "model": "gpt-4-0125-preview",
    "commit": "a5f016d6f469626c8a40bfee1e24e4763f26f336",
    "input_cost_per_token": 1e-05,
    "output_cost_per_token": 1e-05,
    "total_input_tokens": 17726,
    "total_output_tokens": 2691,
    "total_tokens": 20417,
    "total_cost": 0.25799,
    "start_epoch": 1712379538.318533,
    "end_epoch": 1712379725.670533,
    "elapsed_seconds": 187.352
}