{
    "model": "gpt-4-0125-preview",
    "commit": "9ac9e2bf1e3093c236f5126e10324caf7f81e0d1",
    "input_cost_per_token": 1e-05,
    "output_cost_per_token": 1e-05,
    "total_input_tokens": 5856,
    "total_output_tokens": 1214,
    "total_tokens": 7070,
    "total_cost": 0.09498000000000001,
    "start_epoch": 1712228895.650391,
    "end_epoch": 1712229065.338536,
    "elapsed_seconds": 169.688145
}