{
    "model": "gpt-4-0125-preview",
    "commit": "a5f016d6f469626c8a40bfee1e24e4763f26f336",
    "input_cost_per_token": 1e-05,
    "output_cost_per_token": 1e-05,
    "total_input_tokens": 17437,
    "total_output_tokens": 3046,
    "total_tokens": 20483,
    "total_cost": 0.26575000000000004,
    "start_epoch": 1712380638.565881,
    "end_epoch": 1712380861.51279,
    "elapsed_seconds": 222.946909
}