{
    "model": "gpt-4-0125-preview",
    "commit": "a5f016d6f469626c8a40bfee1e24e4763f26f336",
    "input_cost_per_token": 1e-05,
    "output_cost_per_token": 1e-05,
    "total_input_tokens": 31835,
    "total_output_tokens": 2660,
    "total_tokens": 34495,
    "total_cost": 0.39815000000000006,
    "start_epoch": 1712270154.512655,
    "end_epoch": 1712270336.798508,
    "elapsed_seconds": 182.285853
}