{
    "model": "gpt-4-0125-preview",
    "commit": "178da19b921052c6258e48ce9d225f34bde45d2b",
    "input_cost_per_token": 1e-05,
    "output_cost_per_token": 1e-05,
    "total_input_tokens": 4256,
    "total_output_tokens": 571,
    "total_tokens": 4827,
    "total_cost": 0.05969000000000001,
    "start_epoch": 1712213168.740208,
    "end_epoch": 1712213251.802337,
    "elapsed_seconds": 83.062129
}