{
    "model": "gpt-4-0125-preview",
    "commit": "a5f016d6f469626c8a40bfee1e24e4763f26f336",
    "input_cost_per_token": 1e-05,
    "output_cost_per_token": 1e-05,
    "total_input_tokens": 51383,
    "total_output_tokens": 3287,
    "total_tokens": 54670,
    "total_cost": 0.6124400000000001,
    "start_epoch": 1712253783.861008,
    "end_epoch": 1712253988.451212,
    "elapsed_seconds": 204.590204
}