{
    "model": "gpt-4-0125-preview",
    "commit": "9ac9e2bf1e3093c236f5126e10324caf7f81e0d1",
    "input_cost_per_token": 1e-05,
    "output_cost_per_token": 1e-05,
    "total_input_tokens": 124853,
    "total_output_tokens": 8128,
    "total_tokens": 132981,
    "total_cost": 1.4923700000000002,
    "start_epoch": 1712228787.563865,
    "end_epoch": 1712229157.750058,
    "elapsed_seconds": 370.186193
}