{
    "model": "gpt-4-0125-preview",
    "commit": "a5f016d6f469626c8a40bfee1e24e4763f26f336",
    "input_cost_per_token": 1e-05,
    "output_cost_per_token": 1e-05,
    "total_input_tokens": 270891,
    "total_output_tokens": 8333,
    "total_tokens": 279224,
    "total_cost": 2.9589,
    "start_epoch": 1712253673.89545,
    "end_epoch": 1712254297.899233,
    "elapsed_seconds": 624.003783
}