{
    "model": "gpt-4-0125-preview",
    "commit": "a5f016d6f469626c8a40bfee1e24e4763f26f336",
    "input_cost_per_token": 1e-05,
    "output_cost_per_token": 1e-05,
    "total_input_tokens": 40293,
    "total_output_tokens": 4403,
    "total_tokens": 44696,
    "total_cost": 0.53502,
    "start_epoch": 1712258690.354998,
    "end_epoch": 1712258998.089078,
    "elapsed_seconds": 307.73408
}