{
    "model": "gpt-4-0125-preview",
    "commit": "a5f016d6f469626c8a40bfee1e24e4763f26f336",
    "input_cost_per_token": 1e-05,
    "output_cost_per_token": 1e-05,
    "total_input_tokens": 15136,
    "total_output_tokens": 2198,
    "total_tokens": 17334,
    "total_cost": 0.2173,
    "start_epoch": 1712255528.411137,
    "end_epoch": 1712255720.522945,
    "elapsed_seconds": 192.111808
}