{
    "model": "gpt-4-0125-preview",
    "commit": "a5f016d6f469626c8a40bfee1e24e4763f26f336",
    "input_cost_per_token": 1e-05,
    "output_cost_per_token": 1e-05,
    "total_input_tokens": 28116,
    "total_output_tokens": 3011,
    "total_tokens": 31127,
    "total_cost": 0.37149000000000004,
    "start_epoch": 1712379356.772677,
    "end_epoch": 1712379533.959069,
    "elapsed_seconds": 177.186392
}