{
    "model": "gpt-4-0125-preview",
    "commit": "a5f016d6f469626c8a40bfee1e24e4763f26f336",
    "input_cost_per_token": 1e-05,
    "output_cost_per_token": 1e-05,
    "total_input_tokens": 7895,
    "total_output_tokens": 1471,
    "total_tokens": 9366,
    "total_cost": 0.12308000000000002,
    "start_epoch": 1712379256.453236,
    "end_epoch": 1712379402.476405,
    "elapsed_seconds": 146.023169
}