{
    "model": "gpt-4-0125-preview",
    "commit": "9ac9e2bf1e3093c236f5126e10324caf7f81e0d1",
    "input_cost_per_token": 1e-05,
    "output_cost_per_token": 1e-05,
    "total_input_tokens": 22809,
    "total_output_tokens": 3071,
    "total_tokens": 25880,
    "total_cost": 0.32022,
    "start_epoch": 1712226941.541246,
    "end_epoch": 1712227092.833721,
    "elapsed_seconds": 151.292475
}