{
    "model": "gpt-4-0125-preview",
    "commit": "a5f016d6f469626c8a40bfee1e24e4763f26f336",
    "input_cost_per_token": 1e-05,
    "output_cost_per_token": 1e-05,
    "total_input_tokens": 56312,
    "total_output_tokens": 6565,
    "total_tokens": 62877,
    "total_cost": 0.7600700000000001,
    "start_epoch": 1712264414.062788,
    "end_epoch": 1712264887.238711,
    "elapsed_seconds": 473.175923
}