{
    "model": "gpt-4-0125-preview",
    "commit": "178da19b921052c6258e48ce9d225f34bde45d2b",
    "input_cost_per_token": 1e-05,
    "output_cost_per_token": 1e-05,
    "total_input_tokens": 24213,
    "total_output_tokens": 3284,
    "total_tokens": 27497,
    "total_cost": 0.34065,
    "start_epoch": 1712214886.899001,
    "end_epoch": 1712215076.083809,
    "elapsed_seconds": 189.184808
}