{
    "model": "gpt-4-0125-preview",
    "commit": "178da19b921052c6258e48ce9d225f34bde45d2b",
    "input_cost_per_token": 1e-05,
    "output_cost_per_token": 1e-05,
    "total_input_tokens": 31533,
    "total_output_tokens": 3463,
    "total_tokens": 34996,
    "total_cost": 0.41922000000000004,
    "start_epoch": 1712218284.366256,
    "end_epoch": 1712218516.031995,
    "elapsed_seconds": 231.665739
}