{
    "model": "gpt-4-0125-preview",
    "commit": "a5f016d6f469626c8a40bfee1e24e4763f26f336",
    "input_cost_per_token": 1e-05,
    "output_cost_per_token": 1e-05,
    "total_input_tokens": 6316,
    "total_output_tokens": 1352,
    "total_tokens": 7668,
    "total_cost": 0.10372,
    "start_epoch": 1712251757.490067,
    "end_epoch": 1712251931.87621,
    "elapsed_seconds": 174.386143
}