{
    "model": "gpt-4-0125-preview",
    "commit": "a5f016d6f469626c8a40bfee1e24e4763f26f336",
    "input_cost_per_token": 1e-05,
    "output_cost_per_token": 1e-05,
    "total_input_tokens": 11230,
    "total_output_tokens": 642,
    "total_tokens": 11872,
    "total_cost": 0.13156,
    "start_epoch": 1712378426.537911,
    "end_epoch": 1712378454.933878,
    "elapsed_seconds": 28.395967
}