{
    "model": "gpt-4-0125-preview",
    "commit": "a5f016d6f469626c8a40bfee1e24e4763f26f336",
    "input_cost_per_token": 1e-05,
    "output_cost_per_token": 1e-05,
    "total_input_tokens": 23923,
    "total_output_tokens": 1830,
    "total_tokens": 25753,
    "total_cost": 0.29413,
    "start_epoch": 1712381768.326556,
    "end_epoch": 1712381861.500266,
    "elapsed_seconds": 93.17371
}