{
    "model": "gpt-4-0125-preview",
    "commit": "a5f016d6f469626c8a40bfee1e24e4763f26f336",
    "input_cost_per_token": 1e-05,
    "output_cost_per_token": 1e-05,
    "total_input_tokens": 31421,
    "total_output_tokens": 2933,
    "total_tokens": 34354,
    "total_cost": 0.40219999999999995,
    "start_epoch": 1712381823.797568,
    "end_epoch": 1712381938.424279,
    "elapsed_seconds": 114.626711
}