{
    "model": "gpt-4-0125-preview",
    "commit": "9ac9e2bf1e3093c236f5126e10324caf7f81e0d1",
    "input_cost_per_token": 1e-05,
    "output_cost_per_token": 1e-05,
    "total_input_tokens": 8844,
    "total_output_tokens": 1536,
    "total_tokens": 10380,
    "total_cost": 0.13452,
    "start_epoch": 1712225691.139486,
    "end_epoch": 1712225830.08249,
    "elapsed_seconds": 138.943004
}