{
    "model": "gpt-4-0125-preview",
    "commit": "a5f016d6f469626c8a40bfee1e24e4763f26f336",
    "input_cost_per_token": 1e-05,
    "output_cost_per_token": 1e-05,
    "total_input_tokens": 18193,
    "total_output_tokens": 2963,
    "total_tokens": 21156,
    "total_cost": 0.27082,
    "start_epoch": 1712378076.360493,
    "end_epoch": 1712378184.88399,
    "elapsed_seconds": 108.523497
}