{
    "model": "gpt-4-0125-preview",
    "commit": "178da19b921052c6258e48ce9d225f34bde45d2b",
    "input_cost_per_token": 1e-05,
    "output_cost_per_token": 1e-05,
    "total_input_tokens": 15843,
    "total_output_tokens": 2138,
    "total_tokens": 17981,
    "total_cost": 0.22257,
    "start_epoch": 1712210762.111527,
    "end_epoch": 1712210904.077492,
    "elapsed_seconds": 141.965965
}