{
    "model": "gpt-4-0125-preview",
    "commit": "178da19b921052c6258e48ce9d225f34bde45d2b",
    "input_cost_per_token": 1e-05,
    "output_cost_per_token": 1e-05,
    "total_input_tokens": 52088,
    "total_output_tokens": 4183,
    "total_tokens": 56271,
    "total_cost": 0.64637,
    "start_epoch": 1712213805.835001,
    "end_epoch": 1712214076.557539,
    "elapsed_seconds": 270.722538
}