{
    "model": "gpt-4-0125-preview",
    "commit": "178da19b921052c6258e48ce9d225f34bde45d2b",
    "input_cost_per_token": 1e-05,
    "output_cost_per_token": 1e-05,
    "total_input_tokens": 14500,
    "total_output_tokens": 2209,
    "total_tokens": 16709,
    "total_cost": 0.21127,
    "start_epoch": 1712211855.610505,
    "end_epoch": 1712211935.615066,
    "elapsed_seconds": 80.004561
}