{
    "model": "gpt-4-0125-preview",
    "commit": "9ac9e2bf1e3093c236f5126e10324caf7f81e0d1",
    "input_cost_per_token": 1e-05,
    "output_cost_per_token": 1e-05,
    "total_input_tokens": 20475,
    "total_output_tokens": 2767,
    "total_tokens": 23242,
    "total_cost": 0.28776,
    "start_epoch": 1712225830.204247,
    "end_epoch": 1712226037.285749,
    "elapsed_seconds": 207.081502
}