{
    "model": "gpt-4-0125-preview",
    "commit": "a5f016d6f469626c8a40bfee1e24e4763f26f336",
    "input_cost_per_token": 1e-05,
    "output_cost_per_token": 1e-05,
    "total_input_tokens": 84836,
    "total_output_tokens": 6369,
    "total_tokens": 91205,
    "total_cost": 1.03943,
    "start_epoch": 1712266431.291595,
    "end_epoch": 1712266759.694354,
    "elapsed_seconds": 328.402759
}