{
    "model": "gpt-4-0125-preview",
    "commit": "a5f016d6f469626c8a40bfee1e24e4763f26f336",
    "input_cost_per_token": 1e-05,
    "output_cost_per_token": 1e-05,
    "total_input_tokens": 40587,
    "total_output_tokens": 3139,
    "total_tokens": 43726,
    "total_cost": 0.50004,
    "start_epoch": 1712382501.747508,
    "end_epoch": 1712382710.465225,
    "elapsed_seconds": 208.717717
}