{
    "model": "gpt-4-0125-preview",
    "commit": "178da19b921052c6258e48ce9d225f34bde45d2b",
    "input_cost_per_token": 1e-05,
    "output_cost_per_token": 1e-05,
    "total_input_tokens": 7789,
    "total_output_tokens": 1192,
    "total_tokens": 8981,
    "total_cost": 0.11365000000000001,
    "start_epoch": 1712219849.837652,
    "end_epoch": 1712219964.847787,
    "elapsed_seconds": 115.010135
}