{
    "model": "gpt-4-0125-preview",
    "commit": "178da19b921052c6258e48ce9d225f34bde45d2b",
    "input_cost_per_token": 1e-05,
    "output_cost_per_token": 1e-05,
    "total_input_tokens": 57766,
    "total_output_tokens": 3681,
    "total_tokens": 61447,
    "total_cost": 0.68809,
    "start_epoch": 1712209442.096962,
    "end_epoch": 1712209641.611553,
    "elapsed_seconds": 199.514591
}