{
    "model": "gpt-4-0125-preview",
    "commit": "9ac9e2bf1e3093c236f5126e10324caf7f81e0d1",
    "input_cost_per_token": 1e-05,
    "output_cost_per_token": 1e-05,
    "total_input_tokens": 20451,
    "total_output_tokens": 1835,
    "total_tokens": 22286,
    "total_cost": 0.25956,
    "start_epoch": 1712228293.217047,
    "end_epoch": 1712228401.646509,
    "elapsed_seconds": 108.429462
}