{
    "model": "gpt-4-0125-preview",
    "commit": "a5f016d6f469626c8a40bfee1e24e4763f26f336",
    "input_cost_per_token": 1e-05,
    "output_cost_per_token": 1e-05,
    "total_input_tokens": 46753,
    "total_output_tokens": 4154,
    "total_tokens": 50907,
    "total_cost": 0.5921500000000001,
    "start_epoch": 1712260092.286911,
    "end_epoch": 1712260314.154341,
    "elapsed_seconds": 221.86743
}