{
    "model": "gpt-4-0125-preview",
    "commit": "9ac9e2bf1e3093c236f5126e10324caf7f81e0d1",
    "input_cost_per_token": 1e-05,
    "output_cost_per_token": 1e-05,
    "total_input_tokens": 11118,
    "total_output_tokens": 579,
    "total_tokens": 11697,
    "total_cost": 0.12855,
    "start_epoch": 1712225375.312023,
    "end_epoch": 1712225408.812775,
    "elapsed_seconds": 33.500752
}