{
    "model": "gpt-4-0125-preview",
    "commit": "a5f016d6f469626c8a40bfee1e24e4763f26f336",
    "input_cost_per_token": 1e-05,
    "output_cost_per_token": 1e-05,
    "total_input_tokens": 35155,
    "total_output_tokens": 1753,
    "total_tokens": 36908,
    "total_cost": 0.40414,
    "start_epoch": 1712378346.338846,
    "end_epoch": 1712378489.64877,
    "elapsed_seconds": 143.309924
}