{
    "model": "gpt-4-0125-preview",
    "commit": "a5f016d6f469626c8a40bfee1e24e4763f26f336",
    "input_cost_per_token": 1e-05,
    "output_cost_per_token": 1e-05,
    "total_input_tokens": 18812,
    "total_output_tokens": 2672,
    "total_tokens": 21484,
    "total_cost": 0.26828,
    "start_epoch": 1712263504.690602,
    "end_epoch": 1712263692.02,
    "elapsed_seconds": 187.329398
}