{
    "model": "gpt-4-0125-preview",
    "commit": "178da19b921052c6258e48ce9d225f34bde45d2b",
    "input_cost_per_token": 1e-05,
    "output_cost_per_token": 1e-05,
    "total_input_tokens": 11374,
    "total_output_tokens": 1912,
    "total_tokens": 13286,
    "total_cost": 0.17110000000000003,
    "start_epoch": 1712211638.232695,
    "end_epoch": 1712211744.696706,
    "elapsed_seconds": 106.464011
}