{
    "model": "gpt-4-0125-preview",
    "commit": "178da19b921052c6258e48ce9d225f34bde45d2b",
    "input_cost_per_token": 1e-05,
    "output_cost_per_token": 1e-05,
    "total_input_tokens": 6787,
    "total_output_tokens": 1101,
    "total_tokens": 7888,
    "total_cost": 0.10089999999999999,
    "start_epoch": 1712216328.016983,
    "end_epoch": 1712216441.457556,
    "elapsed_seconds": 113.440573
}