{
    "model": "gpt-4-0125-preview",
    "commit": "a5f016d6f469626c8a40bfee1e24e4763f26f336",
    "input_cost_per_token": 1e-05,
    "output_cost_per_token": 1e-05,
    "total_input_tokens": 7660,
    "total_output_tokens": 930,
    "total_tokens": 8590,
    "total_cost": 0.10450000000000001,
    "start_epoch": 1712254083.76854,
    "end_epoch": 1712254277.919918,
    "elapsed_seconds": 194.151378
}