{
    "model": "gpt-4-0125-preview",
    "commit": "a5f016d6f469626c8a40bfee1e24e4763f26f336",
    "input_cost_per_token": 1e-05,
    "output_cost_per_token": 1e-05,
    "total_input_tokens": 12738,
    "total_output_tokens": 1501,
    "total_tokens": 14239,
    "total_cost": 0.17241,
    "start_epoch": 1712265165.881816,
    "end_epoch": 1712265301.554097,
    "elapsed_seconds": 135.672281
}