{
    "model": "gpt-4-0125-preview",
    "commit": "178da19b921052c6258e48ce9d225f34bde45d2b",
    "input_cost_per_token": 1e-05,
    "output_cost_per_token": 1e-05,
    "total_input_tokens": 8831,
    "total_output_tokens": 1325,
    "total_tokens": 10156,
    "total_cost": 0.12806,
    "start_epoch": 1712209252.773404,
    "end_epoch": 1712209298.849529,
    "elapsed_seconds": 46.076125
}