{
    "model": "gpt-4-0125-preview",
    "commit": "9ac9e2bf1e3093c236f5126e10324caf7f81e0d1",
    "input_cost_per_token": 1e-05,
    "output_cost_per_token": 1e-05,
    "total_input_tokens": 126353,
    "total_output_tokens": 7722,
    "total_tokens": 134075,
    "total_cost": 1.49519,
    "start_epoch": 1712229233.143971,
    "end_epoch": 1712229744.570116,
    "elapsed_seconds": 511.426145
}