{
    "model": "gpt-4-0125-preview",
    "commit": "a5f016d6f469626c8a40bfee1e24e4763f26f336",
    "input_cost_per_token": 1e-05,
    "output_cost_per_token": 1e-05,
    "total_input_tokens": 129010,
    "total_output_tokens": 8894,
    "total_tokens": 137904,
    "total_cost": 1.55692,
    "start_epoch": 1712255081.387574,
    "end_epoch": 1712255649.347229,
    "elapsed_seconds": 567.959655
}