{
    "model": "gpt-4-0125-preview",
    "commit": "178da19b921052c6258e48ce9d225f34bde45d2b",
    "input_cost_per_token": 1e-05,
    "output_cost_per_token": 1e-05,
    "total_input_tokens": 17999,
    "total_output_tokens": 2793,
    "total_tokens": 20792,
    "total_cost": 0.26378,
    "start_epoch": 1712214292.988143,
    "end_epoch": 1712214500.868129,
    "elapsed_seconds": 207.879986
}