{
    "model": "gpt-4-0125-preview",
    "commit": "a5f016d6f469626c8a40bfee1e24e4763f26f336",
    "input_cost_per_token": 1e-05,
    "output_cost_per_token": 1e-05,
    "total_input_tokens": 35862,
    "total_output_tokens": 3025,
    "total_tokens": 38887,
    "total_cost": 0.44937000000000005,
    "start_epoch": 1712262560.528567,
    "end_epoch": 1712262771.429035,
    "elapsed_seconds": 210.900468
}