{
    "model": "gpt-4-0125-preview",
    "commit": "a5f016d6f469626c8a40bfee1e24e4763f26f336",
    "input_cost_per_token": 1e-05,
    "output_cost_per_token": 1e-05,
    "total_input_tokens": 20519,
    "total_output_tokens": 2575,
    "total_tokens": 23094,
    "total_cost": 0.28244,
    "start_epoch": 1712260460.375951,
    "end_epoch": 1712260680.921762,
    "elapsed_seconds": 220.545811
}