{
    "model": "gpt-4-0125-preview",
    "commit": "a5f016d6f469626c8a40bfee1e24e4763f26f336",
    "input_cost_per_token": 1e-05,
    "output_cost_per_token": 1e-05,
    "total_input_tokens": 31871,
    "total_output_tokens": 4839,
    "total_tokens": 36710,
    "total_cost": 0.46388000000000007,
    "start_epoch": 1712381431.151651,
    "end_epoch": 1712381603.002411,
    "elapsed_seconds": 171.85076
}