{
    "model": "gpt-4-0125-preview",
    "commit": "178da19b921052c6258e48ce9d225f34bde45d2b",
    "input_cost_per_token": 1e-05,
    "output_cost_per_token": 1e-05,
    "total_input_tokens": 91172,
    "total_output_tokens": 7563,
    "total_tokens": 98735,
    "total_cost": 1.1386100000000003,
    "start_epoch": 1712213332.445653,
    "end_epoch": 1712213657.989434,
    "elapsed_seconds": 325.543781
}