{
    "model": "gpt-4-0125-preview",
    "commit": "a5f016d6f469626c8a40bfee1e24e4763f26f336",
    "input_cost_per_token": 1e-05,
    "output_cost_per_token": 1e-05,
    "total_input_tokens": 111647,
    "total_output_tokens": 5435,
    "total_tokens": 117082,
    "total_cost": 1.2795200000000002,
    "start_epoch": 1712261340.742086,
    "end_epoch": 1712261656.789981,
    "elapsed_seconds": 316.047895
}