{
    "model": "gpt-4-0125-preview",
    "commit": "a5f016d6f469626c8a40bfee1e24e4763f26f336",
    "input_cost_per_token": 1e-05,
    "output_cost_per_token": 1e-05,
    "total_input_tokens": 85380,
    "total_output_tokens": 4400,
    "total_tokens": 89780,
    "total_cost": 0.9858000000000002,
    "start_epoch": 1712380870.553062,
    "end_epoch": 1712381146.170961,
    "elapsed_seconds": 275.617899
}