{
    "model": "gpt-4-0125-preview",
    "commit": "178da19b921052c6258e48ce9d225f34bde45d2b",
    "input_cost_per_token": 1e-05,
    "output_cost_per_token": 1e-05,
    "total_input_tokens": 80714,
    "total_output_tokens": 5780,
    "total_tokens": 86494,
    "total_cost": 0.9805400000000002,
    "start_epoch": 1712213255.580289,
    "end_epoch": 1712213493.598035,
    "elapsed_seconds": 238.017746
}