{
    "model": "gpt-4-0125-preview",
    "commit": "a5f016d6f469626c8a40bfee1e24e4763f26f336",
    "input_cost_per_token": 1e-05,
    "output_cost_per_token": 1e-05,
    "total_input_tokens": 73599,
    "total_output_tokens": 3384,
    "total_tokens": 76983,
    "total_cost": 0.83751,
    "start_epoch": 1712256237.373691,
    "end_epoch": 1712256448.069172,
    "elapsed_seconds": 210.695481
}