{
    "model": "gpt-4-0125-preview",
    "commit": "178da19b921052c6258e48ce9d225f34bde45d2b",
    "input_cost_per_token": 1e-05,
    "output_cost_per_token": 1e-05,
    "total_input_tokens": 203921,
    "total_output_tokens": 8076,
    "total_tokens": 211997,
    "total_cost": 2.2814900000000002,
    "start_epoch": 1712210721.260395,
    "end_epoch": 1712211076.757642,
    "elapsed_seconds": 355.497247
}