{
    "model": "gpt-4-0125-preview",
    "commit": "178da19b921052c6258e48ce9d225f34bde45d2b",
    "input_cost_per_token": 1e-05,
    "output_cost_per_token": 1e-05,
    "total_input_tokens": 94393,
    "total_output_tokens": 6714,
    "total_tokens": 101107,
    "total_cost": 1.14535,
    "start_epoch": 1712212401.409125,
    "end_epoch": 1712212763.131266,
    "elapsed_seconds": 361.722141
}