{
    "model": "gpt-4-0125-preview",
    "commit": "9ac9e2bf1e3093c236f5126e10324caf7f81e0d1",
    "input_cost_per_token": 1e-05,
    "output_cost_per_token": 1e-05,
    "total_input_tokens": 8175,
    "total_output_tokens": 1441,
    "total_tokens": 9616,
    "total_cost": 0.12498000000000001,
    "start_epoch": 1712226624.774491,
    "end_epoch": 1712226709.813794,
    "elapsed_seconds": 85.039303
}