{
    "model": "gpt-4-0125-preview",
    "commit": "a5f016d6f469626c8a40bfee1e24e4763f26f336",
    "input_cost_per_token": 1e-05,
    "output_cost_per_token": 1e-05,
    "total_input_tokens": 48350,
    "total_output_tokens": 3707,
    "total_tokens": 52057,
    "total_cost": 0.5947100000000001,
    "start_epoch": 1712254929.043192,
    "end_epoch": 1712255182.969457,
    "elapsed_seconds": 253.926265
}