{
    "model": "gpt-4-0125-preview",
    "commit": "178da19b921052c6258e48ce9d225f34bde45d2b",
    "input_cost_per_token": 1e-05,
    "output_cost_per_token": 1e-05,
    "total_input_tokens": 15261,
    "total_output_tokens": 1118,
    "total_tokens": 16379,
    "total_cost": 0.18615000000000004,
    "start_epoch": 1712209839.216244,
    "end_epoch": 1712209890.504447,
    "elapsed_seconds": 51.288203
}