{
    "model": "gpt-4-0125-preview",
    "commit": "178da19b921052c6258e48ce9d225f34bde45d2b",
    "input_cost_per_token": 1e-05,
    "output_cost_per_token": 1e-05,
    "total_input_tokens": 11453,
    "total_output_tokens": 1478,
    "total_tokens": 12931,
    "total_cost": 0.15887,
    "start_epoch": 1712208376.199643,
    "end_epoch": 1712208438.10445,
    "elapsed_seconds": 61.904807
}