{
    "model": "gpt-4-0125-preview",
    "commit": "178da19b921052c6258e48ce9d225f34bde45d2b",
    "input_cost_per_token": 1e-05,
    "output_cost_per_token": 1e-05,
    "total_input_tokens": 14516,
    "total_output_tokens": 2523,
    "total_tokens": 17039,
    "total_cost": 0.22085,
    "start_epoch": 1712210131.632648,
    "end_epoch": 1712210279.380348,
    "elapsed_seconds": 147.7477
}