{
    "model": "gpt-4-0125-preview",
    "commit": "9ac9e2bf1e3093c236f5126e10324caf7f81e0d1",
    "input_cost_per_token": 1e-05,
    "output_cost_per_token": 1e-05,
    "total_input_tokens": 6410,
    "total_output_tokens": 1573,
    "total_tokens": 7983,
    "total_cost": 0.11129,
    "start_epoch": 1712231234.475817,
    "end_epoch": 1712231308.509299,
    "elapsed_seconds": 74.033482
}