{
    "model": "gpt-4-0125-preview",
    "commit": "9ac9e2bf1e3093c236f5126e10324caf7f81e0d1",
    "input_cost_per_token": 1e-05,
    "output_cost_per_token": 1e-05,
    "total_input_tokens": 13235,
    "total_output_tokens": 1496,
    "total_tokens": 14731,
    "total_cost": 0.17723,
    "start_epoch": 1712229317.038808,
    "end_epoch": 1712229412.166092,
    "elapsed_seconds": 95.127284
}