{
    "model": "gpt-4-0125-preview",
    "commit": "a5f016d6f469626c8a40bfee1e24e4763f26f336",
    "input_cost_per_token": 1e-05,
    "output_cost_per_token": 1e-05,
    "total_input_tokens": 13017,
    "total_output_tokens": 1836,
    "total_tokens": 14853,
    "total_cost": 0.18525000000000003,
    "start_epoch": 1712260126.710657,
    "end_epoch": 1712260329.481672,
    "elapsed_seconds": 202.771015
}