{
    "model": "gpt-4-0125-preview",
    "commit": "9ac9e2bf1e3093c236f5126e10324caf7f81e0d1",
    "input_cost_per_token": 1e-05,
    "output_cost_per_token": 1e-05,
    "total_input_tokens": 31167,
    "total_output_tokens": 2690,
    "total_tokens": 33857,
    "total_cost": 0.39237000000000005,
    "start_epoch": 1712226622.937603,
    "end_epoch": 1712226790.176931,
    "elapsed_seconds": 167.239328
}