{
    "model": "gpt-4-0125-preview",
    "commit": "9ac9e2bf1e3093c236f5126e10324caf7f81e0d1",
    "input_cost_per_token": 1e-05,
    "output_cost_per_token": 1e-05,
    "total_input_tokens": 26960,
    "total_output_tokens": 2688,
    "total_tokens": 29648,
    "total_cost": 0.35024000000000005,
    "start_epoch": 1712227477.861001,
    "end_epoch": 1712227646.733001,
    "elapsed_seconds": 168.872
}