{
    "model": "gpt-4-0125-preview",
    "commit": "a5f016d6f469626c8a40bfee1e24e4763f26f336",
    "input_cost_per_token": 1e-05,
    "output_cost_per_token": 1e-05,
    "total_input_tokens": 7742,
    "total_output_tokens": 1273,
    "total_tokens": 9015,
    "total_cost": 0.11561000000000002,
    "start_epoch": 1712383463.744082,
    "end_epoch": 1712383604.301432,
    "elapsed_seconds": 140.55735
}