{
    "model": "gpt-4-0125-preview",
    "commit": "9ac9e2bf1e3093c236f5126e10324caf7f81e0d1",
    "input_cost_per_token": 1e-05,
    "output_cost_per_token": 1e-05,
    "total_input_tokens": 12516,
    "total_output_tokens": 1515,
    "total_tokens": 14031,
    "total_cost": 0.17061,
    "start_epoch": 1712226377.107984,
    "end_epoch": 1712226472.39406,
    "elapsed_seconds": 95.286076
}