{
    "model": "gpt-4-0125-preview",
    "commit": "a5f016d6f469626c8a40bfee1e24e4763f26f336",
    "input_cost_per_token": 1e-05,
    "output_cost_per_token": 1e-05,
    "total_input_tokens": 9219,
    "total_output_tokens": 1114,
    "total_tokens": 10333,
    "total_cost": 0.12561,
    "start_epoch": 1712266572.819497,
    "end_epoch": 1712266749.198449,
    "elapsed_seconds": 176.378952
}