{
    "model": "gpt-4-0125-preview",
    "commit": "a5f016d6f469626c8a40bfee1e24e4763f26f336",
    "input_cost_per_token": 1e-05,
    "output_cost_per_token": 1e-05,
    "total_input_tokens": 21414,
    "total_output_tokens": 2666,
    "total_tokens": 24080,
    "total_cost": 0.29412000000000005,
    "start_epoch": 1712259855.116382,
    "end_epoch": 1712260126.526596,
    "elapsed_seconds": 271.410214
}