{
    "model": "gpt-4-0125-preview",
    "commit": "9ac9e2bf1e3093c236f5126e10324caf7f81e0d1",
    "input_cost_per_token": 1e-05,
    "output_cost_per_token": 1e-05,
    "total_input_tokens": 27235,
    "total_output_tokens": 3156,
    "total_tokens": 30391,
    "total_cost": 0.36703,
    "start_epoch": 1712225242.483536,
    "end_epoch": 1712225375.183664,
    "elapsed_seconds": 132.700128
}