{
    "model": "gpt-4-0125-preview",
    "commit": "a5f016d6f469626c8a40bfee1e24e4763f26f336",
    "input_cost_per_token": 1e-05,
    "output_cost_per_token": 1e-05,
    "total_input_tokens": 35615,
    "total_output_tokens": 3933,
    "total_tokens": 39548,
    "total_cost": 0.47414,
    "start_epoch": 1712251572.813414,
    "end_epoch": 1712251794.137725,
    "elapsed_seconds": 221.324311
}