{
    "model": "gpt-4-0125-preview",
    "commit": "a5f016d6f469626c8a40bfee1e24e4763f26f336",
    "input_cost_per_token": 1e-05,
    "output_cost_per_token": 1e-05,
    "total_input_tokens": 23874,
    "total_output_tokens": 2207,
    "total_tokens": 26081,
    "total_cost": 0.30495,
    "start_epoch": 1712266097.852848,
    "end_epoch": 1712266239.592163,
    "elapsed_seconds": 141.739315
}