{
    "model": "gpt-4-0125-preview",
    "commit": "a5f016d6f469626c8a40bfee1e24e4763f26f336",
    "input_cost_per_token": 1e-05,
    "output_cost_per_token": 1e-05,
    "total_input_tokens": 104388,
    "total_output_tokens": 8040,
    "total_tokens": 112428,
    "total_cost": 1.28508,
    "start_epoch": 1712266900.87912,
    "end_epoch": 1712267260.5537,
    "elapsed_seconds": 359.67458
}