{
    "model": "gpt-4-0125-preview",
    "commit": "a5f016d6f469626c8a40bfee1e24e4763f26f336",
    "input_cost_per_token": 1e-05,
    "output_cost_per_token": 1e-05,
    "total_input_tokens": 157124,
    "total_output_tokens": 9995,
    "total_tokens": 167119,
    "total_cost": 1.8710900000000004,
    "start_epoch": 1712262661.10774,
    "end_epoch": 1712263122.482452,
    "elapsed_seconds": 461.374712
}