{
    "model": "gpt-4-0125-preview",
    "commit": "9ac9e2bf1e3093c236f5126e10324caf7f81e0d1",
    "input_cost_per_token": 1e-05,
    "output_cost_per_token": 1e-05,
    "total_input_tokens": 15801,
    "total_output_tokens": 2566,
    "total_tokens": 18367,
    "total_cost": 0.23498999999999998,
    "start_epoch": 1712230043.641398,
    "end_epoch": 1712230248.960074,
    "elapsed_seconds": 205.318676
}