{
    "model": "gpt-4-0125-preview",
    "commit": "a5f016d6f469626c8a40bfee1e24e4763f26f336",
    "input_cost_per_token": 1e-05,
    "output_cost_per_token": 1e-05,
    "total_input_tokens": 36460,
    "total_output_tokens": 1536,
    "total_tokens": 37996,
    "total_cost": 0.41068000000000005,
    "start_epoch": 1712259326.636684,
    "end_epoch": 1712259496.945736,
    "elapsed_seconds": 170.309052
}