{
    "model": "gpt-4-0125-preview",
    "commit": "a5f016d6f469626c8a40bfee1e24e4763f26f336",
    "input_cost_per_token": 1e-05,
    "output_cost_per_token": 1e-05,
    "total_input_tokens": 17142,
    "total_output_tokens": 2130,
    "total_tokens": 19272,
    "total_cost": 0.23532000000000003,
    "start_epoch": 1712264932.233323,
    "end_epoch": 1712265058.057088,
    "elapsed_seconds": 125.823765
}