{
    "model": "gpt-4-0125-preview",
    "commit": "a5f016d6f469626c8a40bfee1e24e4763f26f336",
    "input_cost_per_token": 1e-05,
    "output_cost_per_token": 1e-05,
    "total_input_tokens": 17064,
    "total_output_tokens": 2585,
    "total_tokens": 19649,
    "total_cost": 0.24819000000000002,
    "start_epoch": 1712259880.676041,
    "end_epoch": 1712260128.906815,
    "elapsed_seconds": 248.230774
}