{
    "model": "gpt-4-0125-preview",
    "commit": "9ac9e2bf1e3093c236f5126e10324caf7f81e0d1",
    "input_cost_per_token": 1e-05,
    "output_cost_per_token": 1e-05,
    "total_input_tokens": 8048,
    "total_output_tokens": 1209,
    "total_tokens": 9257,
    "total_cost": 0.11675,
    "start_epoch": 1712227809.970732,
    "end_epoch": 1712227937.875426,
    "elapsed_seconds": 127.904694
}