{
    "model": "gpt-4-0125-preview",
    "commit": "178da19b921052c6258e48ce9d225f34bde45d2b",
    "input_cost_per_token": 1e-05,
    "output_cost_per_token": 1e-05,
    "total_input_tokens": 5177,
    "total_output_tokens": 894,
    "total_tokens": 6071,
    "total_cost": 0.07859,
    "start_epoch": 1712209760.072528,
    "end_epoch": 1712209797.858028,
    "elapsed_seconds": 37.7855
}