{
    "model": "gpt-4-0125-preview",
    "commit": "a5f016d6f469626c8a40bfee1e24e4763f26f336",
    "input_cost_per_token": 1e-05,
    "output_cost_per_token": 1e-05,
    "total_input_tokens": 28012,
    "total_output_tokens": 2308,
    "total_tokens": 30320,
    "total_cost": 0.34936,
    "start_epoch": 1712267832.954889,
    "end_epoch": 1712267971.914991,
    "elapsed_seconds": 138.960102
}