{
    "model": "gpt-4-0125-preview",
    "commit": "178da19b921052c6258e48ce9d225f34bde45d2b",
    "input_cost_per_token": 1e-05,
    "output_cost_per_token": 1e-05,
    "total_input_tokens": 141864,
    "total_output_tokens": 10546,
    "total_tokens": 152410,
    "total_cost": 1.7350200000000002,
    "start_epoch": 1712212377.988669,
    "end_epoch": 1712212810.493367,
    "elapsed_seconds": 432.504698
}