{
    "model": "gpt-4-0125-preview",
    "commit": "178da19b921052c6258e48ce9d225f34bde45d2b",
    "input_cost_per_token": 1e-05,
    "output_cost_per_token": 1e-05,
    "total_input_tokens": 29513,
    "total_output_tokens": 2966,
    "total_tokens": 32479,
    "total_cost": 0.38411000000000006,
    "start_epoch": 1712209960.03767,
    "end_epoch": 1712210131.56655,
    "elapsed_seconds": 171.52888
}