{
    "model": "gpt-4-0125-preview",
    "commit": "a5f016d6f469626c8a40bfee1e24e4763f26f336",
    "input_cost_per_token": 1e-05,
    "output_cost_per_token": 1e-05,
    "total_input_tokens": 19079,
    "total_output_tokens": 2547,
    "total_tokens": 21626,
    "total_cost": 0.26720000000000005,
    "start_epoch": 1712381938.548095,
    "end_epoch": 1712382066.46145,
    "elapsed_seconds": 127.913355
}