{
    "model": "gpt-4-0125-preview",
    "commit": "9ac9e2bf1e3093c236f5126e10324caf7f81e0d1",
    "input_cost_per_token": 1e-05,
    "output_cost_per_token": 1e-05,
    "total_input_tokens": 26104,
    "total_output_tokens": 2515,
    "total_tokens": 28619,
    "total_cost": 0.33649000000000007,
    "start_epoch": 1712225481.623816,
    "end_epoch": 1712225598.407972,
    "elapsed_seconds": 116.784156
}