{
    "model": "gpt-4-0125-preview",
    "commit": "a5f016d6f469626c8a40bfee1e24e4763f26f336",
    "input_cost_per_token": 1e-05,
    "output_cost_per_token": 1e-05,
    "total_input_tokens": 31887,
    "total_output_tokens": 2798,
    "total_tokens": 34685,
    "total_cost": 0.40281,
    "start_epoch": 1712377980.807901,
    "end_epoch": 1712378095.797852,
    "elapsed_seconds": 114.989951
}