{
    "model": "gpt-4-0125-preview",
    "commit": "9ac9e2bf1e3093c236f5126e10324caf7f81e0d1",
    "input_cost_per_token": 1e-05,
    "output_cost_per_token": 1e-05,
    "total_input_tokens": 21615,
    "total_output_tokens": 1765,
    "total_tokens": 23380,
    "total_cost": 0.2691,
    "start_epoch": 1712229842.778697,
    "end_epoch": 1712230006.638687,
    "elapsed_seconds": 163.85999
}