{
    "model": "gpt-4-0125-preview",
    "commit": "a5f016d6f469626c8a40bfee1e24e4763f26f336",
    "input_cost_per_token": 1e-05,
    "output_cost_per_token": 1e-05,
    "total_input_tokens": 15043,
    "total_output_tokens": 2766,
    "total_tokens": 17809,
    "total_cost": 0.23341,
    "start_epoch": 1712258235.632237,
    "end_epoch": 1712258511.732952,
    "elapsed_seconds": 276.100715
}