{
    "model": "gpt-4-0125-preview",
    "commit": "9ac9e2bf1e3093c236f5126e10324caf7f81e0d1",
    "input_cost_per_token": 1e-05,
    "output_cost_per_token": 1e-05,
    "total_input_tokens": 68130,
    "total_output_tokens": 6291,
    "total_tokens": 74421,
    "total_cost": 0.8700300000000001,
    "start_epoch": 1712229957.88171,
    "end_epoch": 1712230399.227276,
    "elapsed_seconds": 441.345566
}