{
    "model": "gpt-4-0125-preview",
    "commit": "178da19b921052c6258e48ce9d225f34bde45d2b",
    "input_cost_per_token": 1e-05,
    "output_cost_per_token": 1e-05,
    "total_input_tokens": 194733,
    "total_output_tokens": 10451,
    "total_tokens": 205184,
    "total_cost": 2.26086,
    "start_epoch": 1712210638.518235,
    "end_epoch": 1712211168.268535,
    "elapsed_seconds": 529.7503
}