{
    "model": "gpt-4-0125-preview",
    "commit": "a5f016d6f469626c8a40bfee1e24e4763f26f336",
    "input_cost_per_token": 1e-05,
    "output_cost_per_token": 1e-05,
    "total_input_tokens": 28588,
    "total_output_tokens": 2380,
    "total_tokens": 30968,
    "total_cost": 0.35728000000000004,
    "start_epoch": 1712256420.806792,
    "end_epoch": 1712256640.302603,
    "elapsed_seconds": 219.495811
}