{
    "model": "gpt-4-0125-preview",
    "commit": "178da19b921052c6258e48ce9d225f34bde45d2b",
    "input_cost_per_token": 1e-05,
    "output_cost_per_token": 1e-05,
    "total_input_tokens": 141074,
    "total_output_tokens": 10957,
    "total_tokens": 152031,
    "total_cost": 1.73945,
    "start_epoch": 1712209932.291535,
    "end_epoch": 1712210362.081219,
    "elapsed_seconds": 429.789684
}