{
    "model": "gpt-4-0125-preview",
    "commit": "9ac9e2bf1e3093c236f5126e10324caf7f81e0d1",
    "input_cost_per_token": 1e-05,
    "output_cost_per_token": 1e-05,
    "total_input_tokens": 30277,
    "total_output_tokens": 3423,
    "total_tokens": 33700,
    "total_cost": 0.40545999999999993,
    "start_epoch": 1712229732.528441,
    "end_epoch": 1712229902.141958,
    "elapsed_seconds": 169.613517
}