{
    "model": "gpt-4-0125-preview",
    "commit": "a5f016d6f469626c8a40bfee1e24e4763f26f336",
    "input_cost_per_token": 1e-05,
    "output_cost_per_token": 1e-05,
    "total_input_tokens": 10491,
    "total_output_tokens": 1039,
    "total_tokens": 11530,
    "total_cost": 0.13608,
    "start_epoch": 1712252092.35177,
    "end_epoch": 1712252216.195985,
    "elapsed_seconds": 123.844215
}