{
    "model": "gpt-4-0125-preview",
    "commit": "a5f016d6f469626c8a40bfee1e24e4763f26f336",
    "input_cost_per_token": 1e-05,
    "output_cost_per_token": 1e-05,
    "total_input_tokens": 16152,
    "total_output_tokens": 1518,
    "total_tokens": 17670,
    "total_cost": 0.20706000000000002,
    "start_epoch": 1712378426.274839,
    "end_epoch": 1712378522.502371,
    "elapsed_seconds": 96.227532
}