{
    "model": "gpt-4-0125-preview",
    "commit": "9ac9e2bf1e3093c236f5126e10324caf7f81e0d1",
    "input_cost_per_token": 1e-05,
    "output_cost_per_token": 1e-05,
    "total_input_tokens": 21876,
    "total_output_tokens": 1256,
    "total_tokens": 23132,
    "total_cost": 0.25644000000000006,
    "start_epoch": 1712224691.167698,
    "end_epoch": 1712224779.399897,
    "elapsed_seconds": 88.232199
}