{
    "model": "gpt-4-0125-preview",
    "commit": "9ac9e2bf1e3093c236f5126e10324caf7f81e0d1",
    "input_cost_per_token": 1e-05,
    "output_cost_per_token": 1e-05,
    "total_input_tokens": 22229,
    "total_output_tokens": 1448,
    "total_tokens": 23677,
    "total_cost": 0.26573,
    "start_epoch": 1712238492.612748,
    "end_epoch": 1712238684.381095,
    "elapsed_seconds": 191.768347
}