{
    "model": "gpt-4-0125-preview",
    "commit": "a5f016d6f469626c8a40bfee1e24e4763f26f336",
    "input_cost_per_token": 1e-05,
    "output_cost_per_token": 1e-05,
    "total_input_tokens": 9053,
    "total_output_tokens": 1299,
    "total_tokens": 10352,
    "total_cost": 0.1295,
    "start_epoch": 1712380449.428681,
    "end_epoch": 1712380571.978665,
    "elapsed_seconds": 122.549984
}