{
    "model": "gpt-4-0125-preview",
    "commit": "a5f016d6f469626c8a40bfee1e24e4763f26f336",
    "input_cost_per_token": 1e-05,
    "output_cost_per_token": 1e-05,
    "total_input_tokens": 9641,
    "total_output_tokens": 1759,
    "total_tokens": 11400,
    "total_cost": 0.14918000000000003,
    "start_epoch": 1712263756.954597,
    "end_epoch": 1712263968.70465,
    "elapsed_seconds": 211.750053
}