{
    "model": "gpt-4-0125-preview",
    "commit": "a5f016d6f469626c8a40bfee1e24e4763f26f336",
    "input_cost_per_token": 1e-05,
    "output_cost_per_token": 1e-05,
    "total_input_tokens": 11541,
    "total_output_tokens": 1189,
    "total_tokens": 12730,
    "total_cost": 0.15108,
    "start_epoch": 1712251898.039251,
    "end_epoch": 1712252019.401544,
    "elapsed_seconds": 121.362293
}