{
    "model": "gpt-4-0125-preview",
    "commit": "178da19b921052c6258e48ce9d225f34bde45d2b",
    "input_cost_per_token": 1e-05,
    "output_cost_per_token": 1e-05,
    "total_input_tokens": 15650,
    "total_output_tokens": 2222,
    "total_tokens": 17872,
    "total_cost": 0.22316,
    "start_epoch": 1712211583.665272,
    "end_epoch": 1712211746.292292,
    "elapsed_seconds": 162.62702
}