{
    "model": "gpt-4-0125-preview",
    "commit": "9ac9e2bf1e3093c236f5126e10324caf7f81e0d1",
    "input_cost_per_token": 1e-05,
    "output_cost_per_token": 1e-05,
    "total_input_tokens": 150629,
    "total_output_tokens": 9321,
    "total_tokens": 159950,
    "total_cost": 1.7859200000000004,
    "start_epoch": 1712228360.481814,
    "end_epoch": 1712228885.079264,
    "elapsed_seconds": 524.59745
}