{
    "model": "gpt-4-0125-preview",
    "commit": "178da19b921052c6258e48ce9d225f34bde45d2b",
    "input_cost_per_token": 1e-05,
    "output_cost_per_token": 1e-05,
    "total_input_tokens": 9641,
    "total_output_tokens": 1416,
    "total_tokens": 11057,
    "total_cost": 0.13888999999999999,
    "start_epoch": 1712217728.852975,
    "end_epoch": 1712217858.217885,
    "elapsed_seconds": 129.36491
}