{
    "model": "gpt-4-0125-preview",
    "commit": "9ac9e2bf1e3093c236f5126e10324caf7f81e0d1",
    "input_cost_per_token": 1e-05,
    "output_cost_per_token": 1e-05,
    "total_input_tokens": 7763,
    "total_output_tokens": 1719,
    "total_tokens": 9482,
    "total_cost": 0.1292,
    "start_epoch": 1712233643.889409,
    "end_epoch": 1712233828.123912,
    "elapsed_seconds": 184.234503
}