{
    "model": "gpt-4-0125-preview",
    "commit": "a5f016d6f469626c8a40bfee1e24e4763f26f336",
    "input_cost_per_token": 1e-05,
    "output_cost_per_token": 1e-05,
    "total_input_tokens": 8226,
    "total_output_tokens": 1342,
    "total_tokens": 9568,
    "total_cost": 0.12252,
    "start_epoch": 1712383095.15751,
    "end_epoch": 1712383143.627599,
    "elapsed_seconds": 48.470089
}