{
    "model": "gpt-4-0125-preview",
    "commit": "9ac9e2bf1e3093c236f5126e10324caf7f81e0d1",
    "input_cost_per_token": 1e-05,
    "output_cost_per_token": 1e-05,
    "total_input_tokens": 17668,
    "total_output_tokens": 1492,
    "total_tokens": 19160,
    "total_cost": 0.22144000000000003,
    "start_epoch": 1712234884.317325,
    "end_epoch": 1712235075.268591,
    "elapsed_seconds": 190.951266
}