{
    "model": "gpt-4-0125-preview",
    "commit": "a5f016d6f469626c8a40bfee1e24e4763f26f336",
    "input_cost_per_token": 1e-05,
    "output_cost_per_token": 1e-05,
    "total_input_tokens": 44549,
    "total_output_tokens": 4884,
    "total_tokens": 49433,
    "total_cost": 0.5920099999999999,
    "start_epoch": 1712255669.954505,
    "end_epoch": 1712255926.504782,
    "elapsed_seconds": 256.550277
}