{
    "model": "gpt-4-0125-preview",
    "commit": "a5f016d6f469626c8a40bfee1e24e4763f26f336",
    "input_cost_per_token": 1e-05,
    "output_cost_per_token": 1e-05,
    "total_input_tokens": 10818,
    "total_output_tokens": 1361,
    "total_tokens": 12179,
    "total_cost": 0.14901,
    "start_epoch": 1712379865.879445,
    "end_epoch": 1712380011.940907,
    "elapsed_seconds": 146.061462
}