{
    "model": "gpt-4-0125-preview",
    "commit": "178da19b921052c6258e48ce9d225f34bde45d2b",
    "input_cost_per_token": 1e-05,
    "output_cost_per_token": 1e-05,
    "total_input_tokens": 34343,
    "total_output_tokens": 3311,
    "total_tokens": 37654,
    "total_cost": 0.44276000000000004,
    "start_epoch": 1712214701.074086,
    "end_epoch": 1712214886.836067,
    "elapsed_seconds": 185.761981
}