{
    "model": "gpt-4-0125-preview",
    "commit": "a5f016d6f469626c8a40bfee1e24e4763f26f336",
    "input_cost_per_token": 1e-05,
    "output_cost_per_token": 1e-05,
    "total_input_tokens": 13321,
    "total_output_tokens": 2031,
    "total_tokens": 15352,
    "total_cost": 0.19414000000000003,
    "start_epoch": 1712382355.674939,
    "end_epoch": 1712382503.70056,
    "elapsed_seconds": 148.025621
}