{
    "model": "gpt-4-0125-preview",
    "commit": "a5f016d6f469626c8a40bfee1e24e4763f26f336",
    "input_cost_per_token": 1e-05,
    "output_cost_per_token": 1e-05,
    "total_input_tokens": 53013,
    "total_output_tokens": 3987,
    "total_tokens": 57000,
    "total_cost": 0.64974,
    "start_epoch": 1712255609.040763,
    "end_epoch": 1712255830.07069,
    "elapsed_seconds": 221.029927
}