{
    "model": "gpt-4-0125-preview",
    "commit": "a5f016d6f469626c8a40bfee1e24e4763f26f336",
    "input_cost_per_token": 1e-05,
    "output_cost_per_token": 1e-05,
    "total_input_tokens": 36978,
    "total_output_tokens": 1682,
    "total_tokens": 38660,
    "total_cost": 0.42024000000000006,
    "start_epoch": 1712379302.635686,
    "end_epoch": 1712379432.494294,
    "elapsed_seconds": 129.858608
}