{
    "model": "gpt-4-0125-preview",
    "commit": "178da19b921052c6258e48ce9d225f34bde45d2b",
    "input_cost_per_token": 1e-05,
    "output_cost_per_token": 1e-05,
    "total_input_tokens": 11885,
    "total_output_tokens": 1531,
    "total_tokens": 13416,
    "total_cost": 0.16478,
    "start_epoch": 1712210904.11115,
    "end_epoch": 1712211014.119263,
    "elapsed_seconds": 110.008113
}