{
    "model": "gpt-4-0125-preview",
    "commit": "a5f016d6f469626c8a40bfee1e24e4763f26f336",
    "input_cost_per_token": 1e-05,
    "output_cost_per_token": 1e-05,
    "total_input_tokens": 13145,
    "total_output_tokens": 2523,
    "total_tokens": 15668,
    "total_cost": 0.20714,
    "start_epoch": 1712378950.563157,
    "end_epoch": 1712379143.188227,
    "elapsed_seconds": 192.62507
}