{
    "model": "gpt-4-0125-preview",
    "commit": "a5f016d6f469626c8a40bfee1e24e4763f26f336",
    "input_cost_per_token": 1e-05,
    "output_cost_per_token": 1e-05,
    "total_input_tokens": 17684,
    "total_output_tokens": 1156,
    "total_tokens": 18840,
    "total_cost": 0.21151999999999999,
    "start_epoch": 1712261924.743122,
    "end_epoch": 1712262076.362497,
    "elapsed_seconds": 151.619375
}