{
    "model": "gpt-4-0125-preview",
    "commit": "178da19b921052c6258e48ce9d225f34bde45d2b",
    "input_cost_per_token": 1e-05,
    "output_cost_per_token": 1e-05,
    "total_input_tokens": 41936,
    "total_output_tokens": 3960,
    "total_tokens": 45896,
    "total_cost": 0.53816,
    "start_epoch": 1712208704.376017,
    "end_epoch": 1712208925.517047,
    "elapsed_seconds": 221.14103
}