{
    "model": "gpt-4-0125-preview",
    "commit": "a5f016d6f469626c8a40bfee1e24e4763f26f336",
    "input_cost_per_token": 1e-05,
    "output_cost_per_token": 1e-05,
    "total_input_tokens": 94749,
    "total_output_tokens": 8492,
    "total_tokens": 103241,
    "total_cost": 1.20225,
    "start_epoch": 1712251849.890848,
    "end_epoch": 1712252399.185018,
    "elapsed_seconds": 549.29417
}