{
    "model": "gpt-4-0125-preview",
    "commit": "a5f016d6f469626c8a40bfee1e24e4763f26f336",
    "input_cost_per_token": 1e-05,
    "output_cost_per_token": 1e-05,
    "total_input_tokens": 32647,
    "total_output_tokens": 2630,
    "total_tokens": 35277,
    "total_cost": 0.40537,
    "start_epoch": 1712259149.457814,
    "end_epoch": 1712259341.961166,
    "elapsed_seconds": 192.503352
}