{
    "model": "gpt-4-0125-preview",
    "commit": "178da19b921052c6258e48ce9d225f34bde45d2b",
    "input_cost_per_token": 1e-05,
    "output_cost_per_token": 1e-05,
    "total_input_tokens": 156803,
    "total_output_tokens": 8740,
    "total_tokens": 165543,
    "total_cost": 1.8302300000000005,
    "start_epoch": 1712212058.475807,
    "end_epoch": 1712212420.512531,
    "elapsed_seconds": 362.036724
}