{
    "model": "gpt-4-0125-preview",
    "commit": "a5f016d6f469626c8a40bfee1e24e4763f26f336",
    "input_cost_per_token": 1e-05,
    "output_cost_per_token": 1e-05,
    "total_input_tokens": 32811,
    "total_output_tokens": 4063,
    "total_tokens": 36874,
    "total_cost": 0.45,
    "start_epoch": 1712378301.859047,
    "end_epoch": 1712378448.602965,
    "elapsed_seconds": 146.743918
}