{
    "model": "gpt-4-0125-preview",
    "commit": "178da19b921052c6258e48ce9d225f34bde45d2b",
    "input_cost_per_token": 1e-05,
    "output_cost_per_token": 1e-05,
    "total_input_tokens": 110224,
    "total_output_tokens": 9827,
    "total_tokens": 120051,
    "total_cost": 1.39705,
    "start_epoch": 1712218516.093179,
    "end_epoch": 1712219048.715145,
    "elapsed_seconds": 532.621966
}