{
    "model": "gpt-4-0125-preview",
    "commit": "178da19b921052c6258e48ce9d225f34bde45d2b",
    "input_cost_per_token": 1e-05,
    "output_cost_per_token": 1e-05,
    "total_input_tokens": 21637,
    "total_output_tokens": 1578,
    "total_tokens": 23215,
    "total_cost": 0.26371,
    "start_epoch": 1712210300.44143,
    "end_epoch": 1712210418.448841,
    "elapsed_seconds": 118.007411
}