{
    "model": "gpt-4-0125-preview",
    "commit": "a5f016d6f469626c8a40bfee1e24e4763f26f336",
    "input_cost_per_token": 1e-05,
    "output_cost_per_token": 1e-05,
    "total_input_tokens": 52868,
    "total_output_tokens": 4503,
    "total_tokens": 57371,
    "total_cost": 0.6637700000000001,
    "start_epoch": 1712252019.435191,
    "end_epoch": 1712252289.540214,
    "elapsed_seconds": 270.105023
}