{
    "model": "gpt-4-0125-preview",
    "commit": "a5f016d6f469626c8a40bfee1e24e4763f26f336",
    "input_cost_per_token": 1e-05,
    "output_cost_per_token": 1e-05,
    "total_input_tokens": 18114,
    "total_output_tokens": 1982,
    "total_tokens": 20096,
    "total_cost": 0.24059999999999998,
    "start_epoch": 1712264887.412335,
    "end_epoch": 1712265125.773774,
    "elapsed_seconds": 238.361439
}