{
    "model": "gpt-4-0125-preview",
    "commit": "a5f016d6f469626c8a40bfee1e24e4763f26f336",
    "input_cost_per_token": 1e-05,
    "output_cost_per_token": 1e-05,
    "total_input_tokens": 23878,
    "total_output_tokens": 4256,
    "total_tokens": 28134,
    "total_cost": 0.36646,
    "start_epoch": 1712265655.885584,
    "end_epoch": 1712265921.287799,
    "elapsed_seconds": 265.402215
}