{
    "model": "gpt-4-0125-preview",
    "commit": "a5f016d6f469626c8a40bfee1e24e4763f26f336",
    "input_cost_per_token": 1e-05,
    "output_cost_per_token": 1e-05,
    "total_input_tokens": 51459,
    "total_output_tokens": 2814,
    "total_tokens": 54273,
    "total_cost": 0.59901,
    "start_epoch": 1712259536.070984,
    "end_epoch": 1712259746.382934,
    "elapsed_seconds": 210.31195
}