{
    "model": "gpt-4-0125-preview",
    "commit": "a5f016d6f469626c8a40bfee1e24e4763f26f336",
    "input_cost_per_token": 1e-05,
    "output_cost_per_token": 1e-05,
    "total_input_tokens": 28251,
    "total_output_tokens": 2653,
    "total_tokens": 30904,
    "total_cost": 0.36210000000000003,
    "start_epoch": 1712383399.666851,
    "end_epoch": 1712383539.807125,
    "elapsed_seconds": 140.140274
}