{
    "model": "gpt-4-0125-preview",
    "commit": "a5f016d6f469626c8a40bfee1e24e4763f26f336",
    "input_cost_per_token": 1e-05,
    "output_cost_per_token": 1e-05,
    "total_input_tokens": 13701,
    "total_output_tokens": 1752,
    "total_tokens": 15453,
    "total_cost": 0.18957000000000002,
    "start_epoch": 1712255118.625803,
    "end_epoch": 1712255247.837072,
    "elapsed_seconds": 129.211269
}