{
    "model": "gpt-4-0125-preview",
    "commit": "a5f016d6f469626c8a40bfee1e24e4763f26f336",
    "input_cost_per_token": 1e-05,
    "output_cost_per_token": 1e-05,
    "total_input_tokens": 75497,
    "total_output_tokens": 6218,
    "total_tokens": 81715,
    "total_cost": 0.9415100000000001,
    "start_epoch": 1712267899.311366,
    "end_epoch": 1712268225.408632,
    "elapsed_seconds": 326.097266
}