{
    "model": "gpt-4-0125-preview",
    "commit": "a5f016d6f469626c8a40bfee1e24e4763f26f336",
    "input_cost_per_token": 1e-05,
    "output_cost_per_token": 1e-05,
    "total_input_tokens": 24022,
    "total_output_tokens": 2240,
    "total_tokens": 26262,
    "total_cost": 0.30742,
    "start_epoch": 1712381743.483809,
    "end_epoch": 1712381823.690458,
    "elapsed_seconds": 80.206649
}