{
    "model": "gpt-4-0125-preview",
    "commit": "a5f016d6f469626c8a40bfee1e24e4763f26f336",
    "input_cost_per_token": 1e-05,
    "output_cost_per_token": 1e-05,
    "total_input_tokens": 8515,
    "total_output_tokens": 1598,
    "total_tokens": 10113,
    "total_cost": 0.13309,
    "start_epoch": 1712380973.434612,
    "end_epoch": 1712381106.018764,
    "elapsed_seconds": 132.584152
}