{
    "model": "gpt-4-0125-preview",
    "commit": "178da19b921052c6258e48ce9d225f34bde45d2b",
    "input_cost_per_token": 1e-05,
    "output_cost_per_token": 1e-05,
    "total_input_tokens": 8602,
    "total_output_tokens": 1177,
    "total_tokens": 9779,
    "total_cost": 0.12133,
    "start_epoch": 1712209209.910572,
    "end_epoch": 1712209252.739905,
    "elapsed_seconds": 42.829333
}