{
    "model": "gpt-4-0125-preview",
    "commit": "a5f016d6f469626c8a40bfee1e24e4763f26f336",
    "input_cost_per_token": 1e-05,
    "output_cost_per_token": 1e-05,
    "total_input_tokens": 13102,
    "total_output_tokens": 2252,
    "total_tokens": 15354,
    "total_cost": 0.19858000000000003,
    "start_epoch": 1712266888.024057,
    "end_epoch": 1712266987.902727,
    "elapsed_seconds": 99.87867
}