{
    "model": "gpt-4-0125-preview",
    "commit": "a5f016d6f469626c8a40bfee1e24e4763f26f336",
    "input_cost_per_token": 1e-05,
    "output_cost_per_token": 1e-05,
    "total_input_tokens": 38720,
    "total_output_tokens": 3866,
    "total_tokens": 42586,
    "total_cost": 0.50318,
    "start_epoch": 1712267712.929783,
    "end_epoch": 1712267899.274472,
    "elapsed_seconds": 186.344689
}