{
    "model": "gpt-4-0125-preview",
    "commit": "9ac9e2bf1e3093c236f5126e10324caf7f81e0d1",
    "input_cost_per_token": 1e-05,
    "output_cost_per_token": 1e-05,
    "total_input_tokens": 96178,
    "total_output_tokens": 7097,
    "total_tokens": 103275,
    "total_cost": 1.17469,
    "start_epoch": 1712235657.030552,
    "end_epoch": 1712236127.721056,
    "elapsed_seconds": 470.690504
}