{
    "model": "gpt-4-0125-preview",
    "commit": "9ac9e2bf1e3093c236f5126e10324caf7f81e0d1",
    "input_cost_per_token": 1e-05,
    "output_cost_per_token": 1e-05,
    "total_input_tokens": 18076,
    "total_output_tokens": 2564,
    "total_tokens": 20640,
    "total_cost": 0.25768,
    "start_epoch": 1712229647.419201,
    "end_epoch": 1712229810.97404,
    "elapsed_seconds": 163.554839
}