{
    "model": "gpt-4-0125-preview",
    "commit": "a5f016d6f469626c8a40bfee1e24e4763f26f336",
    "input_cost_per_token": 1e-05,
    "output_cost_per_token": 1e-05,
    "total_input_tokens": 8059,
    "total_output_tokens": 1174,
    "total_tokens": 9233,
    "total_cost": 0.11581,
    "start_epoch": 1712256750.536398,
    "end_epoch": 1712256893.482185,
    "elapsed_seconds": 142.945787
}