{
    "model": "gpt-4-0125-preview",
    "commit": "a5f016d6f469626c8a40bfee1e24e4763f26f336",
    "input_cost_per_token": 1e-05,
    "output_cost_per_token": 1e-05,
    "total_input_tokens": 40298,
    "total_output_tokens": 2435,
    "total_tokens": 42733,
    "total_cost": 0.47603000000000006,
    "start_epoch": 1712378522.597884,
    "end_epoch": 1712378680.974581,
    "elapsed_seconds": 158.376697
}