{
    "model": "gpt-4-0125-preview",
    "commit": "9ac9e2bf1e3093c236f5126e10324caf7f81e0d1",
    "input_cost_per_token": 1e-05,
    "output_cost_per_token": 1e-05,
    "total_input_tokens": 64595,
    "total_output_tokens": 5041,
    "total_tokens": 69636,
    "total_cost": 0.7971800000000002,
    "start_epoch": 1712227968.963241,
    "end_epoch": 1712228327.920105,
    "elapsed_seconds": 358.956864
}