{
    "model": "gpt-4-0125-preview",
    "commit": "a5f016d6f469626c8a40bfee1e24e4763f26f336",
    "input_cost_per_token": 1e-05,
    "output_cost_per_token": 1e-05,
    "total_input_tokens": 54161,
    "total_output_tokens": 4415,
    "total_tokens": 58576,
    "total_cost": 0.67406,
    "start_epoch": 1712263724.564428,
    "end_epoch": 1712264088.533837,
    "elapsed_seconds": 363.969409
}