{
    "model": "gpt-4-0125-preview",
    "commit": "a5f016d6f469626c8a40bfee1e24e4763f26f336",
    "input_cost_per_token": 1e-05,
    "output_cost_per_token": 1e-05,
    "total_input_tokens": 21453,
    "total_output_tokens": 2255,
    "total_tokens": 23708,
    "total_cost": 0.28218,
    "start_epoch": 1712253404.905657,
    "end_epoch": 1712253588.558793,
    "elapsed_seconds": 183.653136
}