{
    "model": "gpt-4-0125-preview",
    "commit": "9ac9e2bf1e3093c236f5126e10324caf7f81e0d1",
    "input_cost_per_token": 1e-05,
    "output_cost_per_token": 1e-05,
    "total_input_tokens": 16978,
    "total_output_tokens": 959,
    "total_tokens": 17937,
    "total_cost": 0.19855,
    "start_epoch": 1712232196.93937,
    "end_epoch": 1712232316.875079,
    "elapsed_seconds": 119.935709
}