{
    "model": "gpt-4-0125-preview",
    "commit": "a5f016d6f469626c8a40bfee1e24e4763f26f336",
    "input_cost_per_token": 1e-05,
    "output_cost_per_token": 1e-05,
    "total_input_tokens": 67575,
    "total_output_tokens": 5630,
    "total_tokens": 73205,
    "total_cost": 0.8446500000000001,
    "start_epoch": 1712380818.809862,
    "end_epoch": 1712381058.67783,
    "elapsed_seconds": 239.867968
}