{
    "model": "gpt-4-0125-preview",
    "commit": "a5f016d6f469626c8a40bfee1e24e4763f26f336",
    "input_cost_per_token": 1e-05,
    "output_cost_per_token": 1e-05,
    "total_input_tokens": 8678,
    "total_output_tokens": 1343,
    "total_tokens": 10021,
    "total_cost": 0.12707000000000002,
    "start_epoch": 1712378914.422375,
    "end_epoch": 1712379039.937323,
    "elapsed_seconds": 125.514948
}