{
    "model": "gpt-4-0125-preview",
    "commit": "9ac9e2bf1e3093c236f5126e10324caf7f81e0d1",
    "input_cost_per_token": 1e-05,
    "output_cost_per_token": 1e-05,
    "total_input_tokens": 12562,
    "total_output_tokens": 2449,
    "total_tokens": 15011,
    "total_cost": 0.19909000000000004,
    "start_epoch": 1712227072.853223,
    "end_epoch": 1712227303.589677,
    "elapsed_seconds": 230.736454
}