{
    "model": "gpt-4-0125-preview",
    "commit": "a5f016d6f469626c8a40bfee1e24e4763f26f336",
    "input_cost_per_token": 1e-05,
    "output_cost_per_token": 1e-05,
    "total_input_tokens": 16783,
    "total_output_tokens": 2509,
    "total_tokens": 19292,
    "total_cost": 0.24310000000000004,
    "start_epoch": 1712254853.886831,
    "end_epoch": 1712255081.34462,
    "elapsed_seconds": 227.457789
}