{
    "model": "gpt-4-0125-preview",
    "commit": "178da19b921052c6258e48ce9d225f34bde45d2b",
    "input_cost_per_token": 1e-05,
    "output_cost_per_token": 1e-05,
    "total_input_tokens": 39018,
    "total_output_tokens": 3791,
    "total_tokens": 42809,
    "total_cost": 0.5039100000000001,
    "start_epoch": 1712208983.686084,
    "end_epoch": 1712209169.887465,
    "elapsed_seconds": 186.201381
}