{
    "model": "gpt-4-0125-preview",
    "commit": "9ac9e2bf1e3093c236f5126e10324caf7f81e0d1",
    "input_cost_per_token": 1e-05,
    "output_cost_per_token": 1e-05,
    "total_input_tokens": 15654,
    "total_output_tokens": 1714,
    "total_tokens": 17368,
    "total_cost": 0.20796,
    "start_epoch": 1712228963.811607,
    "end_epoch": 1712229060.312146,
    "elapsed_seconds": 96.500539
}