{
    "model": "gpt-4-0125-preview",
    "commit": "9ac9e2bf1e3093c236f5126e10324caf7f81e0d1",
    "input_cost_per_token": 1e-05,
    "output_cost_per_token": 1e-05,
    "total_input_tokens": 29038,
    "total_output_tokens": 2721,
    "total_tokens": 31759,
    "total_cost": 0.37201,
    "start_epoch": 1712224808.383952,
    "end_epoch": 1712225030.812756,
    "elapsed_seconds": 222.428804
}