{
    "model": "gpt-4-0125-preview",
    "commit": "a5f016d6f469626c8a40bfee1e24e4763f26f336",
    "input_cost_per_token": 1e-05,
    "output_cost_per_token": 1e-05,
    "total_input_tokens": 33357,
    "total_output_tokens": 3694,
    "total_tokens": 37051,
    "total_cost": 0.44439000000000006,
    "start_epoch": 1712257104.122637,
    "end_epoch": 1712257388.523551,
    "elapsed_seconds": 284.400914
}