{
    "model": "gpt-4-0125-preview",
    "commit": "178da19b921052c6258e48ce9d225f34bde45d2b",
    "input_cost_per_token": 1e-05,
    "output_cost_per_token": 1e-05,
    "total_input_tokens": 15315,
    "total_output_tokens": 2535,
    "total_tokens": 17850,
    "total_cost": 0.22920000000000001,
    "start_epoch": 1712208376.197456,
    "end_epoch": 1712208498.833791,
    "elapsed_seconds": 122.636335
}