{
    "model": "gpt-4-0125-preview",
    "commit": "a5f016d6f469626c8a40bfee1e24e4763f26f336",
    "input_cost_per_token": 1e-05,
    "output_cost_per_token": 1e-05,
    "total_input_tokens": 23154,
    "total_output_tokens": 2618,
    "total_tokens": 25772,
    "total_cost": 0.31008,
    "start_epoch": 1712251930.372557,
    "end_epoch": 1712252132.216163,
    "elapsed_seconds": 201.843606
}