{
    "model": "gpt-4-0125-preview",
    "commit": "a5f016d6f469626c8a40bfee1e24e4763f26f336",
    "input_cost_per_token": 1e-05,
    "output_cost_per_token": 1e-05,
    "total_input_tokens": 191061,
    "total_output_tokens": 7764,
    "total_tokens": 198825,
    "total_cost": 2.14353,
    "start_epoch": 1712263682.816772,
    "end_epoch": 1712264196.679425,
    "elapsed_seconds": 513.862653
}