{
    "model": "gpt-4-0125-preview",
    "commit": "a5f016d6f469626c8a40bfee1e24e4763f26f336",
    "input_cost_per_token": 1e-05,
    "output_cost_per_token": 1e-05,
    "total_input_tokens": 102728,
    "total_output_tokens": 6927,
    "total_tokens": 109655,
    "total_cost": 1.23509,
    "start_epoch": 1712378767.967116,
    "end_epoch": 1712379083.137287,
    "elapsed_seconds": 315.170171
}