{
    "model": "gpt-4-0125-preview",
    "commit": "178da19b921052c6258e48ce9d225f34bde45d2b",
    "input_cost_per_token": 1e-05,
    "output_cost_per_token": 1e-05,
    "total_input_tokens": 7096,
    "total_output_tokens": 972,
    "total_tokens": 8068,
    "total_cost": 0.10012000000000001,
    "start_epoch": 1712215841.888547,
    "end_epoch": 1712215954.337679,
    "elapsed_seconds": 112.449132
}