{
    "model": "gpt-4-0125-preview",
    "commit": "a5f016d6f469626c8a40bfee1e24e4763f26f336",
    "input_cost_per_token": 1e-05,
    "output_cost_per_token": 1e-05,
    "total_input_tokens": 19168,
    "total_output_tokens": 2930,
    "total_tokens": 22098,
    "total_cost": 0.27958000000000005,
    "start_epoch": 1712257661.199024,
    "end_epoch": 1712257878.554682,
    "elapsed_seconds": 217.355658
}