{
    "model": "gpt-4-0125-preview",
    "commit": "9ac9e2bf1e3093c236f5126e10324caf7f81e0d1",
    "input_cost_per_token": 1e-05,
    "output_cost_per_token": 1e-05,
    "total_input_tokens": 78612,
    "total_output_tokens": 5188,
    "total_tokens": 83800,
    "total_cost": 0.9417599999999999,
    "start_epoch": 1712225921.717515,
    "end_epoch": 1712226267.544359,
    "elapsed_seconds": 345.826844
}