{
    "model": "gpt-4-0125-preview",
    "commit": "a5f016d6f469626c8a40bfee1e24e4763f26f336",
    "input_cost_per_token": 1e-05,
    "output_cost_per_token": 1e-05,
    "total_input_tokens": 14817,
    "total_output_tokens": 2282,
    "total_tokens": 17099,
    "total_cost": 0.21663000000000002,
    "start_epoch": 1712267643.639913,
    "end_epoch": 1712267736.287353,
    "elapsed_seconds": 92.64744
}