{
    "model": "gpt-4-0125-preview",
    "commit": "9ac9e2bf1e3093c236f5126e10324caf7f81e0d1",
    "input_cost_per_token": 1e-05,
    "output_cost_per_token": 1e-05,
    "total_input_tokens": 54505,
    "total_output_tokens": 1998,
    "total_tokens": 56503,
    "total_cost": 0.6049899999999999,
    "start_epoch": 1712228450.766077,
    "end_epoch": 1712228542.86257,
    "elapsed_seconds": 92.096493
}