{
    "model": "gpt-4-0125-preview",
    "commit": "a5f016d6f469626c8a40bfee1e24e4763f26f336",
    "input_cost_per_token": 1e-05,
    "output_cost_per_token": 1e-05,
    "total_input_tokens": 53292,
    "total_output_tokens": 3505,
    "total_tokens": 56797,
    "total_cost": 0.6380700000000001,
    "start_epoch": 1712260975.506694,
    "end_epoch": 1712261155.456735,
    "elapsed_seconds": 179.950041
}