{
    "model": "gpt-4-0125-preview",
    "commit": "178da19b921052c6258e48ce9d225f34bde45d2b",
    "input_cost_per_token": 1e-05,
    "output_cost_per_token": 1e-05,
    "total_input_tokens": 10196,
    "total_output_tokens": 1800,
    "total_tokens": 11996,
    "total_cost": 0.15596000000000002,
    "start_epoch": 1712213811.046573,
    "end_epoch": 1712213922.827131,
    "elapsed_seconds": 111.780558
}