{
    "model": "gpt-4-0125-preview",
    "commit": "a5f016d6f469626c8a40bfee1e24e4763f26f336",
    "input_cost_per_token": 1e-05,
    "output_cost_per_token": 1e-05,
    "total_input_tokens": 20693,
    "total_output_tokens": 1718,
    "total_tokens": 22411,
    "total_cost": 0.25847000000000003,
    "start_epoch": 1712262703.457984,
    "end_epoch": 1712262884.12868,
    "elapsed_seconds": 180.670696
}