{
    "model": "gpt-4-0125-preview",
    "commit": "a5f016d6f469626c8a40bfee1e24e4763f26f336",
    "input_cost_per_token": 1e-05,
    "output_cost_per_token": 1e-05,
    "total_input_tokens": 61220,
    "total_output_tokens": 4227,
    "total_tokens": 65447,
    "total_cost": 0.73901,
    "start_epoch": 1712381861.611216,
    "end_epoch": 1712382051.632118,
    "elapsed_seconds": 190.020902
}