{
    "model": "gpt-4-0125-preview",
    "commit": "9ac9e2bf1e3093c236f5126e10324caf7f81e0d1",
    "input_cost_per_token": 1e-05,
    "output_cost_per_token": 1e-05,
    "total_input_tokens": 10871,
    "total_output_tokens": 1649,
    "total_tokens": 12520,
    "total_cost": 0.15818000000000002,
    "start_epoch": 1712227258.367752,
    "end_epoch": 1712227372.386132,
    "elapsed_seconds": 114.01838
}