{
    "model": "gpt-4-0125-preview",
    "commit": "178da19b921052c6258e48ce9d225f34bde45d2b",
    "input_cost_per_token": 1e-05,
    "output_cost_per_token": 1e-05,
    "total_input_tokens": 100888,
    "total_output_tokens": 9894,
    "total_tokens": 110782,
    "total_cost": 1.3057,
    "start_epoch": 1712212639.391413,
    "end_epoch": 1712213072.312242,
    "elapsed_seconds": 432.920829
}