{
    "model": "gpt-4-0125-preview",
    "commit": "9ac9e2bf1e3093c236f5126e10324caf7f81e0d1",
    "input_cost_per_token": 1e-05,
    "output_cost_per_token": 1e-05,
    "total_input_tokens": 13299,
    "total_output_tokens": 2114,
    "total_tokens": 15413,
    "total_cost": 0.19641000000000003,
    "start_epoch": 1712229157.877029,
    "end_epoch": 1712229248.017928,
    "elapsed_seconds": 90.140899
}