{
    "model": "gpt-4-0125-preview",
    "commit": "9ac9e2bf1e3093c236f5126e10324caf7f81e0d1",
    "input_cost_per_token": 1e-05,
    "output_cost_per_token": 1e-05,
    "total_input_tokens": 95134,
    "total_output_tokens": 5951,
    "total_tokens": 101085,
    "total_cost": 1.12987,
    "start_epoch": 1712230898.211256,
    "end_epoch": 1712231280.495563,
    "elapsed_seconds": 382.284307
}