{
    "model": "gpt-4-0125-preview",
    "commit": "9ac9e2bf1e3093c236f5126e10324caf7f81e0d1",
    "input_cost_per_token": 1e-05,
    "output_cost_per_token": 1e-05,
    "total_input_tokens": 7440,
    "total_output_tokens": 676,
    "total_tokens": 8116,
    "total_cost": 0.09468000000000001,
    "start_epoch": 1712230414.182707,
    "end_epoch": 1712230533.841145,
    "elapsed_seconds": 119.658438
}