{
    "model": "gpt-4-0125-preview",
    "commit": "a5f016d6f469626c8a40bfee1e24e4763f26f336",
    "input_cost_per_token": 1e-05,
    "output_cost_per_token": 1e-05,
    "total_input_tokens": 234382,
    "total_output_tokens": 6943,
    "total_tokens": 241325,
    "total_cost": 2.5521100000000003,
    "start_epoch": 1712381803.248057,
    "end_epoch": 1712382177.000424,
    "elapsed_seconds": 373.752367
}