{
    "model": "gpt-4-0125-preview",
    "commit": "a5f016d6f469626c8a40bfee1e24e4763f26f336",
    "input_cost_per_token": 1e-05,
    "output_cost_per_token": 1e-05,
    "total_input_tokens": 5667,
    "total_output_tokens": 1116,
    "total_tokens": 6783,
    "total_cost": 0.09015000000000001,
    "start_epoch": 1712383336.709895,
    "end_epoch": 1712383463.570662,
    "elapsed_seconds": 126.860767
}