{
    "model": "gpt-4-0125-preview",
    "commit": "a5f016d6f469626c8a40bfee1e24e4763f26f336",
    "input_cost_per_token": 1e-05,
    "output_cost_per_token": 1e-05,
    "total_input_tokens": 10255,
    "total_output_tokens": 1521,
    "total_tokens": 11776,
    "total_cost": 0.14818,
    "start_epoch": 1712251687.364558,
    "end_epoch": 1712251849.719095,
    "elapsed_seconds": 162.354537
}