{
    "model": "gpt-4-0125-preview",
    "commit": "178da19b921052c6258e48ce9d225f34bde45d2b",
    "input_cost_per_token": 1e-05,
    "output_cost_per_token": 1e-05,
    "total_input_tokens": 5073,
    "total_output_tokens": 1063,
    "total_tokens": 6136,
    "total_cost": 0.08262,
    "start_epoch": 1712213585.037936,
    "end_epoch": 1712213670.744337,
    "elapsed_seconds": 85.706401
}