{
    "model": "gpt-4-0125-preview",
    "commit": "a5f016d6f469626c8a40bfee1e24e4763f26f336",
    "input_cost_per_token": 1e-05,
    "output_cost_per_token": 1e-05,
    "total_input_tokens": 39636,
    "total_output_tokens": 3459,
    "total_tokens": 43095,
    "total_cost": 0.50013,
    "start_epoch": 1712253173.642508,
    "end_epoch": 1712253478.33833,
    "elapsed_seconds": 304.695822
}