{
    "model": "gpt-4-0125-preview",
    "commit": "a5f016d6f469626c8a40bfee1e24e4763f26f336",
    "input_cost_per_token": 1e-05,
    "output_cost_per_token": 1e-05,
    "total_input_tokens": 98972,
    "total_output_tokens": 10432,
    "total_tokens": 109404,
    "total_cost": 1.30268,
    "start_epoch": 1712382822.924967,
    "end_epoch": 1712383150.897129,
    "elapsed_seconds": 327.972162
}