{
    "model": "gpt-4-0125-preview",
    "commit": "9ac9e2bf1e3093c236f5126e10324caf7f81e0d1",
    "input_cost_per_token": 1e-05,
    "output_cost_per_token": 1e-05,
    "total_input_tokens": 25861,
    "total_output_tokens": 1125,
    "total_tokens": 26986,
    "total_cost": 0.29236,
    "start_epoch": 1712227514.772155,
    "end_epoch": 1712227589.315813,
    "elapsed_seconds": 74.543658
}