{
    "model": "gpt-4-0125-preview",
    "commit": "a5f016d6f469626c8a40bfee1e24e4763f26f336",
    "input_cost_per_token": 1e-05,
    "output_cost_per_token": 1e-05,
    "total_input_tokens": 33749,
    "total_output_tokens": 3256,
    "total_tokens": 37005,
    "total_cost": 0.43517,
    "start_epoch": 1712251109.207936,
    "end_epoch": 1712251330.589274,
    "elapsed_seconds": 221.381338
}