{
    "model": "gpt-4-0125-preview",
    "commit": "178da19b921052c6258e48ce9d225f34bde45d2b",
    "input_cost_per_token": 1e-05,
    "output_cost_per_token": 1e-05,
    "total_input_tokens": 17188,
    "total_output_tokens": 1413,
    "total_tokens": 18601,
    "total_cost": 0.21427000000000002,
    "start_epoch": 1712210645.458004,
    "end_epoch": 1712210711.513495,
    "elapsed_seconds": 66.055491
}