{
    "model": "gpt-4-0125-preview",
    "commit": "9ac9e2bf1e3093c236f5126e10324caf7f81e0d1",
    "input_cost_per_token": 1e-05,
    "output_cost_per_token": 1e-05,
    "total_input_tokens": 18113,
    "total_output_tokens": 2305,
    "total_tokens": 20418,
    "total_cost": 0.25028,
    "start_epoch": 1712230081.227431,
    "end_epoch": 1712230202.763864,
    "elapsed_seconds": 121.536433
}