{
    "model": "gpt-4-0125-preview",
    "commit": "a5f016d6f469626c8a40bfee1e24e4763f26f336",
    "input_cost_per_token": 1e-05,
    "output_cost_per_token": 1e-05,
    "total_input_tokens": 35593,
    "total_output_tokens": 3210,
    "total_tokens": 38803,
    "total_cost": 0.45223,
    "start_epoch": 1712268270.037875,
    "end_epoch": 1712268429.698489,
    "elapsed_seconds": 159.660614
}