{
    "model": "gpt-4-0125-preview",
    "commit": "a5f016d6f469626c8a40bfee1e24e4763f26f336",
    "input_cost_per_token": 1e-05,
    "output_cost_per_token": 1e-05,
    "total_input_tokens": 16557,
    "total_output_tokens": 2501,
    "total_tokens": 19058,
    "total_cost": 0.24060000000000004,
    "start_epoch": 1712254651.851104,
    "end_epoch": 1712254806.385866,
    "elapsed_seconds": 154.534762
}