{
    "model": "gpt-4-0125-preview",
    "commit": "178da19b921052c6258e48ce9d225f34bde45d2b",
    "input_cost_per_token": 1e-05,
    "output_cost_per_token": 1e-05,
    "total_input_tokens": 5145,
    "total_output_tokens": 666,
    "total_tokens": 5811,
    "total_cost": 0.07143000000000001,
    "start_epoch": 1712208887.290135,
    "end_epoch": 1712208964.17518,
    "elapsed_seconds": 76.885045
}