{
    "model": "gpt-4-0125-preview",
    "commit": "a5f016d6f469626c8a40bfee1e24e4763f26f336",
    "input_cost_per_token": 1e-05,
    "output_cost_per_token": 1e-05,
    "total_input_tokens": 106152,
    "total_output_tokens": 10392,
    "total_tokens": 116544,
    "total_cost": 1.3732799999999998,
    "start_epoch": 1712381463.576977,
    "end_epoch": 1712381850.623115,
    "elapsed_seconds": 387.046138
}