{
    "model": "gpt-4-0125-preview",
    "commit": "a5f016d6f469626c8a40bfee1e24e4763f26f336",
    "input_cost_per_token": 1e-05,
    "output_cost_per_token": 1e-05,
    "total_input_tokens": 18722,
    "total_output_tokens": 3419,
    "total_tokens": 22141,
    "total_cost": 0.28979,
    "start_epoch": 1712382204.365833,
    "end_epoch": 1712382434.708145,
    "elapsed_seconds": 230.342312
}