{
    "model": "gpt-4-0125-preview",
    "commit": "9ac9e2bf1e3093c236f5126e10324caf7f81e0d1",
    "input_cost_per_token": 1e-05,
    "output_cost_per_token": 1e-05,
    "total_input_tokens": 7766,
    "total_output_tokens": 1323,
    "total_tokens": 9089,
    "total_cost": 0.11735000000000001,
    "start_epoch": 1712233068.407503,
    "end_epoch": 1712233209.463527,
    "elapsed_seconds": 141.056024
}