{
    "model": "gpt-4-0125-preview",
    "commit": "178da19b921052c6258e48ce9d225f34bde45d2b",
    "input_cost_per_token": 1e-05,
    "output_cost_per_token": 1e-05,
    "total_input_tokens": 6024,
    "total_output_tokens": 1273,
    "total_tokens": 7297,
    "total_cost": 0.09843000000000002,
    "start_epoch": 1712215946.648302,
    "end_epoch": 1712216056.544518,
    "elapsed_seconds": 109.896216
}