{
    "model": "gpt-4-0125-preview",
    "commit": "a5f016d6f469626c8a40bfee1e24e4763f26f336",
    "input_cost_per_token": 1e-05,
    "output_cost_per_token": 1e-05,
    "total_input_tokens": 109227,
    "total_output_tokens": 7305,
    "total_tokens": 116532,
    "total_cost": 1.31142,
    "start_epoch": 1712253288.499446,
    "end_epoch": 1712253752.565251,
    "elapsed_seconds": 464.065805
}