{
    "model": "gpt-4-0125-preview",
    "commit": "a5f016d6f469626c8a40bfee1e24e4763f26f336",
    "input_cost_per_token": 1e-05,
    "output_cost_per_token": 1e-05,
    "total_input_tokens": 38373,
    "total_output_tokens": 1746,
    "total_tokens": 40119,
    "total_cost": 0.43611,
    "start_epoch": 1712379851.540319,
    "end_epoch": 1712380019.997653,
    "elapsed_seconds": 168.457334
}