{
    "model": "gpt-4-0125-preview",
    "commit": "a5f016d6f469626c8a40bfee1e24e4763f26f336",
    "input_cost_per_token": 1e-05,
    "output_cost_per_token": 1e-05,
    "total_input_tokens": 125488,
    "total_output_tokens": 7694,
    "total_tokens": 133182,
    "total_cost": 1.4857000000000005,
    "start_epoch": 1712253801.954202,
    "end_epoch": 1712254251.979763,
    "elapsed_seconds": 450.025561
}