{
    "model": "gpt-4-0125-preview",
    "commit": "178da19b921052c6258e48ce9d225f34bde45d2b",
    "input_cost_per_token": 1e-05,
    "output_cost_per_token": 1e-05,
    "total_input_tokens": 4338,
    "total_output_tokens": 735,
    "total_tokens": 5073,
    "total_cost": 0.06543000000000002,
    "start_epoch": 1712209538.75875,
    "end_epoch": 1712209597.173608,
    "elapsed_seconds": 58.414858
}