{
    "model": "gpt-4-0125-preview",
    "commit": "a5f016d6f469626c8a40bfee1e24e4763f26f336",
    "input_cost_per_token": 1e-05,
    "output_cost_per_token": 1e-05,
    "total_input_tokens": 30946,
    "total_output_tokens": 3040,
    "total_tokens": 33986,
    "total_cost": 0.40066,
    "start_epoch": 1712253678.209914,
    "end_epoch": 1712253977.043661,
    "elapsed_seconds": 298.833747
}