{
    "model": "gpt-4-0125-preview",
    "commit": "a5f016d6f469626c8a40bfee1e24e4763f26f336",
    "input_cost_per_token": 1e-05,
    "output_cost_per_token": 1e-05,
    "total_input_tokens": 86861,
    "total_output_tokens": 5214,
    "total_tokens": 92075,
    "total_cost": 1.02503,
    "start_epoch": 1712379659.757952,
    "end_epoch": 1712379851.42654,
    "elapsed_seconds": 191.668588
}