{
    "model": "gpt-4-0125-preview",
    "commit": "a5f016d6f469626c8a40bfee1e24e4763f26f336",
    "input_cost_per_token": 1e-05,
    "output_cost_per_token": 1e-05,
    "total_input_tokens": 27424,
    "total_output_tokens": 2988,
    "total_tokens": 30412,
    "total_cost": 0.36388,
    "start_epoch": 1712253478.372433,
    "end_epoch": 1712253628.170079,
    "elapsed_seconds": 149.797646
}