{
    "model": "gpt-4-0125-preview",
    "commit": "9ac9e2bf1e3093c236f5126e10324caf7f81e0d1",
    "input_cost_per_token": 1e-05,
    "output_cost_per_token": 1e-05,
    "total_input_tokens": 6000,
    "total_output_tokens": 1467,
    "total_tokens": 7467,
    "total_cost": 0.10401,
    "start_epoch": 1712230431.47301,
    "end_epoch": 1712230599.73945,
    "elapsed_seconds": 168.26644
}