{
    "model": "gpt-4-0125-preview",
    "commit": "178da19b921052c6258e48ce9d225f34bde45d2b",
    "input_cost_per_token": 1e-05,
    "output_cost_per_token": 1e-05,
    "total_input_tokens": 14016,
    "total_output_tokens": 1940,
    "total_tokens": 15956,
    "total_cost": 0.19836,
    "start_epoch": 1712210094.648951,
    "end_epoch": 1712210177.551004,
    "elapsed_seconds": 82.902053
}