{
    "model": "gpt-4-0125-preview",
    "commit": "178da19b921052c6258e48ce9d225f34bde45d2b",
    "input_cost_per_token": 1e-05,
    "output_cost_per_token": 1e-05,
    "total_input_tokens": 21333,
    "total_output_tokens": 2177,
    "total_tokens": 23510,
    "total_cost": 0.27864000000000005,
    "start_epoch": 1712208925.579449,
    "end_epoch": 1712209070.171301,
    "elapsed_seconds": 144.591852
}