{
    "model": "gpt-4-0125-preview",
    "commit": "a5f016d6f469626c8a40bfee1e24e4763f26f336",
    "input_cost_per_token": 1e-05,
    "output_cost_per_token": 1e-05,
    "total_input_tokens": 10309,
    "total_output_tokens": 1743,
    "total_tokens": 12052,
    "total_cost": 0.15538000000000002,
    "start_epoch": 1712255351.576097,
    "end_epoch": 1712255528.251764,
    "elapsed_seconds": 176.675667
}