{
    "model": "gpt-4-0125-preview",
    "commit": "a5f016d6f469626c8a40bfee1e24e4763f26f336",
    "input_cost_per_token": 1e-05,
    "output_cost_per_token": 1e-05,
    "total_input_tokens": 16103,
    "total_output_tokens": 1708,
    "total_tokens": 17811,
    "total_cost": 0.21227000000000001,
    "start_epoch": 1712379305.803876,
    "end_epoch": 1712379476.172279,
    "elapsed_seconds": 170.368403
}