{
    "model": "gpt-4-0125-preview",
    "commit": "a5f016d6f469626c8a40bfee1e24e4763f26f336",
    "input_cost_per_token": 1e-05,
    "output_cost_per_token": 1e-05,
    "total_input_tokens": 7927,
    "total_output_tokens": 1186,
    "total_tokens": 9113,
    "total_cost": 0.11485000000000001,
    "start_epoch": 1712252898.087603,
    "end_epoch": 1712253036.8686,
    "elapsed_seconds": 138.780997
}