{
    "model": "gpt-4-0125-preview",
    "commit": "a5f016d6f469626c8a40bfee1e24e4763f26f336",
    "input_cost_per_token": 1e-05,
    "output_cost_per_token": 1e-05,
    "total_input_tokens": 27028,
    "total_output_tokens": 2691,
    "total_tokens": 29719,
    "total_cost": 0.35101,
    "start_epoch": 1712251109.210688,
    "end_epoch": 1712251383.013612,
    "elapsed_seconds": 273.802924
}