{
    "model": "gpt-4-0125-preview",
    "commit": "178da19b921052c6258e48ce9d225f34bde45d2b",
    "input_cost_per_token": 1e-05,
    "output_cost_per_token": 1e-05,
    "total_input_tokens": 13302,
    "total_output_tokens": 2177,
    "total_tokens": 15479,
    "total_cost": 0.19833,
    "start_epoch": 1712208498.868457,
    "end_epoch": 1712208596.869686,
    "elapsed_seconds": 98.001229
}