{
    "model": "gpt-4-0125-preview",
    "commit": "a5f016d6f469626c8a40bfee1e24e4763f26f336",
    "input_cost_per_token": 1e-05,
    "output_cost_per_token": 1e-05,
    "total_input_tokens": 21701,
    "total_output_tokens": 2898,
    "total_tokens": 24599,
    "total_cost": 0.30395000000000005,
    "start_epoch": 1712259934.15137,
    "end_epoch": 1712260148.792939,
    "elapsed_seconds": 214.641569
}