{
    "model": "gpt-4-0125-preview",
    "commit": "178da19b921052c6258e48ce9d225f34bde45d2b",
    "input_cost_per_token": 1e-05,
    "output_cost_per_token": 1e-05,
    "total_input_tokens": 14421,
    "total_output_tokens": 2335,
    "total_tokens": 16756,
    "total_cost": 0.21426,
    "start_epoch": 1712210350.651143,
    "end_epoch": 1712210490.993782,
    "elapsed_seconds": 140.342639
}