{
    "model": "gpt-4-0125-preview",
    "commit": "a5f016d6f469626c8a40bfee1e24e4763f26f336",
    "input_cost_per_token": 1e-05,
    "output_cost_per_token": 1e-05,
    "total_input_tokens": 19349,
    "total_output_tokens": 2521,
    "total_tokens": 21870,
    "total_cost": 0.26912,
    "start_epoch": 1712384945.710335,
    "end_epoch": 1712385124.499684,
    "elapsed_seconds": 178.789349
}