{
    "model": "gpt-4-0125-preview",
    "commit": "178da19b921052c6258e48ce9d225f34bde45d2b",
    "input_cost_per_token": 1e-05,
    "output_cost_per_token": 1e-05,
    "total_input_tokens": 29827,
    "total_output_tokens": 3687,
    "total_tokens": 33514,
    "total_cost": 0.40888,
    "start_epoch": 1712209132.999056,
    "end_epoch": 1712209309.668334,
    "elapsed_seconds": 176.669278
}