{
    "model": "gpt-4-0125-preview",
    "commit": "a5f016d6f469626c8a40bfee1e24e4763f26f336",
    "input_cost_per_token": 1e-05,
    "output_cost_per_token": 1e-05,
    "total_input_tokens": 49969,
    "total_output_tokens": 5232,
    "total_tokens": 55201,
    "total_cost": 0.6566500000000001,
    "start_epoch": 1712268393.697569,
    "end_epoch": 1712268631.755887,
    "elapsed_seconds": 238.058318
}