{
    "model": "gpt-4-0125-preview",
    "commit": "a5f016d6f469626c8a40bfee1e24e4763f26f336",
    "input_cost_per_token": 1e-05,
    "output_cost_per_token": 1e-05,
    "total_input_tokens": 28988,
    "total_output_tokens": 2965,
    "total_tokens": 31953,
    "total_cost": 0.37883,
    "start_epoch": 1712260148.854127,
    "end_epoch": 1712260351.692869,
    "elapsed_seconds": 202.838742
}