{
    "model": "gpt-4-0125-preview",
    "commit": "a5f016d6f469626c8a40bfee1e24e4763f26f336",
    "input_cost_per_token": 1e-05,
    "output_cost_per_token": 1e-05,
    "total_input_tokens": 207714,
    "total_output_tokens": 12670,
    "total_tokens": 220384,
    "total_cost": 2.45724,
    "start_epoch": 1712252399.372104,
    "end_epoch": 1712253123.487761,
    "elapsed_seconds": 724.115657
}