{
    "model": "gpt-4-0125-preview",
    "commit": "a5f016d6f469626c8a40bfee1e24e4763f26f336",
    "input_cost_per_token": 1e-05,
    "output_cost_per_token": 1e-05,
    "total_input_tokens": 19866,
    "total_output_tokens": 2374,
    "total_tokens": 22240,
    "total_cost": 0.26988,
    "start_epoch": 1712266550.357867,
    "end_epoch": 1712266781.319189,
    "elapsed_seconds": 230.961322
}