{
    "model": "gpt-4-0125-preview",
    "commit": "178da19b921052c6258e48ce9d225f34bde45d2b",
    "input_cost_per_token": 1e-05,
    "output_cost_per_token": 1e-05,
    "total_input_tokens": 19122,
    "total_output_tokens": 2451,
    "total_tokens": 21573,
    "total_cost": 0.26475000000000004,
    "start_epoch": 1712211887.810197,
    "end_epoch": 1712212002.893934,
    "elapsed_seconds": 115.083737
}