{
    "model": "gpt-4-0125-preview",
    "commit": "9ac9e2bf1e3093c236f5126e10324caf7f81e0d1",
    "input_cost_per_token": 1e-05,
    "output_cost_per_token": 1e-05,
    "total_input_tokens": 55009,
    "total_output_tokens": 3053,
    "total_tokens": 58062,
    "total_cost": 0.64168,
    "start_epoch": 1712225253.82176,
    "end_epoch": 1712225481.909462,
    "elapsed_seconds": 228.087702
}