{
    "model": "gpt-4-0125-preview",
    "commit": "a5f016d6f469626c8a40bfee1e24e4763f26f336",
    "input_cost_per_token": 1e-05,
    "output_cost_per_token": 1e-05,
    "total_input_tokens": 91474,
    "total_output_tokens": 6454,
    "total_tokens": 97928,
    "total_cost": 1.1083600000000002,
    "start_epoch": 1712380681.4983,
    "end_epoch": 1712380993.974605,
    "elapsed_seconds": 312.476305
}