{
    "model": "gpt-4-0125-preview",
    "commit": "a5f016d6f469626c8a40bfee1e24e4763f26f336",
    "input_cost_per_token": 1e-05,
    "output_cost_per_token": 1e-05,
    "total_input_tokens": 271071,
    "total_output_tokens": 7988,
    "total_tokens": 279059,
    "total_cost": 2.95035,
    "start_epoch": 1712382110.539395,
    "end_epoch": 1712382501.62231,
    "elapsed_seconds": 391.082915
}