{
    "model": "gpt-4-0125-preview",
    "commit": "a5f016d6f469626c8a40bfee1e24e4763f26f336",
    "input_cost_per_token": 1e-05,
    "output_cost_per_token": 1e-05,
    "total_input_tokens": 4977,
    "total_output_tokens": 962,
    "total_tokens": 5939,
    "total_cost": 0.07863,
    "start_epoch": 1712257103.843545,
    "end_epoch": 1712257204.043844,
    "elapsed_seconds": 100.200299
}