{
    "model": "gpt-4-0125-preview",
    "commit": "9ac9e2bf1e3093c236f5126e10324caf7f81e0d1",
    "input_cost_per_token": 1e-05,
    "output_cost_per_token": 1e-05,
    "total_input_tokens": 38947,
    "total_output_tokens": 3840,
    "total_tokens": 42787,
    "total_cost": 0.50467,
    "start_epoch": 1712228427.315616,
    "end_epoch": 1712228720.198361,
    "elapsed_seconds": 292.882745
}