{
    "model": "gpt-4-0125-preview",
    "commit": "a5f016d6f469626c8a40bfee1e24e4763f26f336",
    "input_cost_per_token": 1e-05,
    "output_cost_per_token": 1e-05,
    "total_input_tokens": 14361,
    "total_output_tokens": 2212,
    "total_tokens": 16573,
    "total_cost": 0.20997000000000005,
    "start_epoch": 1712251432.518859,
    "end_epoch": 1712251566.622232,
    "elapsed_seconds": 134.103373
}