{
    "model": "gpt-4-0125-preview",
    "commit": "9ac9e2bf1e3093c236f5126e10324caf7f81e0d1",
    "input_cost_per_token": 1e-05,
    "output_cost_per_token": 1e-05,
    "total_input_tokens": 10291,
    "total_output_tokens": 2005,
    "total_tokens": 12296,
    "total_cost": 0.16306,
    "start_epoch": 1712225771.255532,
    "end_epoch": 1712225974.940572,
    "elapsed_seconds": 203.68504
}