{
    "model": "gpt-4-0125-preview",
    "commit": "178da19b921052c6258e48ce9d225f34bde45d2b",
    "input_cost_per_token": 1e-05,
    "output_cost_per_token": 1e-05,
    "total_input_tokens": 5872,
    "total_output_tokens": 1323,
    "total_tokens": 7195,
    "total_cost": 0.09841000000000001,
    "start_epoch": 1712213051.142797,
    "end_epoch": 1712213168.67909,
    "elapsed_seconds": 117.536293
}