{
    "model": "gpt-4-0125-preview",
    "commit": "a5f016d6f469626c8a40bfee1e24e4763f26f336",
    "input_cost_per_token": 1e-05,
    "output_cost_per_token": 1e-05,
    "total_input_tokens": 125792,
    "total_output_tokens": 8216,
    "total_tokens": 134008,
    "total_cost": 1.5044,
    "start_epoch": 1712268738.520677,
    "end_epoch": 1712269143.796836,
    "elapsed_seconds": 405.276159
}