{
    "model": "gpt-4-0125-preview",
    "commit": "a5f016d6f469626c8a40bfee1e24e4763f26f336",
    "input_cost_per_token": 1e-05,
    "output_cost_per_token": 1e-05,
    "total_input_tokens": 40612,
    "total_output_tokens": 3871,
    "total_tokens": 44483,
    "total_cost": 0.5222500000000001,
    "start_epoch": 1712260856.695021,
    "end_epoch": 1712261185.491786,
    "elapsed_seconds": 328.796765
}