{
    "model": "gpt-4-0125-preview",
    "commit": "a5f016d6f469626c8a40bfee1e24e4763f26f336",
    "input_cost_per_token": 1e-05,
    "output_cost_per_token": 1e-05,
    "total_input_tokens": 43532,
    "total_output_tokens": 4426,
    "total_tokens": 47958,
    "total_cost": 0.5681,
    "start_epoch": 1712252289.574117,
    "end_epoch": 1712252548.683124,
    "elapsed_seconds": 259.109007
}