{
    "model": "gpt-4-0125-preview",
    "commit": "178da19b921052c6258e48ce9d225f34bde45d2b",
    "input_cost_per_token": 1e-05,
    "output_cost_per_token": 1e-05,
    "total_input_tokens": 104572,
    "total_output_tokens": 8503,
    "total_tokens": 113075,
    "total_cost": 1.3008100000000002,
    "start_epoch": 1712213624.308926,
    "end_epoch": 1712214055.964017,
    "elapsed_seconds": 431.655091
}