{
    "model": "gpt-4-0125-preview",
    "commit": "a5f016d6f469626c8a40bfee1e24e4763f26f336",
    "input_cost_per_token": 1e-05,
    "output_cost_per_token": 1e-05,
    "total_input_tokens": 60464,
    "total_output_tokens": 3408,
    "total_tokens": 63872,
    "total_cost": 0.70688,
    "start_epoch": 1712258043.728911,
    "end_epoch": 1712258277.183599,
    "elapsed_seconds": 233.454688
}