{
    "model": "gpt-4-0125-preview",
    "commit": "a5f016d6f469626c8a40bfee1e24e4763f26f336",
    "input_cost_per_token": 1e-05,
    "output_cost_per_token": 1e-05,
    "total_input_tokens": 13749,
    "total_output_tokens": 2597,
    "total_tokens": 16346,
    "total_cost": 0.21540000000000004,
    "start_epoch": 1712263302.64386,
    "end_epoch": 1712263533.49332,
    "elapsed_seconds": 230.84946
}