{
    "model": "gpt-4-0125-preview",
    "commit": "a5f016d6f469626c8a40bfee1e24e4763f26f336",
    "input_cost_per_token": 1e-05,
    "output_cost_per_token": 1e-05,
    "total_input_tokens": 13065,
    "total_output_tokens": 2342,
    "total_tokens": 15407,
    "total_cost": 0.20091,
    "start_epoch": 1712265791.714202,
    "end_epoch": 1712265892.96469,
    "elapsed_seconds": 101.250488
}