{
    "model": "gpt-4-0125-preview",
    "commit": "a5f016d6f469626c8a40bfee1e24e4763f26f336",
    "input_cost_per_token": 1e-05,
    "output_cost_per_token": 1e-05,
    "total_input_tokens": 21802,
    "total_output_tokens": 2984,
    "total_tokens": 24786,
    "total_cost": 0.30754000000000004,
    "start_epoch": 1712263364.565671,
    "end_epoch": 1712263585.137891,
    "elapsed_seconds": 220.57222
}