{
    "model": "gpt-4-0125-preview",
    "commit": "a5f016d6f469626c8a40bfee1e24e4763f26f336",
    "input_cost_per_token": 1e-05,
    "output_cost_per_token": 1e-05,
    "total_input_tokens": 6182,
    "total_output_tokens": 874,
    "total_tokens": 7056,
    "total_cost": 0.08804000000000001,
    "start_epoch": 1712265517.053401,
    "end_epoch": 1712265655.686788,
    "elapsed_seconds": 138.633387
}