{
    "model": "gpt-4-0125-preview",
    "commit": "a5f016d6f469626c8a40bfee1e24e4763f26f336",
    "input_cost_per_token": 1e-05,
    "output_cost_per_token": 1e-05,
    "total_input_tokens": 98639,
    "total_output_tokens": 10165,
    "total_tokens": 108804,
    "total_cost": 1.29134,
    "start_epoch": 1712382449.271334,
    "end_epoch": 1712382804.173142,
    "elapsed_seconds": 354.901808
}