{
    "model": "gpt-4-0125-preview",
    "commit": "a5f016d6f469626c8a40bfee1e24e4763f26f336",
    "input_cost_per_token": 1e-05,
    "output_cost_per_token": 1e-05,
    "total_input_tokens": 26611,
    "total_output_tokens": 2484,
    "total_tokens": 29095,
    "total_cost": 0.34063,
    "start_epoch": 1712266425.142817,
    "end_epoch": 1712266582.011288,
    "elapsed_seconds": 156.868471
}