{
    "model": "gpt-4-0125-preview",
    "commit": "a5f016d6f469626c8a40bfee1e24e4763f26f336",
    "input_cost_per_token": 1e-05,
    "output_cost_per_token": 1e-05,
    "total_input_tokens": 36697,
    "total_output_tokens": 3490,
    "total_tokens": 40187,
    "total_cost": 0.47167000000000003,
    "start_epoch": 1712263585.178962,
    "end_epoch": 1712263790.325274,
    "elapsed_seconds": 205.146312
}