{
    "model": "gpt-4-0125-preview",
    "commit": "a5f016d6f469626c8a40bfee1e24e4763f26f336",
    "input_cost_per_token": 1e-05,
    "output_cost_per_token": 1e-05,
    "total_input_tokens": 12522,
    "total_output_tokens": 873,
    "total_tokens": 13395,
    "total_cost": 0.15141000000000004,
    "start_epoch": 1712380598.609583,
    "end_epoch": 1712380640.24071,
    "elapsed_seconds": 41.631127
}