{
    "model": "gpt-4-0125-preview",
    "commit": "178da19b921052c6258e48ce9d225f34bde45d2b",
    "input_cost_per_token": 1e-05,
    "output_cost_per_token": 1e-05,
    "total_input_tokens": 29526,
    "total_output_tokens": 2453,
    "total_tokens": 31979,
    "total_cost": 0.36885,
    "start_epoch": 1712209604.498494,
    "end_epoch": 1712209705.202024,
    "elapsed_seconds": 100.70353
}