{
    "model": "gpt-4-0125-preview",
    "commit": "a5f016d6f469626c8a40bfee1e24e4763f26f336",
    "input_cost_per_token": 1e-05,
    "output_cost_per_token": 1e-05,
    "total_input_tokens": 9328,
    "total_output_tokens": 1508,
    "total_tokens": 10836,
    "total_cost": 0.13852000000000003,
    "start_epoch": 1712379534.0709,
    "end_epoch": 1712379671.981167,
    "elapsed_seconds": 137.910267
}