{
    "model": "gpt-4-0125-preview",
    "commit": "a5f016d6f469626c8a40bfee1e24e4763f26f336",
    "input_cost_per_token": 1e-05,
    "output_cost_per_token": 1e-05,
    "total_input_tokens": 7543,
    "total_output_tokens": 1467,
    "total_tokens": 9010,
    "total_cost": 0.11944000000000002,
    "start_epoch": 1712377911.37971,
    "end_epoch": 1712378011.902227,
    "elapsed_seconds": 100.522517
}