{
    "model": "gpt-4-0125-preview",
    "commit": "a5f016d6f469626c8a40bfee1e24e4763f26f336",
    "input_cost_per_token": 1e-05,
    "output_cost_per_token": 1e-05,
    "total_input_tokens": 27742,
    "total_output_tokens": 3031,
    "total_tokens": 30773,
    "total_cost": 0.36835000000000007,
    "start_epoch": 1712261835.48594,
    "end_epoch": 1712261974.295333,
    "elapsed_seconds": 138.809393
}