{
    "model": "gpt-4-0125-preview",
    "commit": "9ac9e2bf1e3093c236f5126e10324caf7f81e0d1",
    "input_cost_per_token": 1e-05,
    "output_cost_per_token": 1e-05,
    "total_input_tokens": 8437,
    "total_output_tokens": 1324,
    "total_tokens": 9761,
    "total_cost": 0.12408999999999999,
    "start_epoch": 1712225358.386711,
    "end_epoch": 1712225438.953158,
    "elapsed_seconds": 80.566447
}