{
    "model": "gpt-4-0125-preview",
    "commit": "a5f016d6f469626c8a40bfee1e24e4763f26f336",
    "input_cost_per_token": 1e-05,
    "output_cost_per_token": 1e-05,
    "total_input_tokens": 19376,
    "total_output_tokens": 2149,
    "total_tokens": 21525,
    "total_cost": 0.25823,
    "start_epoch": 1712259217.649466,
    "end_epoch": 1712259407.036627,
    "elapsed_seconds": 189.387161
}