{
    "model": "gpt-4-0125-preview",
    "commit": "9ac9e2bf1e3093c236f5126e10324caf7f81e0d1",
    "input_cost_per_token": 1e-05,
    "output_cost_per_token": 1e-05,
    "total_input_tokens": 26663,
    "total_output_tokens": 4300,
    "total_tokens": 30963,
    "total_cost": 0.39563000000000004,
    "start_epoch": 1712229316.633371,
    "end_epoch": 1712229498.279716,
    "elapsed_seconds": 181.646345
}