{
    "model": "gpt-4-0125-preview",
    "commit": "a5f016d6f469626c8a40bfee1e24e4763f26f336",
    "input_cost_per_token": 1e-05,
    "output_cost_per_token": 1e-05,
    "total_input_tokens": 122738,
    "total_output_tokens": 6110,
    "total_tokens": 128848,
    "total_cost": 1.4106800000000002,
    "start_epoch": 1712264845.196142,
    "end_epoch": 1712265300.333593,
    "elapsed_seconds": 455.137451
}