{
    "model": "gpt-4-0125-preview",
    "commit": "9ac9e2bf1e3093c236f5126e10324caf7f81e0d1",
    "input_cost_per_token": 1e-05,
    "output_cost_per_token": 1e-05,
    "total_input_tokens": 63950,
    "total_output_tokens": 3683,
    "total_tokens": 67633,
    "total_cost": 0.7499899999999999,
    "start_epoch": 1712239065.461085,
    "end_epoch": 1712239386.31006,
    "elapsed_seconds": 320.848975
}