{
    "model": "gpt-4-0125-preview",
    "commit": "a5f016d6f469626c8a40bfee1e24e4763f26f336",
    "input_cost_per_token": 1e-05,
    "output_cost_per_token": 1e-05,
    "total_input_tokens": 34182,
    "total_output_tokens": 3852,
    "total_tokens": 38034,
    "total_cost": 0.45738,
    "start_epoch": 1712268782.239068,
    "end_epoch": 1712268993.100859,
    "elapsed_seconds": 210.861791
}