{
    "model": "gpt-4-0125-preview",
    "commit": "178da19b921052c6258e48ce9d225f34bde45d2b",
    "input_cost_per_token": 1e-05,
    "output_cost_per_token": 1e-05,
    "total_input_tokens": 15663,
    "total_output_tokens": 2601,
    "total_tokens": 18264,
    "total_cost": 0.23466000000000004,
    "start_epoch": 1712208964.235756,
    "end_epoch": 1712209132.935989,
    "elapsed_seconds": 168.700233
}