{
    "model": "gpt-4-0125-preview",
    "commit": "9ac9e2bf1e3093c236f5126e10324caf7f81e0d1",
    "input_cost_per_token": 1e-05,
    "output_cost_per_token": 1e-05,
    "total_input_tokens": 13199,
    "total_output_tokens": 1299,
    "total_tokens": 14498,
    "total_cost": 0.17096,
    "start_epoch": 1712234165.649326,
    "end_epoch": 1712234333.469109,
    "elapsed_seconds": 167.819783
}