{
    "model": "gpt-4-0125-preview",
    "commit": "a5f016d6f469626c8a40bfee1e24e4763f26f336",
    "input_cost_per_token": 1e-05,
    "output_cost_per_token": 1e-05,
    "total_input_tokens": 18934,
    "total_output_tokens": 1863,
    "total_tokens": 20797,
    "total_cost": 0.24523000000000003,
    "start_epoch": 1712261376.818915,
    "end_epoch": 1712261614.570222,
    "elapsed_seconds": 237.751307
}