{
    "model": "gpt-4-0125-preview",
    "commit": "a5f016d6f469626c8a40bfee1e24e4763f26f336",
    "input_cost_per_token": 1e-05,
    "output_cost_per_token": 1e-05,
    "total_input_tokens": 23634,
    "total_output_tokens": 2457,
    "total_tokens": 26091,
    "total_cost": 0.31005000000000005,
    "start_epoch": 1712254201.518856,
    "end_epoch": 1712254339.342859,
    "elapsed_seconds": 137.824003
}