{
    "model": "gpt-4-0125-preview",
    "commit": "a5f016d6f469626c8a40bfee1e24e4763f26f336",
    "input_cost_per_token": 1e-05,
    "output_cost_per_token": 1e-05,
    "total_input_tokens": 17043,
    "total_output_tokens": 2512,
    "total_tokens": 19555,
    "total_cost": 0.24579,
    "start_epoch": 1712254673.913934,
    "end_epoch": 1712254928.895883,
    "elapsed_seconds": 254.981949
}