{
    "model": "gpt-4-0125-preview",
    "commit": "a5f016d6f469626c8a40bfee1e24e4763f26f336",
    "input_cost_per_token": 1e-05,
    "output_cost_per_token": 1e-05,
    "total_input_tokens": 8061,
    "total_output_tokens": 1222,
    "total_tokens": 9283,
    "total_cost": 0.11727000000000001,
    "start_epoch": 1712380394.913623,
    "end_epoch": 1712380568.675424,
    "elapsed_seconds": 173.761801
}