{
    "model": "gpt-4-0125-preview",
    "commit": "a5f016d6f469626c8a40bfee1e24e4763f26f336",
    "input_cost_per_token": 1e-05,
    "output_cost_per_token": 1e-05,
    "total_input_tokens": 19618,
    "total_output_tokens": 1618,
    "total_tokens": 21236,
    "total_cost": 0.24472000000000005,
    "start_epoch": 1712378455.038931,
    "end_epoch": 1712378512.400885,
    "elapsed_seconds": 57.361954
}