{
    "model": "gpt-4-0125-preview",
    "commit": "9ac9e2bf1e3093c236f5126e10324caf7f81e0d1",
    "input_cost_per_token": 1e-05,
    "output_cost_per_token": 1e-05,
    "total_input_tokens": 21533,
    "total_output_tokens": 2903,
    "total_tokens": 24436,
    "total_cost": 0.30242,
    "start_epoch": 1712235138.667582,
    "end_epoch": 1712235343.726026,
    "elapsed_seconds": 205.058444
}