{
    "model": "gpt-4-0125-preview",
    "commit": "a5f016d6f469626c8a40bfee1e24e4763f26f336",
    "input_cost_per_token": 1e-05,
    "output_cost_per_token": 1e-05,
    "total_input_tokens": 8704,
    "total_output_tokens": 1327,
    "total_tokens": 10031,
    "total_cost": 0.12685,
    "start_epoch": 1712381146.309119,
    "end_epoch": 1712381229.280901,
    "elapsed_seconds": 82.971782
}