{
    "model": "gpt-4-0125-preview",
    "commit": "a5f016d6f469626c8a40bfee1e24e4763f26f336",
    "input_cost_per_token": 1e-05,
    "output_cost_per_token": 1e-05,
    "total_input_tokens": 12785,
    "total_output_tokens": 1723,
    "total_tokens": 14508,
    "total_cost": 0.17953999999999998,
    "start_epoch": 1712378169.063676,
    "end_epoch": 1712378248.019047,
    "elapsed_seconds": 78.955371
}