{
    "model": "gpt-4-0125-preview",
    "commit": "a5f016d6f469626c8a40bfee1e24e4763f26f336",
    "input_cost_per_token": 1e-05,
    "output_cost_per_token": 1e-05,
    "total_input_tokens": 15322,
    "total_output_tokens": 2269,
    "total_tokens": 17591,
    "total_cost": 0.22129000000000004,
    "start_epoch": 1712379476.336147,
    "end_epoch": 1712379657.207367,
    "elapsed_seconds": 180.87122
}