{
    "model": "gpt-4-0125-preview",
    "commit": "a5f016d6f469626c8a40bfee1e24e4763f26f336",
    "input_cost_per_token": 1e-05,
    "output_cost_per_token": 1e-05,
    "total_input_tokens": 78700,
    "total_output_tokens": 3516,
    "total_tokens": 82216,
    "total_cost": 0.8924799999999999,
    "start_epoch": 1712268345.761753,
    "end_epoch": 1712268570.330208,
    "elapsed_seconds": 224.568455
}