{
    "model": "gpt-4-0125-preview",
    "commit": "a5f016d6f469626c8a40bfee1e24e4763f26f336",
    "input_cost_per_token": 1e-05,
    "output_cost_per_token": 1e-05,
    "total_input_tokens": 15760,
    "total_output_tokens": 2594,
    "total_tokens": 18354,
    "total_cost": 0.23542000000000002,
    "start_epoch": 1712379158.381981,
    "end_epoch": 1712379377.014856,
    "elapsed_seconds": 218.632875
}