{
    "model": "gpt-4-0125-preview",
    "commit": "9ac9e2bf1e3093c236f5126e10324caf7f81e0d1",
    "input_cost_per_token": 1e-05,
    "output_cost_per_token": 1e-05,
    "total_input_tokens": 10963,
    "total_output_tokens": 1578,
    "total_tokens": 12541,
    "total_cost": 0.15697,
    "start_epoch": 1712225735.863271,
    "end_epoch": 1712225841.085052,
    "elapsed_seconds": 105.221781
}