{
    "model": "gpt-4-0125-preview",
    "commit": "a5f016d6f469626c8a40bfee1e24e4763f26f336",
    "input_cost_per_token": 1e-05,
    "output_cost_per_token": 1e-05,
    "total_input_tokens": 8044,
    "total_output_tokens": 1185,
    "total_tokens": 9229,
    "total_cost": 0.11599000000000001,
    "start_epoch": 1712378681.086511,
    "end_epoch": 1712378787.936177,
    "elapsed_seconds": 106.849666
}