{
    "model": "gpt-4-0125-preview",
    "commit": "a5f016d6f469626c8a40bfee1e24e4763f26f336",
    "input_cost_per_token": 1e-05,
    "output_cost_per_token": 1e-05,
    "total_input_tokens": 8674,
    "total_output_tokens": 1633,
    "total_tokens": 10307,
    "total_cost": 0.13573000000000002,
    "start_epoch": 1712378285.297671,
    "end_epoch": 1712378338.441159,
    "elapsed_seconds": 53.143488
}