{
    "model": "gpt-4-0125-preview",
    "commit": "a5f016d6f469626c8a40bfee1e24e4763f26f336",
    "input_cost_per_token": 1e-05,
    "output_cost_per_token": 1e-05,
    "total_input_tokens": 7444,
    "total_output_tokens": 1659,
    "total_tokens": 9103,
    "total_cost": 0.12421000000000001,
    "start_epoch": 1712381352.204824,
    "end_epoch": 1712381431.034999,
    "elapsed_seconds": 78.830175
}