{
    "model": "gpt-4-0125-preview",
    "commit": "178da19b921052c6258e48ce9d225f34bde45d2b",
    "input_cost_per_token": 1e-05,
    "output_cost_per_token": 1e-05,
    "total_input_tokens": 13876,
    "total_output_tokens": 1843,
    "total_tokens": 15719,
    "total_cost": 0.19405,
    "start_epoch": 1712210460.823063,
    "end_epoch": 1712210609.511935,
    "elapsed_seconds": 148.688872
}