{
    "model": "gpt-4-0125-preview",
    "commit": "a5f016d6f469626c8a40bfee1e24e4763f26f336",
    "input_cost_per_token": 1e-05,
    "output_cost_per_token": 1e-05,
    "total_input_tokens": 6491,
    "total_output_tokens": 921,
    "total_tokens": 7412,
    "total_cost": 0.09254000000000001,
    "start_epoch": 1712254894.926008,
    "end_epoch": 1712255027.40213,
    "elapsed_seconds": 132.476122
}