{
    "model": "gpt-4-0125-preview",
    "commit": "a5f016d6f469626c8a40bfee1e24e4763f26f336",
    "input_cost_per_token": 1e-05,
    "output_cost_per_token": 1e-05,
    "total_input_tokens": 271539,
    "total_output_tokens": 6670,
    "total_tokens": 278209,
    "total_cost": 2.91549,
    "start_epoch": 1712258906.035909,
    "end_epoch": 1712259338.27058,
    "elapsed_seconds": 432.234671
}