{
    "model": "gpt-4-0125-preview",
    "commit": "a5f016d6f469626c8a40bfee1e24e4763f26f336",
    "input_cost_per_token": 1e-05,
    "output_cost_per_token": 1e-05,
    "total_input_tokens": 98992,
    "total_output_tokens": 6394,
    "total_tokens": 105386,
    "total_cost": 1.18174,
    "start_epoch": 1712255317.069324,
    "end_epoch": 1712255714.77366,
    "elapsed_seconds": 397.704336
}