{
    "model": "gpt-4-0125-preview",
    "commit": "a5f016d6f469626c8a40bfee1e24e4763f26f336",
    "input_cost_per_token": 1e-05,
    "output_cost_per_token": 1e-05,
    "total_input_tokens": 43176,
    "total_output_tokens": 3200,
    "total_tokens": 46376,
    "total_cost": 0.52776,
    "start_epoch": 1712259338.313825,
    "end_epoch": 1712259565.840855,
    "elapsed_seconds": 227.52703
}