{
    "model": "gpt-4-0125-preview",
    "commit": "a5f016d6f469626c8a40bfee1e24e4763f26f336",
    "input_cost_per_token": 1e-05,
    "output_cost_per_token": 1e-05,
    "total_input_tokens": 20506,
    "total_output_tokens": 2477,
    "total_tokens": 22983,
    "total_cost": 0.27937,
    "start_epoch": 1712381327.057162,
    "end_epoch": 1712381537.306269,
    "elapsed_seconds": 210.249107
}