{
    "model": "gpt-4-0125-preview",
    "commit": "a5f016d6f469626c8a40bfee1e24e4763f26f336",
    "input_cost_per_token": 1e-05,
    "output_cost_per_token": 1e-05,
    "total_input_tokens": 80208,
    "total_output_tokens": 5055,
    "total_tokens": 85263,
    "total_cost": 0.9537300000000002,
    "start_epoch": 1712264291.27533,
    "end_epoch": 1712264566.407271,
    "elapsed_seconds": 275.131941
}