{
    "model": "gpt-4-0125-preview",
    "commit": "a5f016d6f469626c8a40bfee1e24e4763f26f336",
    "input_cost_per_token": 1e-05,
    "output_cost_per_token": 1e-05,
    "total_input_tokens": 14414,
    "total_output_tokens": 2120,
    "total_tokens": 16534,
    "total_cost": 0.20774,
    "start_epoch": 1712255871.202913,
    "end_epoch": 1712256057.481368,
    "elapsed_seconds": 186.278455
}