{
    "model": "gpt-4-0125-preview",
    "commit": "a5f016d6f469626c8a40bfee1e24e4763f26f336",
    "input_cost_per_token": 1e-05,
    "output_cost_per_token": 1e-05,
    "total_input_tokens": 116759,
    "total_output_tokens": 6664,
    "total_tokens": 123423,
    "total_cost": 1.3675100000000002,
    "start_epoch": 1712261858.17634,
    "end_epoch": 1712262218.263898,
    "elapsed_seconds": 360.087558
}