{
    "model": "gpt-4-0125-preview",
    "commit": "9ac9e2bf1e3093c236f5126e10324caf7f81e0d1",
    "input_cost_per_token": 1e-05,
    "output_cost_per_token": 1e-05,
    "total_input_tokens": 21656,
    "total_output_tokens": 2824,
    "total_tokens": 24480,
    "total_cost": 0.30128000000000005,
    "start_epoch": 1712228328.092846,
    "end_epoch": 1712228581.75211,
    "elapsed_seconds": 253.659264
}