{
    "model": "gpt-4-0125-preview",
    "commit": "9ac9e2bf1e3093c236f5126e10324caf7f81e0d1",
    "input_cost_per_token": 1e-05,
    "output_cost_per_token": 1e-05,
    "total_input_tokens": 24960,
    "total_output_tokens": 3305,
    "total_tokens": 28265,
    "total_cost": 0.34875,
    "start_epoch": 1712231741.39253,
    "end_epoch": 1712231904.932169,
    "elapsed_seconds": 163.539639
}