{
    "model": "gpt-4-0125-preview",
    "commit": "9ac9e2bf1e3093c236f5126e10324caf7f81e0d1",
    "input_cost_per_token": 1e-05,
    "output_cost_per_token": 1e-05,
    "total_input_tokens": 5057,
    "total_output_tokens": 620,
    "total_tokens": 5677,
    "total_cost": 0.06917000000000001,
    "start_epoch": 1712227646.841399,
    "end_epoch": 1712227727.730716,
    "elapsed_seconds": 80.889317
}