{
    "model": "gpt-4-0125-preview",
    "commit": "a5f016d6f469626c8a40bfee1e24e4763f26f336",
    "input_cost_per_token": 1e-05,
    "output_cost_per_token": 1e-05,
    "total_input_tokens": 24041,
    "total_output_tokens": 3175,
    "total_tokens": 27216,
    "total_cost": 0.33566,
    "start_epoch": 1712265945.858778,
    "end_epoch": 1712266201.244699,
    "elapsed_seconds": 255.385921
}