{
    "model": "gpt-4-0125-preview",
    "commit": "a5f016d6f469626c8a40bfee1e24e4763f26f336",
    "input_cost_per_token": 1e-05,
    "output_cost_per_token": 1e-05,
    "total_input_tokens": 23949,
    "total_output_tokens": 1609,
    "total_tokens": 25558,
    "total_cost": 0.28776,
    "start_epoch": 1712378903.506399,
    "end_epoch": 1712379037.677095,
    "elapsed_seconds": 134.170696
}