{
    "model": "gpt-4-0125-preview",
    "commit": "9ac9e2bf1e3093c236f5126e10324caf7f81e0d1",
    "input_cost_per_token": 1e-05,
    "output_cost_per_token": 1e-05,
    "total_input_tokens": 12590,
    "total_output_tokens": 2348,
    "total_tokens": 14938,
    "total_cost": 0.19634000000000001,
    "start_epoch": 1712226267.719632,
    "end_epoch": 1712226485.114452,
    "elapsed_seconds": 217.39482
}