{
    "model": "gpt-4-0125-preview",
    "commit": "a5f016d6f469626c8a40bfee1e24e4763f26f336",
    "input_cost_per_token": 1e-05,
    "output_cost_per_token": 1e-05,
    "total_input_tokens": 32762,
    "total_output_tokens": 3597,
    "total_tokens": 36359,
    "total_cost": 0.43553000000000003,
    "start_epoch": 1712255986.519873,
    "end_epoch": 1712256263.671238,
    "elapsed_seconds": 277.151365
}