{
    "model": "gpt-4-0125-preview",
    "commit": "9ac9e2bf1e3093c236f5126e10324caf7f81e0d1",
    "input_cost_per_token": 1e-05,
    "output_cost_per_token": 1e-05,
    "total_input_tokens": 10268,
    "total_output_tokens": 1448,
    "total_tokens": 11716,
    "total_cost": 0.14612000000000003,
    "start_epoch": 1712224815.972158,
    "end_epoch": 1712224918.279293,
    "elapsed_seconds": 102.307135
}