{
    "model": "gpt-4-0125-preview",
    "commit": "a5f016d6f469626c8a40bfee1e24e4763f26f336",
    "input_cost_per_token": 1e-05,
    "output_cost_per_token": 1e-05,
    "total_input_tokens": 86672,
    "total_output_tokens": 7489,
    "total_tokens": 94161,
    "total_cost": 1.09139,
    "start_epoch": 1712258972.213531,
    "end_epoch": 1712259379.915769,
    "elapsed_seconds": 407.702238
}