{
    "model": "gpt-4-0125-preview",
    "commit": "a5f016d6f469626c8a40bfee1e24e4763f26f336",
    "input_cost_per_token": 1e-05,
    "output_cost_per_token": 1e-05,
    "total_input_tokens": 40909,
    "total_output_tokens": 4061,
    "total_tokens": 44970,
    "total_cost": 0.5309200000000001,
    "start_epoch": 1712264938.81615,
    "end_epoch": 1712265224.216655,
    "elapsed_seconds": 285.400505
}