{
    "model": "gpt-4-0125-preview",
    "commit": "178da19b921052c6258e48ce9d225f34bde45d2b",
    "input_cost_per_token": 1e-05,
    "output_cost_per_token": 1e-05,
    "total_input_tokens": 8593,
    "total_output_tokens": 1591,
    "total_tokens": 10184,
    "total_cost": 0.13366,
    "start_epoch": 1712211044.94529,
    "end_epoch": 1712211186.500191,
    "elapsed_seconds": 141.554901
}