{
    "model": "gpt-4-0125-preview",
    "commit": "9ac9e2bf1e3093c236f5126e10324caf7f81e0d1",
    "input_cost_per_token": 1e-05,
    "output_cost_per_token": 1e-05,
    "total_input_tokens": 23297,
    "total_output_tokens": 2457,
    "total_tokens": 25754,
    "total_cost": 0.30668000000000006,
    "start_epoch": 1712230889.299515,
    "end_epoch": 1712231057.908133,
    "elapsed_seconds": 168.608618
}