{
    "model": "gpt-4-0125-preview",
    "commit": "a5f016d6f469626c8a40bfee1e24e4763f26f336",
    "input_cost_per_token": 1e-05,
    "output_cost_per_token": 1e-05,
    "total_input_tokens": 21409,
    "total_output_tokens": 3432,
    "total_tokens": 24841,
    "total_cost": 0.31705,
    "start_epoch": 1712257388.695454,
    "end_epoch": 1712257636.470727,
    "elapsed_seconds": 247.775273
}