{
    "model": "gpt-4-0125-preview",
    "commit": "a5f016d6f469626c8a40bfee1e24e4763f26f336",
    "input_cost_per_token": 1e-05,
    "output_cost_per_token": 1e-05,
    "total_input_tokens": 11099,
    "total_output_tokens": 1800,
    "total_tokens": 12899,
    "total_cost": 0.16499000000000003,
    "start_epoch": 1712379040.058267,
    "end_epoch": 1712379125.757584,
    "elapsed_seconds": 85.699317
}