{
    "model": "gpt-4-0125-preview",
    "commit": "a5f016d6f469626c8a40bfee1e24e4763f26f336",
    "input_cost_per_token": 1e-05,
    "output_cost_per_token": 1e-05,
    "total_input_tokens": 6989,
    "total_output_tokens": 801,
    "total_tokens": 7790,
    "total_cost": 0.09392,
    "start_epoch": 1712381696.299022,
    "end_epoch": 1712381720.984167,
    "elapsed_seconds": 24.685145
}