{
    "model": "gpt-4-0125-preview",
    "commit": "9ac9e2bf1e3093c236f5126e10324caf7f81e0d1",
    "input_cost_per_token": 1e-05,
    "output_cost_per_token": 1e-05,
    "total_input_tokens": 75477,
    "total_output_tokens": 5770,
    "total_tokens": 81247,
    "total_cost": 0.9278700000000001,
    "start_epoch": 1712231058.025016,
    "end_epoch": 1712231360.174419,
    "elapsed_seconds": 302.149403
}