{
    "model": "gpt-4-0125-preview",
    "commit": "9ac9e2bf1e3093c236f5126e10324caf7f81e0d1",
    "input_cost_per_token": 1e-05,
    "output_cost_per_token": 1e-05,
    "total_input_tokens": 126767,
    "total_output_tokens": 7899,
    "total_tokens": 134666,
    "total_cost": 1.5046400000000002,
    "start_epoch": 1712227947.447225,
    "end_epoch": 1712228427.139629,
    "elapsed_seconds": 479.692404
}