{
    "model": "gpt-4-0125-preview",
    "commit": "a5f016d6f469626c8a40bfee1e24e4763f26f336",
    "input_cost_per_token": 1e-05,
    "output_cost_per_token": 1e-05,
    "total_input_tokens": 4560,
    "total_output_tokens": 916,
    "total_tokens": 5476,
    "total_cost": 0.07308,
    "start_epoch": 1712382488.731682,
    "end_epoch": 1712382572.459237,
    "elapsed_seconds": 83.727555
}