{
    "model": "gpt-4-0125-preview",
    "commit": "178da19b921052c6258e48ce9d225f34bde45d2b",
    "input_cost_per_token": 1e-05,
    "output_cost_per_token": 1e-05,
    "total_input_tokens": 31387,
    "total_output_tokens": 4187,
    "total_tokens": 35574,
    "total_cost": 0.4394800000000001,
    "start_epoch": 1712211824.803085,
    "end_epoch": 1712212081.340561,
    "elapsed_seconds": 256.537476
}