{
    "model": "gpt-4-0125-preview",
    "commit": "a5f016d6f469626c8a40bfee1e24e4763f26f336",
    "input_cost_per_token": 1e-05,
    "output_cost_per_token": 1e-05,
    "total_input_tokens": 21401,
    "total_output_tokens": 2624,
    "total_tokens": 24025,
    "total_cost": 0.29273000000000005,
    "start_epoch": 1712267741.018783,
    "end_epoch": 1712267842.044137,
    "elapsed_seconds": 101.025354
}