{
    "model": "gpt-4-0125-preview",
    "commit": "178da19b921052c6258e48ce9d225f34bde45d2b",
    "input_cost_per_token": 1e-05,
    "output_cost_per_token": 1e-05,
    "total_input_tokens": 4473,
    "total_output_tokens": 833,
    "total_tokens": 5306,
    "total_cost": 0.06972,
    "start_epoch": 1712211752.905781,
    "end_epoch": 1712211871.615853,
    "elapsed_seconds": 118.710072
}