{
    "model": "gpt-4-0125-preview",
    "commit": "a5f016d6f469626c8a40bfee1e24e4763f26f336",
    "input_cost_per_token": 1e-05,
    "output_cost_per_token": 1e-05,
    "total_input_tokens": 29028,
    "total_output_tokens": 3915,
    "total_tokens": 32943,
    "total_cost": 0.40773000000000004,
    "start_epoch": 1712255651.817606,
    "end_epoch": 1712255947.352099,
    "elapsed_seconds": 295.534493
}