{
    "model": "gpt-4-0125-preview",
    "commit": "a5f016d6f469626c8a40bfee1e24e4763f26f336",
    "input_cost_per_token": 1e-05,
    "output_cost_per_token": 1e-05,
    "total_input_tokens": 33899,
    "total_output_tokens": 3914,
    "total_tokens": 37813,
    "total_cost": 0.45641000000000004,
    "start_epoch": 1712265917.769902,
    "end_epoch": 1712266240.157517,
    "elapsed_seconds": 322.387615
}