{
    "model": "gpt-4-0125-preview",
    "commit": "9ac9e2bf1e3093c236f5126e10324caf7f81e0d1",
    "input_cost_per_token": 1e-05,
    "output_cost_per_token": 1e-05,
    "total_input_tokens": 6516,
    "total_output_tokens": 1258,
    "total_tokens": 7774,
    "total_cost": 0.10290000000000002,
    "start_epoch": 1712224649.968798,
    "end_epoch": 1712224808.193939,
    "elapsed_seconds": 158.225141
}