{
    "model": "gpt-4-0125-preview",
    "commit": "178da19b921052c6258e48ce9d225f34bde45d2b",
    "input_cost_per_token": 1e-05,
    "output_cost_per_token": 1e-05,
    "total_input_tokens": 5460,
    "total_output_tokens": 817,
    "total_tokens": 6277,
    "total_cost": 0.07911000000000001,
    "start_epoch": 1712210362.120766,
    "end_epoch": 1712210412.246045,
    "elapsed_seconds": 50.125279
}