{
    "model": "gpt-4-0125-preview",
    "commit": "9ac9e2bf1e3093c236f5126e10324caf7f81e0d1",
    "input_cost_per_token": 1e-05,
    "output_cost_per_token": 1e-05,
    "total_input_tokens": 7345,
    "total_output_tokens": 2368,
    "total_tokens": 9713,
    "total_cost": 0.14449,
    "start_epoch": 1712227676.859586,
    "end_epoch": 1712227875.017805,
    "elapsed_seconds": 198.158219
}