{
    "model": "gpt-4-0125-preview",
    "commit": "a5f016d6f469626c8a40bfee1e24e4763f26f336",
    "input_cost_per_token": 1e-05,
    "output_cost_per_token": 1e-05,
    "total_input_tokens": 18011,
    "total_output_tokens": 1553,
    "total_tokens": 19564,
    "total_cost": 0.2267,
    "start_epoch": 1712382624.790175,
    "end_epoch": 1712382688.862839,
    "elapsed_seconds": 64.072664
}