{
    "model": "gpt-4-0125-preview",
    "commit": "a5f016d6f469626c8a40bfee1e24e4763f26f336",
    "input_cost_per_token": 1e-05,
    "output_cost_per_token": 1e-05,
    "total_input_tokens": 26997,
    "total_output_tokens": 1860,
    "total_tokens": 28857,
    "total_cost": 0.32577,
    "start_epoch": 1712381653.44683,
    "end_epoch": 1712381743.378649,
    "elapsed_seconds": 89.931819
}