{
    "model": "gpt-4-0125-preview",
    "commit": "9ac9e2bf1e3093c236f5126e10324caf7f81e0d1",
    "input_cost_per_token": 1e-05,
    "output_cost_per_token": 1e-05,
    "total_input_tokens": 69693,
    "total_output_tokens": 5780,
    "total_tokens": 75473,
    "total_cost": 0.8703300000000002,
    "start_epoch": 1712233711.851837,
    "end_epoch": 1712234090.189014,
    "elapsed_seconds": 378.337177
}