{
    "model": "gpt-4-0125-preview",
    "commit": "9ac9e2bf1e3093c236f5126e10324caf7f81e0d1",
    "input_cost_per_token": 1e-05,
    "output_cost_per_token": 1e-05,
    "total_input_tokens": 6724,
    "total_output_tokens": 851,
    "total_tokens": 7575,
    "total_cost": 0.09277,
    "start_epoch": 1712236938.738884,
    "end_epoch": 1712237101.003443,
    "elapsed_seconds": 162.264559
}