{
    "model": "gpt-4-0125-preview",
    "commit": "178da19b921052c6258e48ce9d225f34bde45d2b",
    "input_cost_per_token": 1e-05,
    "output_cost_per_token": 1e-05,
    "total_input_tokens": 13848,
    "total_output_tokens": 2586,
    "total_tokens": 16434,
    "total_cost": 0.21605999999999997,
    "start_epoch": 1712213833.402717,
    "end_epoch": 1712213939.320341,
    "elapsed_seconds": 105.917624
}