{
    "model": "gpt-4-0125-preview",
    "commit": "178da19b921052c6258e48ce9d225f34bde45d2b",
    "input_cost_per_token": 1e-05,
    "output_cost_per_token": 1e-05,
    "total_input_tokens": 20871,
    "total_output_tokens": 2637,
    "total_tokens": 23508,
    "total_cost": 0.28782,
    "start_epoch": 1712211641.449756,
    "end_epoch": 1712211792.100963,
    "elapsed_seconds": 150.651207
}