{
    "model": "gpt-4-0125-preview",
    "commit": "a5f016d6f469626c8a40bfee1e24e4763f26f336",
    "input_cost_per_token": 1e-05,
    "output_cost_per_token": 1e-05,
    "total_input_tokens": 13828,
    "total_output_tokens": 2932,
    "total_tokens": 16760,
    "total_cost": 0.22624,
    "start_epoch": 1712256896.868837,
    "end_epoch": 1712257114.273164,
    "elapsed_seconds": 217.404327
}