{
    "model": "gpt-4-0125-preview",
    "commit": "a5f016d6f469626c8a40bfee1e24e4763f26f336",
    "input_cost_per_token": 1e-05,
    "output_cost_per_token": 1e-05,
    "total_input_tokens": 37562,
    "total_output_tokens": 2778,
    "total_tokens": 40340,
    "total_cost": 0.45896000000000003,
    "start_epoch": 1712260501.261832,
    "end_epoch": 1712260680.538938,
    "elapsed_seconds": 179.277106
}