{
    "model": "gpt-4-0125-preview",
    "commit": "a5f016d6f469626c8a40bfee1e24e4763f26f336",
    "input_cost_per_token": 1e-05,
    "output_cost_per_token": 1e-05,
    "total_input_tokens": 33164,
    "total_output_tokens": 4523,
    "total_tokens": 37687,
    "total_cost": 0.46733,
    "start_epoch": 1712252418.602632,
    "end_epoch": 1712252740.945086,
    "elapsed_seconds": 322.342454
}