{
    "model": "gpt-4-0125-preview",
    "commit": "9ac9e2bf1e3093c236f5126e10324caf7f81e0d1",
    "input_cost_per_token": 1e-05,
    "output_cost_per_token": 1e-05,
    "total_input_tokens": 62668,
    "total_output_tokens": 4463,
    "total_tokens": 67131,
    "total_cost": 0.7605700000000001,
    "start_epoch": 1712231524.478141,
    "end_epoch": 1712231741.279303,
    "elapsed_seconds": 216.801162
}