{
    "model": "gpt-4-0125-preview",
    "commit": "9ac9e2bf1e3093c236f5126e10324caf7f81e0d1",
    "input_cost_per_token": 1e-05,
    "output_cost_per_token": 1e-05,
    "total_input_tokens": 141263,
    "total_output_tokens": 8986,
    "total_tokens": 150249,
    "total_cost": 1.6822100000000002,
    "start_epoch": 1712232234.982935,
    "end_epoch": 1712232787.433393,
    "elapsed_seconds": 552.450458
}