{
    "model": "gpt-4-0125-preview",
    "commit": "a5f016d6f469626c8a40bfee1e24e4763f26f336",
    "input_cost_per_token": 1e-05,
    "output_cost_per_token": 1e-05,
    "total_input_tokens": 25133,
    "total_output_tokens": 2491,
    "total_tokens": 27624,
    "total_cost": 0.32606,
    "start_epoch": 1712261371.529427,
    "end_epoch": 1712261499.162149,
    "elapsed_seconds": 127.632722
}