{
    "model": "gpt-4-0125-preview",
    "commit": "178da19b921052c6258e48ce9d225f34bde45d2b",
    "input_cost_per_token": 1e-05,
    "output_cost_per_token": 1e-05,
    "total_input_tokens": 144038,
    "total_output_tokens": 7768,
    "total_tokens": 151806,
    "total_cost": 1.6734200000000001,
    "start_epoch": 1712213658.017474,
    "end_epoch": 1712214029.003024,
    "elapsed_seconds": 370.98555
}