{
    "model": "gpt-4-0125-preview",
    "commit": "9ac9e2bf1e3093c236f5126e10324caf7f81e0d1",
    "input_cost_per_token": 1e-05,
    "output_cost_per_token": 1e-05,
    "total_input_tokens": 26272,
    "total_output_tokens": 2499,
    "total_tokens": 28771,
    "total_cost": 0.33769,
    "start_epoch": 1712227999.112776,
    "end_epoch": 1712228203.422603,
    "elapsed_seconds": 204.309827
}