{
    "model": "gpt-4-0125-preview",
    "commit": "a5f016d6f469626c8a40bfee1e24e4763f26f336",
    "input_cost_per_token": 1e-05,
    "output_cost_per_token": 1e-05,
    "total_input_tokens": 64740,
    "total_output_tokens": 4821,
    "total_tokens": 69561,
    "total_cost": 0.7920300000000001,
    "start_epoch": 1712263009.085911,
    "end_epoch": 1712263543.676777,
    "elapsed_seconds": 534.590866
}