{
    "model": "gpt-4-0125-preview",
    "commit": "a5f016d6f469626c8a40bfee1e24e4763f26f336",
    "input_cost_per_token": 1e-05,
    "output_cost_per_token": 1e-05,
    "total_input_tokens": 41632,
    "total_output_tokens": 2956,
    "total_tokens": 44588,
    "total_cost": 0.5050000000000001,
    "start_epoch": 1712254499.328077,
    "end_epoch": 1712254853.839012,
    "elapsed_seconds": 354.510935
}