{
    "model": "gpt-4-0125-preview",
    "commit": "a5f016d6f469626c8a40bfee1e24e4763f26f336",
    "input_cost_per_token": 1e-05,
    "output_cost_per_token": 1e-05,
    "total_input_tokens": 23347,
    "total_output_tokens": 3222,
    "total_tokens": 26569,
    "total_cost": 0.33013000000000003,
    "start_epoch": 1712260129.098879,
    "end_epoch": 1712260381.368207,
    "elapsed_seconds": 252.269328
}