{
    "model": "gpt-4-0125-preview",
    "commit": "178da19b921052c6258e48ce9d225f34bde45d2b",
    "input_cost_per_token": 1e-05,
    "output_cost_per_token": 1e-05,
    "total_input_tokens": 18649,
    "total_output_tokens": 2264,
    "total_tokens": 20913,
    "total_cost": 0.25441,
    "start_epoch": 1712209473.848588,
    "end_epoch": 1712209559.443574,
    "elapsed_seconds": 85.594986
}