{
    "model": "gpt-4-0125-preview",
    "commit": "a5f016d6f469626c8a40bfee1e24e4763f26f336",
    "input_cost_per_token": 1e-05,
    "output_cost_per_token": 1e-05,
    "total_input_tokens": 36306,
    "total_output_tokens": 3339,
    "total_tokens": 39645,
    "total_cost": 0.46323000000000003,
    "start_epoch": 1712264196.744632,
    "end_epoch": 1712264439.448392,
    "elapsed_seconds": 242.70376
}