{
    "model": "gpt-4-0125-preview",
    "commit": "178da19b921052c6258e48ce9d225f34bde45d2b",
    "input_cost_per_token": 1e-05,
    "output_cost_per_token": 1e-05,
    "total_input_tokens": 108446,
    "total_output_tokens": 6330,
    "total_tokens": 114776,
    "total_cost": 1.2743599999999997,
    "start_epoch": 1712212763.199625,
    "end_epoch": 1712213117.564404,
    "elapsed_seconds": 354.364779
}