{
    "model": "gpt-4-0125-preview",
    "commit": "a5f016d6f469626c8a40bfee1e24e4763f26f336",
    "input_cost_per_token": 1e-05,
    "output_cost_per_token": 1e-05,
    "total_input_tokens": 39386,
    "total_output_tokens": 3838,
    "total_tokens": 43224,
    "total_cost": 0.509,
    "start_epoch": 1712263421.120554,
    "end_epoch": 1712263682.756427,
    "elapsed_seconds": 261.635873
}