{
    "model": "gpt-4-0125-preview",
    "commit": "a5f016d6f469626c8a40bfee1e24e4763f26f336",
    "input_cost_per_token": 1e-05,
    "output_cost_per_token": 1e-05,
    "total_input_tokens": 32425,
    "total_output_tokens": 3780,
    "total_tokens": 36205,
    "total_cost": 0.4376500000000001,
    "start_epoch": 1712256215.059777,
    "end_epoch": 1712256433.13402,
    "elapsed_seconds": 218.074243
}