{
    "model": "gpt-4-0125-preview",
    "commit": "a5f016d6f469626c8a40bfee1e24e4763f26f336",
    "input_cost_per_token": 1e-05,
    "output_cost_per_token": 1e-05,
    "total_input_tokens": 18111,
    "total_output_tokens": 2436,
    "total_tokens": 20547,
    "total_cost": 0.25419,
    "start_epoch": 1712380435.33386,
    "end_epoch": 1712380509.598873,
    "elapsed_seconds": 74.265013
}