{
    "model": "gpt-4-0125-preview",
    "commit": "a5f016d6f469626c8a40bfee1e24e4763f26f336",
    "input_cost_per_token": 1e-05,
    "output_cost_per_token": 1e-05,
    "total_input_tokens": 23448,
    "total_output_tokens": 2075,
    "total_tokens": 25523,
    "total_cost": 0.29673000000000005,
    "start_epoch": 1712260869.478373,
    "end_epoch": 1712261065.588918,
    "elapsed_seconds": 196.110545
}