{
    "model": "gpt-4-0125-preview",
    "commit": "178da19b921052c6258e48ce9d225f34bde45d2b",
    "input_cost_per_token": 1e-05,
    "output_cost_per_token": 1e-05,
    "total_input_tokens": 4809,
    "total_output_tokens": 496,
    "total_tokens": 5305,
    "total_cost": 0.06297,
    "start_epoch": 1712210946.104597,
    "end_epoch": 1712211004.581491,
    "elapsed_seconds": 58.476894
}