{
    "model": "gpt-4-0125-preview",
    "commit": "9ac9e2bf1e3093c236f5126e10324caf7f81e0d1",
    "input_cost_per_token": 1e-05,
    "output_cost_per_token": 1e-05,
    "total_input_tokens": 7573,
    "total_output_tokens": 1083,
    "total_tokens": 8656,
    "total_cost": 0.10822000000000001,
    "start_epoch": 1712234000.896816,
    "end_epoch": 1712234165.470773,
    "elapsed_seconds": 164.573957
}