{
    "model": "gpt-4-0125-preview",
    "commit": "a5f016d6f469626c8a40bfee1e24e4763f26f336",
    "input_cost_per_token": 1e-05,
    "output_cost_per_token": 1e-05,
    "total_input_tokens": 122143,
    "total_output_tokens": 6962,
    "total_tokens": 129105,
    "total_cost": 1.4302900000000003,
    "start_epoch": 1712379400.259942,
    "end_epoch": 1712379721.952423,
    "elapsed_seconds": 321.692481
}