{
    "model": "gpt-4-0125-preview",
    "commit": "a5f016d6f469626c8a40bfee1e24e4763f26f336",
    "input_cost_per_token": 1e-05,
    "output_cost_per_token": 1e-05,
    "total_input_tokens": 92151,
    "total_output_tokens": 7052,
    "total_tokens": 99203,
    "total_cost": 1.13307,
    "start_epoch": 1712378962.94822,
    "end_epoch": 1712379269.34294,
    "elapsed_seconds": 306.39472
}