{
    "model": "gpt-4-0125-preview",
    "commit": "9ac9e2bf1e3093c236f5126e10324caf7f81e0d1",
    "input_cost_per_token": 1e-05,
    "output_cost_per_token": 1e-05,
    "total_input_tokens": 102700,
    "total_output_tokens": 9878,
    "total_tokens": 112578,
    "total_cost": 1.32334,
    "start_epoch": 1712231370.496333,
    "end_epoch": 1712231803.374703,
    "elapsed_seconds": 432.87837
}