{
    "model": "gpt-4-0125-preview",
    "commit": "9ac9e2bf1e3093c236f5126e10324caf7f81e0d1",
    "input_cost_per_token": 1e-05,
    "output_cost_per_token": 1e-05,
    "total_input_tokens": 29172,
    "total_output_tokens": 1886,
    "total_tokens": 31058,
    "total_cost": 0.34830000000000005,
    "start_epoch": 1712227260.994339,
    "end_epoch": 1712227433.022115,
    "elapsed_seconds": 172.027776
}