{
    "model": "gpt-4-0125-preview",
    "commit": "a5f016d6f469626c8a40bfee1e24e4763f26f336",
    "input_cost_per_token": 1e-05,
    "output_cost_per_token": 1e-05,
    "total_input_tokens": 146709,
    "total_output_tokens": 7832,
    "total_tokens": 154541,
    "total_cost": 1.70205,
    "start_epoch": 1712264042.316989,
    "end_epoch": 1712264932.113088,
    "elapsed_seconds": 889.796099
}