{
    "model": "gpt-4-0125-preview",
    "commit": "a5f016d6f469626c8a40bfee1e24e4763f26f336",
    "input_cost_per_token": 1e-05,
    "output_cost_per_token": 1e-05,
    "total_input_tokens": 5301,
    "total_output_tokens": 907,
    "total_tokens": 6208,
    "total_cost": 0.08022000000000001,
    "start_epoch": 1712379432.616393,
    "end_epoch": 1712379468.872717,
    "elapsed_seconds": 36.256324
}