{
    "model": "gpt-4-0125-preview",
    "commit": "178da19b921052c6258e48ce9d225f34bde45d2b",
    "input_cost_per_token": 1e-05,
    "output_cost_per_token": 1e-05,
    "total_input_tokens": 9689,
    "total_output_tokens": 1406,
    "total_tokens": 11095,
    "total_cost": 0.13907,
    "start_epoch": 1712213493.624784,
    "end_epoch": 1712213552.022148,
    "elapsed_seconds": 58.397364
}