{
    "model": "gpt-4-0125-preview",
    "commit": "9ac9e2bf1e3093c236f5126e10324caf7f81e0d1",
    "input_cost_per_token": 1e-05,
    "output_cost_per_token": 1e-05,
    "total_input_tokens": 12346,
    "total_output_tokens": 818,
    "total_tokens": 13164,
    "total_cost": 0.14800000000000002,
    "start_epoch": 1712228330.314066,
    "end_epoch": 1712228450.635813,
    "elapsed_seconds": 120.321747
}