{
    "model": "gpt-4-0125-preview",
    "commit": "a5f016d6f469626c8a40bfee1e24e4763f26f336",
    "input_cost_per_token": 1e-05,
    "output_cost_per_token": 1e-05,
    "total_input_tokens": 104116,
    "total_output_tokens": 5258,
    "total_tokens": 109374,
    "total_cost": 1.1989,
    "start_epoch": 1712253285.36185,
    "end_epoch": 1712253727.238915,
    "elapsed_seconds": 441.877065
}