{
    "model": "gpt-4-0125-preview",
    "commit": "a5f016d6f469626c8a40bfee1e24e4763f26f336",
    "input_cost_per_token": 1e-05,
    "output_cost_per_token": 1e-05,
    "total_input_tokens": 141553,
    "total_output_tokens": 5707,
    "total_tokens": 147260,
    "total_cost": 1.5867400000000003,
    "start_epoch": 1712382898.828454,
    "end_epoch": 1712383119.357776,
    "elapsed_seconds": 220.529322
}