{
    "model": "gpt-4-0125-preview",
    "commit": "a5f016d6f469626c8a40bfee1e24e4763f26f336",
    "input_cost_per_token": 1e-05,
    "output_cost_per_token": 1e-05,
    "total_input_tokens": 7568,
    "total_output_tokens": 1206,
    "total_tokens": 8774,
    "total_cost": 0.11186,
    "start_epoch": 1712382226.666599,
    "end_epoch": 1712382355.498467,
    "elapsed_seconds": 128.831868
}