{
    "model": "gpt-4-0125-preview",
    "commit": "a5f016d6f469626c8a40bfee1e24e4763f26f336",
    "input_cost_per_token": 1e-05,
    "output_cost_per_token": 1e-05,
    "total_input_tokens": 51720,
    "total_output_tokens": 4223,
    "total_tokens": 55943,
    "total_cost": 0.6438900000000001,
    "start_epoch": 1712254557.552498,
    "end_epoch": 1712254795.317655,
    "elapsed_seconds": 237.765157
}