{
    "model": "gpt-4-0125-preview",
    "commit": "a5f016d6f469626c8a40bfee1e24e4763f26f336",
    "input_cost_per_token": 1e-05,
    "output_cost_per_token": 1e-05,
    "total_input_tokens": 6650,
    "total_output_tokens": 841,
    "total_tokens": 7491,
    "total_cost": 0.09173,
    "start_epoch": 1712379468.981367,
    "end_epoch": 1712379510.944837,
    "elapsed_seconds": 41.96347
}