{
    "model": "gpt-4-0125-preview",
    "commit": "a5f016d6f469626c8a40bfee1e24e4763f26f336",
    "input_cost_per_token": 1e-05,
    "output_cost_per_token": 1e-05,
    "total_input_tokens": 16037,
    "total_output_tokens": 1326,
    "total_tokens": 17363,
    "total_cost": 0.20015000000000005,
    "start_epoch": 1712379125.861988,
    "end_epoch": 1712379193.658367,
    "elapsed_seconds": 67.796379
}