{
    "model": "gpt-4-0125-preview",
    "commit": "9ac9e2bf1e3093c236f5126e10324caf7f81e0d1",
    "input_cost_per_token": 1e-05,
    "output_cost_per_token": 1e-05,
    "total_input_tokens": 62465,
    "total_output_tokens": 4242,
    "total_tokens": 66707,
    "total_cost": 0.7519100000000002,
    "start_epoch": 1712231900.610309,
    "end_epoch": 1712232234.801369,
    "elapsed_seconds": 334.19106
}