{
    "model": "gpt-4-0125-preview",
    "commit": "a5f016d6f469626c8a40bfee1e24e4763f26f336",
    "input_cost_per_token": 1e-05,
    "output_cost_per_token": 1e-05,
    "total_input_tokens": 12435,
    "total_output_tokens": 1281,
    "total_tokens": 13716,
    "total_cost": 0.16278000000000004,
    "start_epoch": 1712266762.936912,
    "end_epoch": 1712266917.627732,
    "elapsed_seconds": 154.69082
}