{
    "model": "gpt-4-0125-preview",
    "commit": "9ac9e2bf1e3093c236f5126e10324caf7f81e0d1",
    "input_cost_per_token": 1e-05,
    "output_cost_per_token": 1e-05,
    "total_input_tokens": 9576,
    "total_output_tokens": 1590,
    "total_tokens": 11166,
    "total_cost": 0.14346,
    "start_epoch": 1712235473.103483,
    "end_epoch": 1712235656.859736,
    "elapsed_seconds": 183.756253
}