{
    "model": "gpt-4-0125-preview",
    "commit": "178da19b921052c6258e48ce9d225f34bde45d2b",
    "input_cost_per_token": 1e-05,
    "output_cost_per_token": 1e-05,
    "total_input_tokens": 60504,
    "total_output_tokens": 3150,
    "total_tokens": 63654,
    "total_cost": 0.69954,
    "start_epoch": 1712210566.645476,
    "end_epoch": 1712210734.878329,
    "elapsed_seconds": 168.232853
}