{
    "model": "gpt-4-0125-preview",
    "commit": "a5f016d6f469626c8a40bfee1e24e4763f26f336",
    "input_cost_per_token": 1e-05,
    "output_cost_per_token": 1e-05,
    "total_input_tokens": 7778,
    "total_output_tokens": 1289,
    "total_tokens": 9067,
    "total_cost": 0.11645000000000001,
    "start_epoch": 1712382177.186875,
    "end_epoch": 1712382307.310234,
    "elapsed_seconds": 130.123359
}