{
    "model": "gpt-4-0125-preview",
    "commit": "9ac9e2bf1e3093c236f5126e10324caf7f81e0d1",
    "input_cost_per_token": 1e-05,
    "output_cost_per_token": 1e-05,
    "total_input_tokens": 65745,
    "total_output_tokens": 6043,
    "total_tokens": 71788,
    "total_cost": 0.8387400000000003,
    "start_epoch": 1712227146.43779,
    "end_epoch": 1712227503.077233,
    "elapsed_seconds": 356.639443
}