{
    "model": "gpt-4-0125-preview",
    "commit": "178da19b921052c6258e48ce9d225f34bde45d2b",
    "input_cost_per_token": 1e-05,
    "output_cost_per_token": 1e-05,
    "total_input_tokens": 22405,
    "total_output_tokens": 2175,
    "total_tokens": 24580,
    "total_cost": 0.2893,
    "start_epoch": 1712209987.27473,
    "end_epoch": 1712210116.566413,
    "elapsed_seconds": 129.291683
}