{
    "model": "gpt-4-0125-preview",
    "commit": "a5f016d6f469626c8a40bfee1e24e4763f26f336",
    "input_cost_per_token": 1e-05,
    "output_cost_per_token": 1e-05,
    "total_input_tokens": 11418,
    "total_output_tokens": 2319,
    "total_tokens": 13737,
    "total_cost": 0.18375000000000002,
    "start_epoch": 1712378977.67678,
    "end_epoch": 1712379158.243949,
    "elapsed_seconds": 180.567169
}