{
    "model": "gpt-4-0125-preview",
    "commit": "a5f016d6f469626c8a40bfee1e24e4763f26f336",
    "input_cost_per_token": 1e-05,
    "output_cost_per_token": 1e-05,
    "total_input_tokens": 7473,
    "total_output_tokens": 1203,
    "total_tokens": 8676,
    "total_cost": 0.11082,
    "start_epoch": 1712253727.397438,
    "end_epoch": 1712253919.946405,
    "elapsed_seconds": 192.548967
}