{
    "model": "gpt-4-0125-preview",
    "commit": "a5f016d6f469626c8a40bfee1e24e4763f26f336",
    "input_cost_per_token": 1e-05,
    "output_cost_per_token": 1e-05,
    "total_input_tokens": 26157,
    "total_output_tokens": 4395,
    "total_tokens": 30552,
    "total_cost": 0.39342000000000005,
    "start_epoch": 1712258998.254044,
    "end_epoch": 1712259310.216785,
    "elapsed_seconds": 311.962741
}