{
    "model": "gpt-4-0125-preview",
    "commit": "178da19b921052c6258e48ce9d225f34bde45d2b",
    "input_cost_per_token": 1e-05,
    "output_cost_per_token": 1e-05,
    "total_input_tokens": 11685,
    "total_output_tokens": 1830,
    "total_tokens": 13515,
    "total_cost": 0.17175,
    "start_epoch": 1712216056.600871,
    "end_epoch": 1712216186.62978,
    "elapsed_seconds": 130.028909
}