{
    "model": "gpt-4-0125-preview",
    "commit": "a5f016d6f469626c8a40bfee1e24e4763f26f336",
    "input_cost_per_token": 1e-05,
    "output_cost_per_token": 1e-05,
    "total_input_tokens": 45235,
    "total_output_tokens": 2980,
    "total_tokens": 48215,
    "total_cost": 0.54175,
    "start_epoch": 1712251151.041914,
    "end_epoch": 1712251390.051406,
    "elapsed_seconds": 239.009492
}