{
    "num_tasks": 300,
    "model": "gpt-4-0125-preview",
    "commit": "a5f016d6f469626c8a40bfee1e24e4763f26f336",
    "input_cost_per_token": 1e-05,
    "output_cost_per_token": 1e-05,
    "total_cost": 127.79148000000008,
    "avg_cost": 0.4259716000000003,
    "avg_tokens": 36779.8,
    "avg_input_tokens": 33871.2,
    "avg_output_tokens": 2908.7,
    "inference_start_epoch": 1712377911.37971,
    "inference_end_epoch": 1712386517.971972,
    "inference_elapsed_mins": 143.44,
    "inference_avg_elapsed_secs_parallel": 28.7,
    "inference_avg_elapsed_secs_serial": 159.0,
    "eval_start_epoch": 1712386518.400652,
    "eval_end_epoch": 1712387813.730503,
    "eval_elapsed_mins": 21.59,
    "eval_avg_elapsed_secs": 4.3,
    "total_elapsed_mins": 165.03
}