{
    "model": "gpt-4-0125-preview",
    "commit": "a5f016d6f469626c8a40bfee1e24e4763f26f336",
    "input_cost_per_token": 1e-05,
    "output_cost_per_token": 1e-05,
    "total_input_tokens": 99771,
    "total_output_tokens": 6945,
    "total_tokens": 106716,
    "total_cost": 1.2060600000000001,
    "start_epoch": 1712254252.044408,
    "end_epoch": 1712254653.482216,
    "elapsed_seconds": 401.437808
}