{
    "model": "gpt-4-0125-preview",
    "commit": "9ac9e2bf1e3093c236f5126e10324caf7f81e0d1",
    "input_cost_per_token": 1e-05,
    "output_cost_per_token": 1e-05,
    "total_input_tokens": 46578,
    "total_output_tokens": 3984,
    "total_tokens": 50562,
    "total_cost": 0.5852999999999999,
    "start_epoch": 1712226485.288489,
    "end_epoch": 1712226741.181261,
    "elapsed_seconds": 255.892772
}