{
    "model": "gpt-4-0125-preview",
    "commit": "a5f016d6f469626c8a40bfee1e24e4763f26f336",
    "input_cost_per_token": 1e-05,
    "output_cost_per_token": 1e-05,
    "total_input_tokens": 64307,
    "total_output_tokens": 2954,
    "total_tokens": 67261,
    "total_cost": 0.7316900000000001,
    "start_epoch": 1712269497.48308,
    "end_epoch": 1712269702.703259,
    "elapsed_seconds": 205.220179
}