{
    "model": "gpt-4-0125-preview",
    "commit": "a5f016d6f469626c8a40bfee1e24e4763f26f336",
    "input_cost_per_token": 1e-05,
    "output_cost_per_token": 1e-05,
    "total_input_tokens": 42846,
    "total_output_tokens": 3462,
    "total_tokens": 46308,
    "total_cost": 0.53232,
    "start_epoch": 1712268097.147526,
    "end_epoch": 1712268291.830352,
    "elapsed_seconds": 194.682826
}