{
    "model": "gpt-4-0125-preview",
    "commit": "9ac9e2bf1e3093c236f5126e10324caf7f81e0d1",
    "input_cost_per_token": 1e-05,
    "output_cost_per_token": 1e-05,
    "total_input_tokens": 7920,
    "total_output_tokens": 1728,
    "total_tokens": 9648,
    "total_cost": 0.13104,
    "start_epoch": 1712234683.461985,
    "end_epoch": 1712234884.140229,
    "elapsed_seconds": 200.678244
}