{
    "model": "gpt-4-0125-preview",
    "commit": "178da19b921052c6258e48ce9d225f34bde45d2b",
    "input_cost_per_token": 1e-05,
    "output_cost_per_token": 1e-05,
    "total_input_tokens": 7281,
    "total_output_tokens": 1100,
    "total_tokens": 8381,
    "total_cost": 0.10581000000000002,
    "start_epoch": 1712208978.253862,
    "end_epoch": 1712209026.692977,
    "elapsed_seconds": 48.439115
}