{
    "model": "gpt-4-0125-preview",
    "commit": "178da19b921052c6258e48ce9d225f34bde45d2b",
    "input_cost_per_token": 1e-05,
    "output_cost_per_token": 1e-05,
    "total_input_tokens": 17749,
    "total_output_tokens": 2501,
    "total_tokens": 20250,
    "total_cost": 0.25251999999999997,
    "start_epoch": 1712209026.72543,
    "end_epoch": 1712209114.213706,
    "elapsed_seconds": 87.488276
}