{
    "model": "gpt-4-0125-preview",
    "commit": "a5f016d6f469626c8a40bfee1e24e4763f26f336",
    "input_cost_per_token": 1e-05,
    "output_cost_per_token": 1e-05,
    "total_input_tokens": 26484,
    "total_output_tokens": 2840,
    "total_tokens": 29324,
    "total_cost": 0.3500400000000001,
    "start_epoch": 1712251725.61384,
    "end_epoch": 1712251954.830953,
    "elapsed_seconds": 229.217113
}