{
    "model": "gpt-4-0125-preview",
    "commit": "178da19b921052c6258e48ce9d225f34bde45d2b",
    "input_cost_per_token": 1e-05,
    "output_cost_per_token": 1e-05,
    "total_input_tokens": 7230,
    "total_output_tokens": 1267,
    "total_tokens": 8497,
    "total_cost": 0.11031000000000002,
    "start_epoch": 1712208932.791992,
    "end_epoch": 1712209009.770218,
    "elapsed_seconds": 76.978226
}