{
    "model": "gpt-4-0125-preview",
    "commit": "178da19b921052c6258e48ce9d225f34bde45d2b",
    "input_cost_per_token": 1e-05,
    "output_cost_per_token": 1e-05,
    "total_input_tokens": 23157,
    "total_output_tokens": 2970,
    "total_tokens": 26127,
    "total_cost": 0.32067,
    "start_epoch": 1712209839.271013,
    "end_epoch": 1712209958.730611,
    "elapsed_seconds": 119.459598
}