{
    "model": "gpt-4-0125-preview",
    "commit": "178da19b921052c6258e48ce9d225f34bde45d2b",
    "input_cost_per_token": 1e-05,
    "output_cost_per_token": 1e-05,
    "total_input_tokens": 11402,
    "total_output_tokens": 1793,
    "total_tokens": 13195,
    "total_cost": 0.16781000000000001,
    "start_epoch": 1712211871.677724,
    "end_epoch": 1712212009.304265,
    "elapsed_seconds": 137.626541
}