{
    "model": "gpt-4-0125-preview",
    "commit": "9ac9e2bf1e3093c236f5126e10324caf7f81e0d1",
    "input_cost_per_token": 1e-05,
    "output_cost_per_token": 1e-05,
    "total_input_tokens": 11315,
    "total_output_tokens": 1300,
    "total_tokens": 12615,
    "total_cost": 0.15215,
    "start_epoch": 1712231712.940803,
    "end_epoch": 1712231786.151585,
    "elapsed_seconds": 73.210782
}