{
    "model": "gpt-4-0125-preview",
    "commit": "9ac9e2bf1e3093c236f5126e10324caf7f81e0d1",
    "input_cost_per_token": 1e-05,
    "output_cost_per_token": 1e-05,
    "total_input_tokens": 9307,
    "total_output_tokens": 1057,
    "total_tokens": 10364,
    "total_cost": 0.12478000000000002,
    "start_epoch": 1712228214.713805,
    "end_epoch": 1712228360.313685,
    "elapsed_seconds": 145.59988
}