{
    "model": "gpt-4-0125-preview",
    "commit": "a5f016d6f469626c8a40bfee1e24e4763f26f336",
    "input_cost_per_token": 1e-05,
    "output_cost_per_token": 1e-05,
    "total_input_tokens": 16507,
    "total_output_tokens": 1212,
    "total_tokens": 17719,
    "total_cost": 0.20143,
    "start_epoch": 1712266582.046156,
    "end_epoch": 1712266666.601649,
    "elapsed_seconds": 84.555493
}