{
    "model": "gpt-4-0125-preview",
    "commit": "9ac9e2bf1e3093c236f5126e10324caf7f81e0d1",
    "input_cost_per_token": 1e-05,
    "output_cost_per_token": 1e-05,
    "total_input_tokens": 17023,
    "total_output_tokens": 1457,
    "total_tokens": 18480,
    "total_cost": 0.21394000000000002,
    "start_epoch": 1712232726.662898,
    "end_epoch": 1712232889.619778,
    "elapsed_seconds": 162.95688
}