{
    "model": "gpt-4-0125-preview",
    "commit": "a5f016d6f469626c8a40bfee1e24e4763f26f336",
    "input_cost_per_token": 1e-05,
    "output_cost_per_token": 1e-05,
    "total_input_tokens": 109270,
    "total_output_tokens": 4922,
    "total_tokens": 114192,
    "total_cost": 1.2403600000000001,
    "start_epoch": 1712381474.94648,
    "end_epoch": 1712381653.339124,
    "elapsed_seconds": 178.392644
}