{
    "model": "gpt-4-0125-preview",
    "commit": "178da19b921052c6258e48ce9d225f34bde45d2b",
    "input_cost_per_token": 1e-05,
    "output_cost_per_token": 1e-05,
    "total_input_tokens": 15992,
    "total_output_tokens": 2225,
    "total_tokens": 18217,
    "total_cost": 0.22667,
    "start_epoch": 1712209664.795023,
    "end_epoch": 1712209755.713003,
    "elapsed_seconds": 90.91798
}