{
    "model": "gpt-4-0125-preview",
    "commit": "a5f016d6f469626c8a40bfee1e24e4763f26f336",
    "input_cost_per_token": 1e-05,
    "output_cost_per_token": 1e-05,
    "total_input_tokens": 31921,
    "total_output_tokens": 4326,
    "total_tokens": 36247,
    "total_cost": 0.44899000000000006,
    "start_epoch": 1712256057.524499,
    "end_epoch": 1712256317.806831,
    "elapsed_seconds": 260.282332
}