{
    "model": "gpt-4-0125-preview",
    "commit": "a5f016d6f469626c8a40bfee1e24e4763f26f336",
    "input_cost_per_token": 1e-05,
    "output_cost_per_token": 1e-05,
    "total_input_tokens": 15051,
    "total_output_tokens": 2500,
    "total_tokens": 17551,
    "total_cost": 0.22551000000000002,
    "start_epoch": 1712262957.961984,
    "end_epoch": 1712263086.198826,
    "elapsed_seconds": 128.236842
}