{
    "model": "gpt-4-0125-preview",
    "commit": "a5f016d6f469626c8a40bfee1e24e4763f26f336",
    "input_cost_per_token": 1e-05,
    "output_cost_per_token": 1e-05,
    "total_input_tokens": 50945,
    "total_output_tokens": 5796,
    "total_tokens": 56741,
    "total_cost": 0.68333,
    "start_epoch": 1712379860.458321,
    "end_epoch": 1712380147.227469,
    "elapsed_seconds": 286.769148
}