{
    "model": "gpt-4-0125-preview",
    "commit": "a5f016d6f469626c8a40bfee1e24e4763f26f336",
    "input_cost_per_token": 1e-05,
    "output_cost_per_token": 1e-05,
    "total_input_tokens": 4922,
    "total_output_tokens": 592,
    "total_tokens": 5514,
    "total_cost": 0.06698000000000001,
    "start_epoch": 1712253920.128718,
    "end_epoch": 1712254083.592743,
    "elapsed_seconds": 163.464025
}