{
    "model": "gpt-4-0125-preview",
    "commit": "a5f016d6f469626c8a40bfee1e24e4763f26f336",
    "input_cost_per_token": 1e-05,
    "output_cost_per_token": 1e-05,
    "total_input_tokens": 17129,
    "total_output_tokens": 3515,
    "total_tokens": 20644,
    "total_cost": 0.27674,
    "start_epoch": 1712264080.796533,
    "end_epoch": 1712264329.148852,
    "elapsed_seconds": 248.352319
}