{
    "model": "gpt-4-0125-preview",
    "commit": "a5f016d6f469626c8a40bfee1e24e4763f26f336",
    "input_cost_per_token": 1e-05,
    "output_cost_per_token": 1e-05,
    "total_input_tokens": 87388,
    "total_output_tokens": 6215,
    "total_tokens": 93603,
    "total_cost": 1.06033,
    "start_epoch": 1712251330.758164,
    "end_epoch": 1712251757.300658,
    "elapsed_seconds": 426.542494
}