{
    "model": "gpt-4-0125-preview",
    "commit": "a5f016d6f469626c8a40bfee1e24e4763f26f336",
    "input_cost_per_token": 1e-05,
    "output_cost_per_token": 1e-05,
    "total_input_tokens": 4832,
    "total_output_tokens": 421,
    "total_tokens": 5253,
    "total_cost": 0.060950000000000004,
    "start_epoch": 1712263692.083625,
    "end_epoch": 1712263809.977841,
    "elapsed_seconds": 117.894216
}