{
    "model": "gpt-4-0125-preview",
    "commit": "9ac9e2bf1e3093c236f5126e10324caf7f81e0d1",
    "input_cost_per_token": 1e-05,
    "output_cost_per_token": 1e-05,
    "total_input_tokens": 10343,
    "total_output_tokens": 1781,
    "total_tokens": 12124,
    "total_cost": 0.15686,
    "start_epoch": 1712225362.647266,
    "end_epoch": 1712225542.887515,
    "elapsed_seconds": 180.240249
}