{
    "model": "gpt-4-0125-preview",
    "commit": "a5f016d6f469626c8a40bfee1e24e4763f26f336",
    "input_cost_per_token": 1e-05,
    "output_cost_per_token": 1e-05,
    "total_input_tokens": 11279,
    "total_output_tokens": 1985,
    "total_tokens": 13264,
    "total_cost": 0.17234000000000002,
    "start_epoch": 1712380012.054007,
    "end_epoch": 1712380171.644695,
    "elapsed_seconds": 159.590688
}