{
    "model": "gpt-4-0125-preview",
    "commit": "a5f016d6f469626c8a40bfee1e24e4763f26f336",
    "input_cost_per_token": 1e-05,
    "output_cost_per_token": 1e-05,
    "total_input_tokens": 31449,
    "total_output_tokens": 3912,
    "total_tokens": 35361,
    "total_cost": 0.43185000000000007,
    "start_epoch": 1712381229.39929,
    "end_epoch": 1712381394.270307,
    "elapsed_seconds": 164.871017
}