{
    "model": "gpt-4-0125-preview",
    "commit": "a5f016d6f469626c8a40bfee1e24e4763f26f336",
    "input_cost_per_token": 1e-05,
    "output_cost_per_token": 1e-05,
    "total_input_tokens": 5519,
    "total_output_tokens": 1180,
    "total_tokens": 6699,
    "total_cost": 0.09059,
    "start_epoch": 1712379269.520572,
    "end_epoch": 1712379415.063426,
    "elapsed_seconds": 145.542854
}