{
    "model": "gpt-4-0125-preview",
    "commit": "178da19b921052c6258e48ce9d225f34bde45d2b",
    "input_cost_per_token": 1e-05,
    "output_cost_per_token": 1e-05,
    "total_input_tokens": 18489,
    "total_output_tokens": 2101,
    "total_tokens": 20590,
    "total_cost": 0.24792000000000006,
    "start_epoch": 1712212009.366583,
    "end_epoch": 1712212171.805903,
    "elapsed_seconds": 162.43932
}