{
    "model": "gpt-4-0125-preview",
    "commit": "a5f016d6f469626c8a40bfee1e24e4763f26f336",
    "input_cost_per_token": 1e-05,
    "output_cost_per_token": 1e-05,
    "total_input_tokens": 18431,
    "total_output_tokens": 1788,
    "total_tokens": 20219,
    "total_cost": 0.23795,
    "start_epoch": 1712264932.175854,
    "end_epoch": 1712265157.301302,
    "elapsed_seconds": 225.125448
}