{
    "model": "gpt-4-0125-preview",
    "commit": "9ac9e2bf1e3093c236f5126e10324caf7f81e0d1",
    "input_cost_per_token": 1e-05,
    "output_cost_per_token": 1e-05,
    "total_input_tokens": 4957,
    "total_output_tokens": 680,
    "total_tokens": 5637,
    "total_cost": 0.06997,
    "start_epoch": 1712225171.178757,
    "end_epoch": 1712225281.222793,
    "elapsed_seconds": 110.044036
}