{
    "model": "gpt-4-0125-preview",
    "commit": "178da19b921052c6258e48ce9d225f34bde45d2b",
    "input_cost_per_token": 1e-05,
    "output_cost_per_token": 1e-05,
    "total_input_tokens": 7090,
    "total_output_tokens": 1602,
    "total_tokens": 8692,
    "total_cost": 0.11896000000000001,
    "start_epoch": 1712215824.306303,
    "end_epoch": 1712215946.588542,
    "elapsed_seconds": 122.282239
}