{
    "model": "gpt-4-0125-preview",
    "commit": "178da19b921052c6258e48ce9d225f34bde45d2b",
    "input_cost_per_token": 1e-05,
    "output_cost_per_token": 1e-05,
    "total_input_tokens": 46549,
    "total_output_tokens": 5535,
    "total_tokens": 52084,
    "total_cost": 0.63154,
    "start_epoch": 1712208504.156789,
    "end_epoch": 1712208753.321319,
    "elapsed_seconds": 249.16453
}