{
    "model": "gpt-4-0125-preview",
    "commit": "a5f016d6f469626c8a40bfee1e24e4763f26f336",
    "input_cost_per_token": 1e-05,
    "output_cost_per_token": 1e-05,
    "total_input_tokens": 8186,
    "total_output_tokens": 1209,
    "total_tokens": 9395,
    "total_cost": 0.11813000000000001,
    "start_epoch": 1712257440.676365,
    "end_epoch": 1712257546.542456,
    "elapsed_seconds": 105.866091
}