{
    "model": "gpt-4-0125-preview",
    "commit": "a5f016d6f469626c8a40bfee1e24e4763f26f336",
    "input_cost_per_token": 1e-05,
    "output_cost_per_token": 1e-05,
    "total_input_tokens": 10564,
    "total_output_tokens": 805,
    "total_tokens": 11369,
    "total_cost": 0.12979000000000002,
    "start_epoch": 1712268291.92137,
    "end_epoch": 1712268371.391636,
    "elapsed_seconds": 79.470266
}