{
    "model": "gpt-4-0125-preview",
    "commit": "a5f016d6f469626c8a40bfee1e24e4763f26f336",
    "input_cost_per_token": 1e-05,
    "output_cost_per_token": 1e-05,
    "total_input_tokens": 12875,
    "total_output_tokens": 1313,
    "total_tokens": 14188,
    "total_cost": 0.16814,
    "start_epoch": 1712251747.390607,
    "end_epoch": 1712252155.621893,
    "elapsed_seconds": 408.231286
}