{
    "model": "gpt-4-0125-preview",
    "commit": "9ac9e2bf1e3093c236f5126e10324caf7f81e0d1",
    "input_cost_per_token": 1e-05,
    "output_cost_per_token": 1e-05,
    "total_input_tokens": 18109,
    "total_output_tokens": 2916,
    "total_tokens": 21025,
    "total_cost": 0.26857000000000003,
    "start_epoch": 1712230533.964224,
    "end_epoch": 1712230746.773805,
    "elapsed_seconds": 212.809581
}