{
    "model": "gpt-4-0125-preview",
    "commit": "a5f016d6f469626c8a40bfee1e24e4763f26f336",
    "input_cost_per_token": 1e-05,
    "output_cost_per_token": 1e-05,
    "total_input_tokens": 7064,
    "total_output_tokens": 1142,
    "total_tokens": 8206,
    "total_cost": 0.10490000000000002,
    "start_epoch": 1712379461.168292,
    "end_epoch": 1712379526.433394,
    "elapsed_seconds": 65.265102
}