{
    "model": "gpt-4-0125-preview",
    "commit": "a5f016d6f469626c8a40bfee1e24e4763f26f336",
    "input_cost_per_token": 1e-05,
    "output_cost_per_token": 1e-05,
    "total_input_tokens": 4906,
    "total_output_tokens": 875,
    "total_tokens": 5781,
    "total_cost": 0.07531000000000002,
    "start_epoch": 1712381997.200044,
    "end_epoch": 1712382110.045972,
    "elapsed_seconds": 112.845928
}