{
    "model": "gpt-4-0125-preview",
    "commit": "a5f016d6f469626c8a40bfee1e24e4763f26f336",
    "input_cost_per_token": 1e-05,
    "output_cost_per_token": 1e-05,
    "total_input_tokens": 19657,
    "total_output_tokens": 2148,
    "total_tokens": 21805,
    "total_cost": 0.26101,
    "start_epoch": 1712268362.171188,
    "end_epoch": 1712268452.247242,
    "elapsed_seconds": 90.076054
}