{
    "model": "gpt-4-0125-preview",
    "commit": "a5f016d6f469626c8a40bfee1e24e4763f26f336",
    "input_cost_per_token": 1e-05,
    "output_cost_per_token": 1e-05,
    "total_input_tokens": 15362,
    "total_output_tokens": 2236,
    "total_tokens": 17598,
    "total_cost": 0.2207,
    "start_epoch": 1712259565.876965,
    "end_epoch": 1712259718.231444,
    "elapsed_seconds": 152.354479
}