{
    "model": "gpt-4-0125-preview",
    "commit": "a5f016d6f469626c8a40bfee1e24e4763f26f336",
    "input_cost_per_token": 1e-05,
    "output_cost_per_token": 1e-05,
    "total_input_tokens": 21835,
    "total_output_tokens": 3386,
    "total_tokens": 25221,
    "total_cost": 0.31993000000000005,
    "start_epoch": 1712255830.114113,
    "end_epoch": 1712256034.206164,
    "elapsed_seconds": 204.092051
}