{
    "model": "gpt-4-0125-preview",
    "commit": "a5f016d6f469626c8a40bfee1e24e4763f26f336",
    "input_cost_per_token": 1e-05,
    "output_cost_per_token": 1e-05,
    "total_input_tokens": 38135,
    "total_output_tokens": 4221,
    "total_tokens": 42356,
    "total_cost": 0.5079800000000001,
    "start_epoch": 1712254278.104285,
    "end_epoch": 1712254600.785843,
    "elapsed_seconds": 322.681558
}