{
    "model": "gpt-4-0125-preview",
    "commit": "178da19b921052c6258e48ce9d225f34bde45d2b",
    "input_cost_per_token": 1e-05,
    "output_cost_per_token": 1e-05,
    "total_input_tokens": 10901,
    "total_output_tokens": 1334,
    "total_tokens": 12235,
    "total_cost": 0.14903000000000002,
    "start_epoch": 1712211940.854443,
    "end_epoch": 1712212050.703712,
    "elapsed_seconds": 109.849269
}