{
    "model": "gpt-4-0125-preview",
    "commit": "9ac9e2bf1e3093c236f5126e10324caf7f81e0d1",
    "input_cost_per_token": 1e-05,
    "output_cost_per_token": 1e-05,
    "total_input_tokens": 22109,
    "total_output_tokens": 2472,
    "total_tokens": 24581,
    "total_cost": 0.29525,
    "start_epoch": 1712233014.491773,
    "end_epoch": 1712233237.515076,
    "elapsed_seconds": 223.023303
}