{
    "model": "gpt-4-0125-preview",
    "commit": "a5f016d6f469626c8a40bfee1e24e4763f26f336",
    "input_cost_per_token": 1e-05,
    "output_cost_per_token": 1e-05,
    "total_input_tokens": 16148,
    "total_output_tokens": 1084,
    "total_tokens": 17232,
    "total_cost": 0.19400000000000003,
    "start_epoch": 1712260141.153795,
    "end_epoch": 1712260244.28743,
    "elapsed_seconds": 103.133635
}