{
    "model": "gpt-4-0125-preview",
    "commit": "a5f016d6f469626c8a40bfee1e24e4763f26f336",
    "input_cost_per_token": 1e-05,
    "output_cost_per_token": 1e-05,
    "total_input_tokens": 30916,
    "total_output_tokens": 2368,
    "total_tokens": 33284,
    "total_cost": 0.3802,
    "start_epoch": 1712382989.407908,
    "end_epoch": 1712383132.035623,
    "elapsed_seconds": 142.627715
}