{
    "model": "gpt-4-0125-preview",
    "commit": "a5f016d6f469626c8a40bfee1e24e4763f26f336",
    "input_cost_per_token": 1e-05,
    "output_cost_per_token": 1e-05,
    "total_input_tokens": 7681,
    "total_output_tokens": 1233,
    "total_tokens": 8914,
    "total_cost": 0.11380000000000001,
    "start_epoch": 1712382174.340396,
    "end_epoch": 1712382270.162928,
    "elapsed_seconds": 95.822532
}