{
    "model": "gpt-4-0125-preview",
    "commit": "9ac9e2bf1e3093c236f5126e10324caf7f81e0d1",
    "input_cost_per_token": 1e-05,
    "output_cost_per_token": 1e-05,
    "total_input_tokens": 9682,
    "total_output_tokens": 1493,
    "total_tokens": 11175,
    "total_cost": 0.14161,
    "start_epoch": 1712236744.332746,
    "end_epoch": 1712236938.551263,
    "elapsed_seconds": 194.218517
}