{
    "model": "gpt-4-0125-preview",
    "commit": "178da19b921052c6258e48ce9d225f34bde45d2b",
    "input_cost_per_token": 1e-05,
    "output_cost_per_token": 1e-05,
    "total_input_tokens": 79100,
    "total_output_tokens": 7433,
    "total_tokens": 86533,
    "total_cost": 1.01399,
    "start_epoch": 1712211432.429675,
    "end_epoch": 1712211744.948169,
    "elapsed_seconds": 312.518494
}