{
    "model": "gpt-4-0125-preview",
    "commit": "9ac9e2bf1e3093c236f5126e10324caf7f81e0d1",
    "input_cost_per_token": 1e-05,
    "output_cost_per_token": 1e-05,
    "total_input_tokens": 102089,
    "total_output_tokens": 7983,
    "total_tokens": 110072,
    "total_cost": 1.26038,
    "start_epoch": 1712226917.132369,
    "end_epoch": 1712227327.75958,
    "elapsed_seconds": 410.627211
}