{
    "model": "gpt-4-0125-preview",
    "commit": "a5f016d6f469626c8a40bfee1e24e4763f26f336",
    "input_cost_per_token": 1e-05,
    "output_cost_per_token": 1e-05,
    "total_input_tokens": 17743,
    "total_output_tokens": 2972,
    "total_tokens": 20715,
    "total_cost": 0.26659,
    "start_epoch": 1712251109.2066,
    "end_epoch": 1712251313.49077,
    "elapsed_seconds": 204.28417
}