{
    "model": "gpt-4-0125-preview",
    "commit": "9ac9e2bf1e3093c236f5126e10324caf7f81e0d1",
    "input_cost_per_token": 1e-05,
    "output_cost_per_token": 1e-05,
    "total_input_tokens": 7205,
    "total_output_tokens": 707,
    "total_tokens": 7912,
    "total_cost": 0.09326000000000001,
    "start_epoch": 1712225194.869551,
    "end_epoch": 1712225242.332138,
    "elapsed_seconds": 47.462587
}