{
    "model": "gpt-4-0125-preview",
    "commit": "a5f016d6f469626c8a40bfee1e24e4763f26f336",
    "input_cost_per_token": 1e-05,
    "output_cost_per_token": 1e-05,
    "total_input_tokens": 19311,
    "total_output_tokens": 2042,
    "total_tokens": 21353,
    "total_cost": 0.25437000000000004,
    "start_epoch": 1712381048.13014,
    "end_epoch": 1712381204.725259,
    "elapsed_seconds": 156.595119
}