{
    "model": "gpt-4-0125-preview",
    "commit": "178da19b921052c6258e48ce9d225f34bde45d2b",
    "input_cost_per_token": 1e-05,
    "output_cost_per_token": 1e-05,
    "total_input_tokens": 62914,
    "total_output_tokens": 6127,
    "total_tokens": 69041,
    "total_cost": 0.8129500000000001,
    "start_epoch": 1712210842.7039,
    "end_epoch": 1712211127.17981,
    "elapsed_seconds": 284.47591
}