{
    "model": "gpt-4-0125-preview",
    "commit": "a5f016d6f469626c8a40bfee1e24e4763f26f336",
    "input_cost_per_token": 1e-05,
    "output_cost_per_token": 1e-05,
    "total_input_tokens": 109237,
    "total_output_tokens": 8425,
    "total_tokens": 117662,
    "total_cost": 1.34512,
    "start_epoch": 1712382673.329586,
    "end_epoch": 1712383094.971243,
    "elapsed_seconds": 421.641657
}