{
    "model": "gpt-4-0125-preview",
    "commit": "a5f016d6f469626c8a40bfee1e24e4763f26f336",
    "input_cost_per_token": 1e-05,
    "output_cost_per_token": 1e-05,
    "total_input_tokens": 27217,
    "total_output_tokens": 2541,
    "total_tokens": 29758,
    "total_cost": 0.34840000000000004,
    "start_epoch": 1712381106.188523,
    "end_epoch": 1712381282.435881,
    "elapsed_seconds": 176.247358
}