{
    "model": "gpt-4-0125-preview",
    "commit": "a5f016d6f469626c8a40bfee1e24e4763f26f336",
    "input_cost_per_token": 1e-05,
    "output_cost_per_token": 1e-05,
    "total_input_tokens": 9738,
    "total_output_tokens": 1303,
    "total_tokens": 11041,
    "total_cost": 0.13647000000000004,
    "start_epoch": 1712381335.503197,
    "end_epoch": 1712381474.817557,
    "elapsed_seconds": 139.31436
}