{
    "model": "gpt-4-0125-preview",
    "commit": "a5f016d6f469626c8a40bfee1e24e4763f26f336",
    "input_cost_per_token": 1e-05,
    "output_cost_per_token": 1e-05,
    "total_input_tokens": 6016,
    "total_output_tokens": 915,
    "total_tokens": 6931,
    "total_cost": 0.08761000000000001,
    "start_epoch": 1712382110.207058,
    "end_epoch": 1712382226.524911,
    "elapsed_seconds": 116.317853
}