{
    "model": "gpt-4-0125-preview",
    "commit": "a5f016d6f469626c8a40bfee1e24e4763f26f336",
    "input_cost_per_token": 1e-05,
    "output_cost_per_token": 1e-05,
    "total_input_tokens": 19889,
    "total_output_tokens": 1984,
    "total_tokens": 21873,
    "total_cost": 0.25841000000000003,
    "start_epoch": 1712253036.901903,
    "end_epoch": 1712253173.6084,
    "elapsed_seconds": 136.706497
}