{
    "model": "gpt-4-0125-preview",
    "commit": "a5f016d6f469626c8a40bfee1e24e4763f26f336",
    "input_cost_per_token": 1e-05,
    "output_cost_per_token": 1e-05,
    "total_input_tokens": 12718,
    "total_output_tokens": 1987,
    "total_tokens": 14705,
    "total_cost": 0.18679,
    "start_epoch": 1712381203.72144,
    "end_epoch": 1712381362.715781,
    "elapsed_seconds": 158.994341
}