{
    "model": "gpt-4-0125-preview",
    "commit": "a5f016d6f469626c8a40bfee1e24e4763f26f336",
    "input_cost_per_token": 1e-05,
    "output_cost_per_token": 1e-05,
    "total_input_tokens": 115520,
    "total_output_tokens": 8099,
    "total_tokens": 123619,
    "total_cost": 1.39817,
    "start_epoch": 1712255526.26261,
    "end_epoch": 1712255955.988533,
    "elapsed_seconds": 429.725923
}