{
    "model": "gpt-4-0125-preview",
    "commit": "9ac9e2bf1e3093c236f5126e10324caf7f81e0d1",
    "input_cost_per_token": 1e-05,
    "output_cost_per_token": 1e-05,
    "total_input_tokens": 33708,
    "total_output_tokens": 3390,
    "total_tokens": 37098,
    "total_cost": 0.43878,
    "start_epoch": 1712224618.443534,
    "end_epoch": 1712224804.015659,
    "elapsed_seconds": 185.572125
}