{
    "model": "gpt-4-0125-preview",
    "commit": "a5f016d6f469626c8a40bfee1e24e4763f26f336",
    "input_cost_per_token": 1e-05,
    "output_cost_per_token": 1e-05,
    "total_input_tokens": 7142,
    "total_output_tokens": 1268,
    "total_tokens": 8410,
    "total_cost": 0.10946,
    "start_epoch": 1712377911.383777,
    "end_epoch": 1712378024.427333,
    "elapsed_seconds": 113.043556
}