{
    "model": "gpt-4-0125-preview",
    "commit": "a5f016d6f469626c8a40bfee1e24e4763f26f336",
    "input_cost_per_token": 1e-05,
    "output_cost_per_token": 1e-05,
    "total_input_tokens": 40706,
    "total_output_tokens": 2957,
    "total_tokens": 43663,
    "total_cost": 0.49577000000000004,
    "start_epoch": 1712382844.454687,
    "end_epoch": 1712383028.790211,
    "elapsed_seconds": 184.335524
}