{
    "model": "gpt-4-0125-preview",
    "commit": "9ac9e2bf1e3093c236f5126e10324caf7f81e0d1",
    "input_cost_per_token": 1e-05,
    "output_cost_per_token": 1e-05,
    "total_input_tokens": 12230,
    "total_output_tokens": 1474,
    "total_tokens": 13704,
    "total_cost": 0.16652000000000003,
    "start_epoch": 1712228706.009868,
    "end_epoch": 1712228788.343631,
    "elapsed_seconds": 82.333763
}