{
    "model": "gpt-4-0125-preview",
    "commit": "178da19b921052c6258e48ce9d225f34bde45d2b",
    "input_cost_per_token": 1e-05,
    "output_cost_per_token": 1e-05,
    "total_input_tokens": 45015,
    "total_output_tokens": 2568,
    "total_tokens": 47583,
    "total_cost": 0.52719,
    "start_epoch": 1712208376.200496,
    "end_epoch": 1712208506.334058,
    "elapsed_seconds": 130.133562
}