{
    "model": "gpt-4-0125-preview",
    "commit": "178da19b921052c6258e48ce9d225f34bde45d2b",
    "input_cost_per_token": 1e-05,
    "output_cost_per_token": 1e-05,
    "total_input_tokens": 87737,
    "total_output_tokens": 6802,
    "total_tokens": 94539,
    "total_cost": 1.08143,
    "start_epoch": 1712211150.242754,
    "end_epoch": 1712211549.986956,
    "elapsed_seconds": 399.744202
}