{
    "model": "gpt-4-0125-preview",
    "commit": "a5f016d6f469626c8a40bfee1e24e4763f26f336",
    "input_cost_per_token": 1e-05,
    "output_cost_per_token": 1e-05,
    "total_input_tokens": 19487,
    "total_output_tokens": 2867,
    "total_tokens": 22354,
    "total_cost": 0.28088,
    "start_epoch": 1712262123.777065,
    "end_epoch": 1712262313.82749,
    "elapsed_seconds": 190.050425
}