{
    "model": "gpt-4-0125-preview",
    "commit": "a5f016d6f469626c8a40bfee1e24e4763f26f336",
    "input_cost_per_token": 1e-05,
    "output_cost_per_token": 1e-05,
    "total_input_tokens": 33285,
    "total_output_tokens": 3035,
    "total_tokens": 36320,
    "total_cost": 0.42390000000000005,
    "start_epoch": 1712259568.110973,
    "end_epoch": 1712259854.937788,
    "elapsed_seconds": 286.826815
}