{
    "model": "gpt-4-0125-preview",
    "commit": "a5f016d6f469626c8a40bfee1e24e4763f26f336",
    "input_cost_per_token": 1e-05,
    "output_cost_per_token": 1e-05,
    "total_input_tokens": 27402,
    "total_output_tokens": 4366,
    "total_tokens": 31768,
    "total_cost": 0.405,
    "start_epoch": 1712267463.055232,
    "end_epoch": 1712267655.724016,
    "elapsed_seconds": 192.668784
}