{
    "model": "gpt-4-0125-preview",
    "commit": "9ac9e2bf1e3093c236f5126e10324caf7f81e0d1",
    "input_cost_per_token": 1e-05,
    "output_cost_per_token": 1e-05,
    "total_input_tokens": 15409,
    "total_output_tokens": 1501,
    "total_tokens": 16910,
    "total_cost": 0.19912,
    "start_epoch": 1712225598.542734,
    "end_epoch": 1712225687.114337,
    "elapsed_seconds": 88.571603
}