{
    "model": "gpt-4-0125-preview",
    "commit": "a5f016d6f469626c8a40bfee1e24e4763f26f336",
    "input_cost_per_token": 1e-05,
    "output_cost_per_token": 1e-05,
    "total_input_tokens": 82564,
    "total_output_tokens": 6127,
    "total_tokens": 88691,
    "total_cost": 1.0094500000000002,
    "start_epoch": 1712382396.609474,
    "end_epoch": 1712382624.664215,
    "elapsed_seconds": 228.054741
}