{
    "model": "gpt-4-0125-preview",
    "commit": "9ac9e2bf1e3093c236f5126e10324caf7f81e0d1",
    "input_cost_per_token": 1e-05,
    "output_cost_per_token": 1e-05,
    "total_input_tokens": 5473,
    "total_output_tokens": 900,
    "total_tokens": 6373,
    "total_cost": 0.08173,
    "start_epoch": 1712226914.158778,
    "end_epoch": 1712227072.674641,
    "elapsed_seconds": 158.515863
}