{
    "model": "gpt-4-0125-preview",
    "commit": "a5f016d6f469626c8a40bfee1e24e4763f26f336",
    "input_cost_per_token": 1e-05,
    "output_cost_per_token": 1e-05,
    "total_input_tokens": 103684,
    "total_output_tokens": 10650,
    "total_tokens": 114334,
    "total_cost": 1.3563399999999999,
    "start_epoch": 1712381451.257595,
    "end_epoch": 1712381874.773683,
    "elapsed_seconds": 423.516088
}