{
    "model": "gpt-4-0125-preview",
    "commit": "a5f016d6f469626c8a40bfee1e24e4763f26f336",
    "input_cost_per_token": 1e-05,
    "output_cost_per_token": 1e-05,
    "total_input_tokens": 29386,
    "total_output_tokens": 3504,
    "total_tokens": 32890,
    "total_cost": 0.39898000000000006,
    "start_epoch": 1712255389.259624,
    "end_epoch": 1712255605.901285,
    "elapsed_seconds": 216.641661
}