{
    "model": "gpt-4-0125-preview",
    "commit": "a5f016d6f469626c8a40bfee1e24e4763f26f336",
    "input_cost_per_token": 1e-05,
    "output_cost_per_token": 1e-05,
    "total_input_tokens": 48163,
    "total_output_tokens": 3883,
    "total_tokens": 52046,
    "total_cost": 0.5981200000000001,
    "start_epoch": 1712382703.674182,
    "end_epoch": 1712382824.496383,
    "elapsed_seconds": 120.822201
}