{
    "model": "gpt-4-0125-preview",
    "commit": "a5f016d6f469626c8a40bfee1e24e4763f26f336",
    "input_cost_per_token": 1e-05,
    "output_cost_per_token": 1e-05,
    "total_input_tokens": 45467,
    "total_output_tokens": 2874,
    "total_tokens": 48341,
    "total_cost": 0.54089,
    "start_epoch": 1712253988.580199,
    "end_epoch": 1712254198.459784,
    "elapsed_seconds": 209.879585
}