{
    "model": "gpt-4-0125-preview",
    "commit": "9ac9e2bf1e3093c236f5126e10324caf7f81e0d1",
    "input_cost_per_token": 1e-05,
    "output_cost_per_token": 1e-05,
    "total_input_tokens": 135204,
    "total_output_tokens": 6080,
    "total_tokens": 141284,
    "total_cost": 1.53444,
    "start_epoch": 1712231803.481704,
    "end_epoch": 1712232189.173775,
    "elapsed_seconds": 385.692071
}