{
    "model": "gpt-4-0125-preview",
    "commit": "a5f016d6f469626c8a40bfee1e24e4763f26f336",
    "input_cost_per_token": 1e-05,
    "output_cost_per_token": 1e-05,
    "total_input_tokens": 197191,
    "total_output_tokens": 8206,
    "total_tokens": 205397,
    "total_cost": 2.21809,
    "start_epoch": 1712253123.67354,
    "end_epoch": 1712253673.704404,
    "elapsed_seconds": 550.030864
}