{
    "model": "gpt-4-0125-preview",
    "commit": "a5f016d6f469626c8a40bfee1e24e4763f26f336",
    "input_cost_per_token": 1e-05,
    "output_cost_per_token": 1e-05,
    "total_input_tokens": 39566,
    "total_output_tokens": 3070,
    "total_tokens": 42636,
    "total_cost": 0.48776,
    "start_epoch": 1712259714.404346,
    "end_epoch": 1712259914.572577,
    "elapsed_seconds": 200.168231
}