{
    "model": "gpt-4-0125-preview",
    "commit": "a5f016d6f469626c8a40bfee1e24e4763f26f336",
    "input_cost_per_token": 1e-05,
    "output_cost_per_token": 1e-05,
    "total_input_tokens": 13456,
    "total_output_tokens": 2287,
    "total_tokens": 15743,
    "total_cost": 0.20317000000000002,
    "start_epoch": 1712385302.80501,
    "end_epoch": 1712385479.945144,
    "elapsed_seconds": 177.140134
}