{
    "model": "gpt-4-0125-preview",
    "commit": "178da19b921052c6258e48ce9d225f34bde45d2b",
    "input_cost_per_token": 1e-05,
    "output_cost_per_token": 1e-05,
    "total_input_tokens": 28092,
    "total_output_tokens": 1775,
    "total_tokens": 29867,
    "total_cost": 0.3341700000000001,
    "start_epoch": 1712208573.861322,
    "end_epoch": 1712208704.315548,
    "elapsed_seconds": 130.454226
}