{
    "model": "gpt-4-0125-preview",
    "commit": "a5f016d6f469626c8a40bfee1e24e4763f26f336",
    "input_cost_per_token": 1e-05,
    "output_cost_per_token": 1e-05,
    "total_input_tokens": 5986,
    "total_output_tokens": 568,
    "total_tokens": 6554,
    "total_cost": 0.0769,
    "start_epoch": 1712254600.961022,
    "end_epoch": 1712254763.507082,
    "elapsed_seconds": 162.54606
}