{
    "model": "gpt-4-0125-preview",
    "commit": "a5f016d6f469626c8a40bfee1e24e4763f26f336",
    "input_cost_per_token": 1e-05,
    "output_cost_per_token": 1e-05,
    "total_input_tokens": 24029,
    "total_output_tokens": 3187,
    "total_tokens": 27216,
    "total_cost": 0.3359,
    "start_epoch": 1712260887.476053,
    "end_epoch": 1712261162.002991,
    "elapsed_seconds": 274.526938
}