{
    "model": "gpt-4-0125-preview",
    "commit": "a5f016d6f469626c8a40bfee1e24e4763f26f336",
    "input_cost_per_token": 1e-05,
    "output_cost_per_token": 1e-05,
    "total_input_tokens": 12954,
    "total_output_tokens": 1650,
    "total_tokens": 14604,
    "total_cost": 0.17904000000000003,
    "start_epoch": 1712262001.866535,
    "end_epoch": 1712262189.077103,
    "elapsed_seconds": 187.210568
}