{
    "model": "gpt-4-0125-preview",
    "commit": "9ac9e2bf1e3093c236f5126e10324caf7f81e0d1",
    "input_cost_per_token": 1e-05,
    "output_cost_per_token": 1e-05,
    "total_input_tokens": 16922,
    "total_output_tokens": 2597,
    "total_tokens": 19519,
    "total_cost": 0.24713000000000004,
    "start_epoch": 1712232787.628083,
    "end_epoch": 1712233014.307066,
    "elapsed_seconds": 226.678983
}