{
    "model": "gpt-4-0125-preview",
    "commit": "9ac9e2bf1e3093c236f5126e10324caf7f81e0d1",
    "input_cost_per_token": 1e-05,
    "output_cost_per_token": 1e-05,
    "total_input_tokens": 21413,
    "total_output_tokens": 1933,
    "total_tokens": 23346,
    "total_cost": 0.27212000000000003,
    "start_epoch": 1712224779.536575,
    "end_epoch": 1712224888.417825,
    "elapsed_seconds": 108.88125
}