{
    "model": "gpt-4-0125-preview",
    "commit": "a5f016d6f469626c8a40bfee1e24e4763f26f336",
    "input_cost_per_token": 1e-05,
    "output_cost_per_token": 1e-05,
    "total_input_tokens": 128628,
    "total_output_tokens": 9129,
    "total_tokens": 137757,
    "total_cost": 1.5601500000000001,
    "start_epoch": 1712256200.987893,
    "end_epoch": 1712256703.953305,
    "elapsed_seconds": 502.965412
}