{
    "model": "gpt-4-0125-preview",
    "commit": "a5f016d6f469626c8a40bfee1e24e4763f26f336",
    "input_cost_per_token": 1e-05,
    "output_cost_per_token": 1e-05,
    "total_input_tokens": 11637,
    "total_output_tokens": 1919,
    "total_tokens": 13556,
    "total_cost": 0.17394,
    "start_epoch": 1712263904.365522,
    "end_epoch": 1712264042.2118,
    "elapsed_seconds": 137.846278
}