{
    "model": "gpt-4-0125-preview",
    "commit": "a5f016d6f469626c8a40bfee1e24e4763f26f336",
    "input_cost_per_token": 1e-05,
    "output_cost_per_token": 1e-05,
    "total_input_tokens": 16548,
    "total_output_tokens": 2956,
    "total_tokens": 19504,
    "total_cost": 0.25416000000000005,
    "start_epoch": 1712267609.226927,
    "end_epoch": 1712267737.033074,
    "elapsed_seconds": 127.806147
}