{
    "model": "gpt-4-0125-preview",
    "commit": "178da19b921052c6258e48ce9d225f34bde45d2b",
    "input_cost_per_token": 1e-05,
    "output_cost_per_token": 1e-05,
    "total_input_tokens": 19414,
    "total_output_tokens": 2539,
    "total_tokens": 21953,
    "total_cost": 0.27031000000000005,
    "start_epoch": 1712212081.407785,
    "end_epoch": 1712212273.807557,
    "elapsed_seconds": 192.399772
}