{
    "model": "gpt-4-0125-preview",
    "commit": "a5f016d6f469626c8a40bfee1e24e4763f26f336",
    "input_cost_per_token": 1e-05,
    "output_cost_per_token": 1e-05,
    "total_input_tokens": 53087,
    "total_output_tokens": 3678,
    "total_tokens": 56765,
    "total_cost": 0.6412100000000001,
    "start_epoch": 1712252988.702019,
    "end_epoch": 1712253234.913736,
    "elapsed_seconds": 246.211717
}