{
    "model": "gpt-4-0125-preview",
    "commit": "a5f016d6f469626c8a40bfee1e24e4763f26f336",
    "input_cost_per_token": 1e-05,
    "output_cost_per_token": 1e-05,
    "total_input_tokens": 121808,
    "total_output_tokens": 8627,
    "total_tokens": 130435,
    "total_cost": 1.47689,
    "start_epoch": 1712380292.849372,
    "end_epoch": 1712380681.313351,
    "elapsed_seconds": 388.463979
}