{
    "model": "gpt-4-0125-preview",
    "commit": "178da19b921052c6258e48ce9d225f34bde45d2b",
    "input_cost_per_token": 1e-05,
    "output_cost_per_token": 1e-05,
    "total_input_tokens": 14919,
    "total_output_tokens": 2073,
    "total_tokens": 16992,
    "total_cost": 0.21138,
    "start_epoch": 1712212832.972223,
    "end_epoch": 1712212955.918818,
    "elapsed_seconds": 122.946595
}