{
    "model": "gpt-4-0125-preview",
    "commit": "a5f016d6f469626c8a40bfee1e24e4763f26f336",
    "input_cost_per_token": 1e-05,
    "output_cost_per_token": 1e-05,
    "total_input_tokens": 22381,
    "total_output_tokens": 2535,
    "total_tokens": 24916,
    "total_cost": 0.29986,
    "start_epoch": 1712264128.453973,
    "end_epoch": 1712264291.140147,
    "elapsed_seconds": 162.686174
}