{
    "model": "gpt-4-0125-preview",
    "commit": "a5f016d6f469626c8a40bfee1e24e4763f26f336",
    "input_cost_per_token": 1e-05,
    "output_cost_per_token": 1e-05,
    "total_input_tokens": 26492,
    "total_output_tokens": 3459,
    "total_tokens": 29951,
    "total_cost": 0.3686900000000001,
    "start_epoch": 1712254198.596322,
    "end_epoch": 1712254437.670065,
    "elapsed_seconds": 239.073743
}