{
    "model": "gpt-4-0125-preview",
    "commit": "a5f016d6f469626c8a40bfee1e24e4763f26f336",
    "input_cost_per_token": 1e-05,
    "output_cost_per_token": 1e-05,
    "total_input_tokens": 53159,
    "total_output_tokens": 3993,
    "total_tokens": 57152,
    "total_cost": 0.6513800000000001,
    "start_epoch": 1712265799.12207,
    "end_epoch": 1712266079.466219,
    "elapsed_seconds": 280.344149
}