{
    "model": "gpt-4-0125-preview",
    "commit": "a5f016d6f469626c8a40bfee1e24e4763f26f336",
    "input_cost_per_token": 1e-05,
    "output_cost_per_token": 1e-05,
    "total_input_tokens": 33799,
    "total_output_tokens": 3582,
    "total_tokens": 37381,
    "total_cost": 0.44545,
    "start_epoch": 1712382828.986809,
    "end_epoch": 1712382989.268047,
    "elapsed_seconds": 160.281238
}