{
    "model": "gpt-4-0125-preview",
    "commit": "a5f016d6f469626c8a40bfee1e24e4763f26f336",
    "input_cost_per_token": 1e-05,
    "output_cost_per_token": 1e-05,
    "total_input_tokens": 9396,
    "total_output_tokens": 1260,
    "total_tokens": 10656,
    "total_cost": 0.13176,
    "start_epoch": 1712381362.873869,
    "end_epoch": 1712381504.639729,
    "elapsed_seconds": 141.76586
}