{
    "model": "gpt-4-0125-preview",
    "commit": "a5f016d6f469626c8a40bfee1e24e4763f26f336",
    "input_cost_per_token": 1e-05,
    "output_cost_per_token": 1e-05,
    "total_input_tokens": 7762,
    "total_output_tokens": 1568,
    "total_tokens": 9330,
    "total_cost": 0.12466,
    "start_epoch": 1712381589.213662,
    "end_epoch": 1712381643.239641,
    "elapsed_seconds": 54.025979
}