{
    "model": "gpt-4-0125-preview",
    "commit": "a5f016d6f469626c8a40bfee1e24e4763f26f336",
    "input_cost_per_token": 1e-05,
    "output_cost_per_token": 1e-05,
    "total_input_tokens": 21628,
    "total_output_tokens": 1778,
    "total_tokens": 23406,
    "total_cost": 0.26961999999999997,
    "start_epoch": 1712379722.064243,
    "end_epoch": 1712379865.777918,
    "elapsed_seconds": 143.713675
}