{
    "model": "gpt-4-0125-preview",
    "commit": "178da19b921052c6258e48ce9d225f34bde45d2b",
    "input_cost_per_token": 1e-05,
    "output_cost_per_token": 1e-05,
    "total_input_tokens": 8685,
    "total_output_tokens": 1562,
    "total_tokens": 10247,
    "total_cost": 0.13371,
    "start_epoch": 1712214904.136897,
    "end_epoch": 1712215017.523042,
    "elapsed_seconds": 113.386145
}