{
    "model": "gpt-4-0125-preview",
    "commit": "a5f016d6f469626c8a40bfee1e24e4763f26f336",
    "input_cost_per_token": 1e-05,
    "output_cost_per_token": 1e-05,
    "total_input_tokens": 98688,
    "total_output_tokens": 7525,
    "total_tokens": 106213,
    "total_cost": 1.21263,
    "start_epoch": 1712269109.972162,
    "end_epoch": 1712269473.464306,
    "elapsed_seconds": 363.492144
}