{
    "model": "gpt-4-0125-preview",
    "commit": "178da19b921052c6258e48ce9d225f34bde45d2b",
    "input_cost_per_token": 1e-05,
    "output_cost_per_token": 1e-05,
    "total_input_tokens": 17551,
    "total_output_tokens": 1831,
    "total_tokens": 19382,
    "total_cost": 0.23044,
    "start_epoch": 1712210524.327752,
    "end_epoch": 1712210638.420477,
    "elapsed_seconds": 114.092725
}