{
    "model": "gpt-4-0125-preview",
    "commit": "178da19b921052c6258e48ce9d225f34bde45d2b",
    "input_cost_per_token": 1e-05,
    "output_cost_per_token": 1e-05,
    "total_input_tokens": 22473,
    "total_output_tokens": 2576,
    "total_tokens": 25049,
    "total_cost": 0.30201000000000006,
    "start_epoch": 1712211950.370917,
    "end_epoch": 1712212058.448412,
    "elapsed_seconds": 108.077495
}