{
    "model": "gpt-4-0125-preview",
    "commit": "178da19b921052c6258e48ce9d225f34bde45d2b",
    "input_cost_per_token": 1e-05,
    "output_cost_per_token": 1e-05,
    "total_input_tokens": 10543,
    "total_output_tokens": 1691,
    "total_tokens": 12234,
    "total_cost": 0.15616,
    "start_epoch": 1712209407.397552,
    "end_epoch": 1712209473.8158,
    "elapsed_seconds": 66.418248
}