{
    "model": "gpt-4-0125-preview",
    "commit": "9ac9e2bf1e3093c236f5126e10324caf7f81e0d1",
    "input_cost_per_token": 1e-05,
    "output_cost_per_token": 1e-05,
    "total_input_tokens": 128337,
    "total_output_tokens": 5820,
    "total_tokens": 134157,
    "total_cost": 1.45797,
    "start_epoch": 1712224760.79153,
    "end_epoch": 1712225170.980902,
    "elapsed_seconds": 410.189372
}