{
    "model": "gpt-4-0125-preview",
    "commit": "a5f016d6f469626c8a40bfee1e24e4763f26f336",
    "input_cost_per_token": 1e-05,
    "output_cost_per_token": 1e-05,
    "total_input_tokens": 14796,
    "total_output_tokens": 2714,
    "total_tokens": 17510,
    "total_cost": 0.22938000000000003,
    "start_epoch": 1712257546.599692,
    "end_epoch": 1712257732.505463,
    "elapsed_seconds": 185.905771
}