{
    "model": "gpt-4-0125-preview",
    "commit": "9ac9e2bf1e3093c236f5126e10324caf7f81e0d1",
    "input_cost_per_token": 1e-05,
    "output_cost_per_token": 1e-05,
    "total_input_tokens": 25226,
    "total_output_tokens": 2598,
    "total_tokens": 27824,
    "total_cost": 0.33020000000000005,
    "start_epoch": 1712226800.973522,
    "end_epoch": 1712226941.405304,
    "elapsed_seconds": 140.431782
}