{
    "model": "gpt-4-0125-preview",
    "commit": "9ac9e2bf1e3093c236f5126e10324caf7f81e0d1",
    "input_cost_per_token": 1e-05,
    "output_cost_per_token": 1e-05,
    "total_input_tokens": 27516,
    "total_output_tokens": 3239,
    "total_tokens": 30755,
    "total_cost": 0.37233000000000005,
    "start_epoch": 1712237739.425666,
    "end_epoch": 1712238015.517516,
    "elapsed_seconds": 276.09185
}