{
    "model": "gpt-4-0125-preview",
    "commit": "178da19b921052c6258e48ce9d225f34bde45d2b",
    "input_cost_per_token": 1e-05,
    "output_cost_per_token": 1e-05,
    "total_input_tokens": 14464,
    "total_output_tokens": 1412,
    "total_tokens": 15876,
    "total_cost": 0.187,
    "start_epoch": 1712211792.162785,
    "end_epoch": 1712211911.062327,
    "elapsed_seconds": 118.899542
}