{
    "model": "gpt-4-0125-preview",
    "commit": "178da19b921052c6258e48ce9d225f34bde45d2b",
    "input_cost_per_token": 1e-05,
    "output_cost_per_token": 1e-05,
    "total_input_tokens": 12953,
    "total_output_tokens": 1244,
    "total_tokens": 14197,
    "total_cost": 0.16685,
    "start_epoch": 1712219730.746521,
    "end_epoch": 1712219849.767957,
    "elapsed_seconds": 119.021436
}