{
    "model": "gpt-4-0125-preview",
    "commit": "a5f016d6f469626c8a40bfee1e24e4763f26f336",
    "input_cost_per_token": 1e-05,
    "output_cost_per_token": 1e-05,
    "total_input_tokens": 36712,
    "total_output_tokens": 2404,
    "total_tokens": 39116,
    "total_cost": 0.4392400000000001,
    "start_epoch": 1712252566.628586,
    "end_epoch": 1712252731.241504,
    "elapsed_seconds": 164.612918
}