{
    "model": "gpt-4-0125-preview",
    "commit": "a5f016d6f469626c8a40bfee1e24e4763f26f336",
    "input_cost_per_token": 1e-05,
    "output_cost_per_token": 1e-05,
    "total_input_tokens": 47368,
    "total_output_tokens": 3017,
    "total_tokens": 50385,
    "total_cost": 0.5641900000000001,
    "start_epoch": 1712268499.128735,
    "end_epoch": 1712268663.940178,
    "elapsed_seconds": 164.811443
}