{
    "model": "gpt-4-0125-preview",
    "commit": "9ac9e2bf1e3093c236f5126e10324caf7f81e0d1",
    "input_cost_per_token": 1e-05,
    "output_cost_per_token": 1e-05,
    "total_input_tokens": 8210,
    "total_output_tokens": 1952,
    "total_tokens": 10162,
    "total_cost": 0.14065999999999998,
    "start_epoch": 1712230249.147524,
    "end_epoch": 1712230431.293954,
    "elapsed_seconds": 182.14643
}