{
    "model": "gpt-4-0125-preview",
    "commit": "178da19b921052c6258e48ce9d225f34bde45d2b",
    "input_cost_per_token": 1e-05,
    "output_cost_per_token": 1e-05,
    "total_input_tokens": 33777,
    "total_output_tokens": 3581,
    "total_tokens": 37358,
    "total_cost": 0.44520000000000004,
    "start_epoch": 1712209411.304395,
    "end_epoch": 1712209546.478408,
    "elapsed_seconds": 135.174013
}