{
    "model": "gpt-4-0125-preview",
    "commit": "9ac9e2bf1e3093c236f5126e10324caf7f81e0d1",
    "input_cost_per_token": 1e-05,
    "output_cost_per_token": 1e-05,
    "total_input_tokens": 23792,
    "total_output_tokens": 1150,
    "total_tokens": 24942,
    "total_cost": 0.27242,
    "start_epoch": 1712225048.052184,
    "end_epoch": 1712225107.28324,
    "elapsed_seconds": 59.231056
}