{
    "model": "gpt-4-0125-preview",
    "commit": "a5f016d6f469626c8a40bfee1e24e4763f26f336",
    "input_cost_per_token": 1e-05,
    "output_cost_per_token": 1e-05,
    "total_input_tokens": 41106,
    "total_output_tokens": 3324,
    "total_tokens": 44430,
    "total_cost": 0.51078,
    "start_epoch": 1712267898.592424,
    "end_epoch": 1712268097.086375,
    "elapsed_seconds": 198.493951
}