{
    "model": "gpt-4-0125-preview",
    "commit": "9ac9e2bf1e3093c236f5126e10324caf7f81e0d1",
    "input_cost_per_token": 1e-05,
    "output_cost_per_token": 1e-05,
    "total_input_tokens": 40243,
    "total_output_tokens": 2410,
    "total_tokens": 42653,
    "total_cost": 0.47473000000000004,
    "start_epoch": 1712227327.886909,
    "end_epoch": 1712227477.752149,
    "elapsed_seconds": 149.86524
}