{
    "model": "gpt-4-0125-preview",
    "commit": "178da19b921052c6258e48ce9d225f34bde45d2b",
    "input_cost_per_token": 1e-05,
    "output_cost_per_token": 1e-05,
    "total_input_tokens": 7632,
    "total_output_tokens": 1599,
    "total_tokens": 9231,
    "total_cost": 0.12429,
    "start_epoch": 1712209808.447433,
    "end_epoch": 1712209889.811413,
    "elapsed_seconds": 81.36398
}