{
    "model": "gpt-4-0125-preview",
    "commit": "9ac9e2bf1e3093c236f5126e10324caf7f81e0d1",
    "input_cost_per_token": 1e-05,
    "output_cost_per_token": 1e-05,
    "total_input_tokens": 25308,
    "total_output_tokens": 3311,
    "total_tokens": 28619,
    "total_cost": 0.35241000000000006,
    "start_epoch": 1712225954.671297,
    "end_epoch": 1712226133.533733,
    "elapsed_seconds": 178.862436
}