{
    "model": "gpt-4-0125-preview",
    "commit": "a5f016d6f469626c8a40bfee1e24e4763f26f336",
    "input_cost_per_token": 1e-05,
    "output_cost_per_token": 1e-05,
    "total_input_tokens": 76409,
    "total_output_tokens": 5033,
    "total_tokens": 81442,
    "total_cost": 0.9150800000000001,
    "start_epoch": 1712263086.33092,
    "end_epoch": 1712263364.529086,
    "elapsed_seconds": 278.198166
}