{
    "model": "gpt-4-0125-preview",
    "commit": "a5f016d6f469626c8a40bfee1e24e4763f26f336",
    "input_cost_per_token": 1e-05,
    "output_cost_per_token": 1e-05,
    "total_input_tokens": 10084,
    "total_output_tokens": 1346,
    "total_tokens": 11430,
    "total_cost": 0.14122,
    "start_epoch": 1712252400.556715,
    "end_epoch": 1712252566.59681,
    "elapsed_seconds": 166.040095
}