{
    "model": "gpt-4-0125-preview",
    "commit": "9ac9e2bf1e3093c236f5126e10324caf7f81e0d1",
    "input_cost_per_token": 1e-05,
    "output_cost_per_token": 1e-05,
    "total_input_tokens": 15529,
    "total_output_tokens": 2161,
    "total_tokens": 17690,
    "total_cost": 0.22011999999999998,
    "start_epoch": 1712231439.413452,
    "end_epoch": 1712231534.922226,
    "elapsed_seconds": 95.508774
}