{
    "model": "gpt-4-0125-preview",
    "commit": "9ac9e2bf1e3093c236f5126e10324caf7f81e0d1",
    "input_cost_per_token": 1e-05,
    "output_cost_per_token": 1e-05,
    "total_input_tokens": 12430,
    "total_output_tokens": 2380,
    "total_tokens": 14810,
    "total_cost": 0.1957,
    "start_epoch": 1712236127.928119,
    "end_epoch": 1712236361.022451,
    "elapsed_seconds": 233.094332
}