{
    "model": "gpt-4-0125-preview",
    "commit": "a5f016d6f469626c8a40bfee1e24e4763f26f336",
    "input_cost_per_token": 1e-05,
    "output_cost_per_token": 1e-05,
    "total_input_tokens": 4949,
    "total_output_tokens": 573,
    "total_tokens": 5522,
    "total_cost": 0.06668,
    "start_epoch": 1712378425.220906,
    "end_epoch": 1712378527.704674,
    "elapsed_seconds": 102.483768
}