{
    "model": "gpt-4-0125-preview",
    "commit": "178da19b921052c6258e48ce9d225f34bde45d2b",
    "input_cost_per_token": 1e-05,
    "output_cost_per_token": 1e-05,
    "total_input_tokens": 27487,
    "total_output_tokens": 1140,
    "total_tokens": 28627,
    "total_cost": 0.30907,
    "start_epoch": 1712210962.673767,
    "end_epoch": 1712211026.565153,
    "elapsed_seconds": 63.891386
}