{
    "model": "gpt-4-0125-preview",
    "commit": "a5f016d6f469626c8a40bfee1e24e4763f26f336",
    "input_cost_per_token": 1e-05,
    "output_cost_per_token": 1e-05,
    "total_input_tokens": 20545,
    "total_output_tokens": 2597,
    "total_tokens": 23142,
    "total_cost": 0.28336,
    "start_epoch": 1712257794.101235,
    "end_epoch": 1712257998.44446,
    "elapsed_seconds": 204.343225
}