{
    "model": "gpt-4-0125-preview",
    "commit": "178da19b921052c6258e48ce9d225f34bde45d2b",
    "input_cost_per_token": 1e-05,
    "output_cost_per_token": 1e-05,
    "total_input_tokens": 44147,
    "total_output_tokens": 3359,
    "total_tokens": 47506,
    "total_cost": 0.54224,
    "start_epoch": 1712212171.871389,
    "end_epoch": 1712212401.345231,
    "elapsed_seconds": 229.473842
}