{
    "model": "gpt-4-0125-preview",
    "commit": "9ac9e2bf1e3093c236f5126e10324caf7f81e0d1",
    "input_cost_per_token": 1e-05,
    "output_cost_per_token": 1e-05,
    "total_input_tokens": 13293,
    "total_output_tokens": 2227,
    "total_tokens": 15520,
    "total_cost": 0.19974000000000003,
    "start_epoch": 1712230746.89692,
    "end_epoch": 1712230924.662042,
    "elapsed_seconds": 177.765122
}