{
    "model": "gpt-4-0125-preview",
    "commit": "a5f016d6f469626c8a40bfee1e24e4763f26f336",
    "input_cost_per_token": 1e-05,
    "output_cost_per_token": 1e-05,
    "total_input_tokens": 25387,
    "total_output_tokens": 1788,
    "total_tokens": 27175,
    "total_cost": 0.30751000000000006,
    "start_epoch": 1712262566.193755,
    "end_epoch": 1712262661.080824,
    "elapsed_seconds": 94.887069
}