{
    "model": "gpt-4-0125-preview",
    "commit": "178da19b921052c6258e48ce9d225f34bde45d2b",
    "input_cost_per_token": 1e-05,
    "output_cost_per_token": 1e-05,
    "total_input_tokens": 43382,
    "total_output_tokens": 3823,
    "total_tokens": 47205,
    "total_cost": 0.54851,
    "start_epoch": 1712212412.034187,
    "end_epoch": 1712212650.351522,
    "elapsed_seconds": 238.317335
}