{
    "model": "gpt-4-0125-preview",
    "commit": "178da19b921052c6258e48ce9d225f34bde45d2b",
    "input_cost_per_token": 1e-05,
    "output_cost_per_token": 1e-05,
    "total_input_tokens": 22720,
    "total_output_tokens": 1808,
    "total_tokens": 24528,
    "total_cost": 0.28144,
    "start_epoch": 1712214076.620383,
    "end_epoch": 1712214218.554444,
    "elapsed_seconds": 141.934061
}