{
    "model": "gpt-4-0125-preview",
    "commit": "9ac9e2bf1e3093c236f5126e10324caf7f81e0d1",
    "input_cost_per_token": 1e-05,
    "output_cost_per_token": 1e-05,
    "total_input_tokens": 19638,
    "total_output_tokens": 2380,
    "total_tokens": 22018,
    "total_cost": 0.26778,
    "start_epoch": 1712232147.086303,
    "end_epoch": 1712232301.900339,
    "elapsed_seconds": 154.814036
}