{
    "model": "gpt-4-0125-preview",
    "commit": "178da19b921052c6258e48ce9d225f34bde45d2b",
    "input_cost_per_token": 1e-05,
    "output_cost_per_token": 1e-05,
    "total_input_tokens": 10913,
    "total_output_tokens": 2289,
    "total_tokens": 13202,
    "total_cost": 0.1778,
    "start_epoch": 1712210609.607144,
    "end_epoch": 1712210770.79646,
    "elapsed_seconds": 161.189316
}