{
    "model": "gpt-4-0125-preview",
    "commit": "9ac9e2bf1e3093c236f5126e10324caf7f81e0d1",
    "input_cost_per_token": 1e-05,
    "output_cost_per_token": 1e-05,
    "total_input_tokens": 20596,
    "total_output_tokens": 3036,
    "total_tokens": 23632,
    "total_cost": 0.29704,
    "start_epoch": 1712232009.511404,
    "end_epoch": 1712232146.971025,
    "elapsed_seconds": 137.459621
}