{
    "model": "gpt-4-0125-preview",
    "commit": "a5f016d6f469626c8a40bfee1e24e4763f26f336",
    "input_cost_per_token": 1e-05,
    "output_cost_per_token": 1e-05,
    "total_input_tokens": 25014,
    "total_output_tokens": 3200,
    "total_tokens": 28214,
    "total_cost": 0.34614,
    "start_epoch": 1712260866.497554,
    "end_epoch": 1712261154.320769,
    "elapsed_seconds": 287.823215
}