{
    "model": "gpt-4-0125-preview",
    "commit": "a5f016d6f469626c8a40bfee1e24e4763f26f336",
    "input_cost_per_token": 1e-05,
    "output_cost_per_token": 1e-05,
    "total_input_tokens": 87952,
    "total_output_tokens": 8166,
    "total_tokens": 96118,
    "total_cost": 1.1245,
    "start_epoch": 1712260244.327146,
    "end_epoch": 1712260685.374373,
    "elapsed_seconds": 441.047227
}