{
    "model": "gpt-4-0125-preview",
    "commit": "a5f016d6f469626c8a40bfee1e24e4763f26f336",
    "input_cost_per_token": 1e-05,
    "output_cost_per_token": 1e-05,
    "total_input_tokens": 17758,
    "total_output_tokens": 2798,
    "total_tokens": 20556,
    "total_cost": 0.26152000000000003,
    "start_epoch": 1712262313.888885,
    "end_epoch": 1712262526.970917,
    "elapsed_seconds": 213.082032
}