{
    "model": "gpt-4-0125-preview",
    "commit": "a5f016d6f469626c8a40bfee1e24e4763f26f336",
    "input_cost_per_token": 1e-05,
    "output_cost_per_token": 1e-05,
    "total_input_tokens": 14996,
    "total_output_tokens": 1740,
    "total_tokens": 16736,
    "total_cost": 0.20216,
    "start_epoch": 1712378865.054322,
    "end_epoch": 1712378930.596858,
    "elapsed_seconds": 65.542536
}