{
    "model": "gpt-4-0125-preview",
    "commit": "a5f016d6f469626c8a40bfee1e24e4763f26f336",
    "input_cost_per_token": 1e-05,
    "output_cost_per_token": 1e-05,
    "total_input_tokens": 14993,
    "total_output_tokens": 1622,
    "total_tokens": 16615,
    "total_cost": 0.19859000000000004,
    "start_epoch": 1712381791.366208,
    "end_epoch": 1712381846.136508,
    "elapsed_seconds": 54.7703
}