{
    "model": "gpt-4-0125-preview",
    "commit": "a5f016d6f469626c8a40bfee1e24e4763f26f336",
    "input_cost_per_token": 1e-05,
    "output_cost_per_token": 1e-05,
    "total_input_tokens": 32659,
    "total_output_tokens": 2876,
    "total_tokens": 35535,
    "total_cost": 0.41287000000000007,
    "start_epoch": 1712261697.285001,
    "end_epoch": 1712261835.375389,
    "elapsed_seconds": 138.090388
}