{
    "model": "gpt-4-0125-preview",
    "commit": "a5f016d6f469626c8a40bfee1e24e4763f26f336",
    "input_cost_per_token": 1e-05,
    "output_cost_per_token": 1e-05,
    "total_input_tokens": 100628,
    "total_output_tokens": 8052,
    "total_tokens": 108680,
    "total_cost": 1.24784,
    "start_epoch": 1712381058.809762,
    "end_epoch": 1712381352.079451,
    "elapsed_seconds": 293.269689
}