{
    "model": "gpt-4-0125-preview",
    "commit": "178da19b921052c6258e48ce9d225f34bde45d2b",
    "input_cost_per_token": 1e-05,
    "output_cost_per_token": 1e-05,
    "total_input_tokens": 8957,
    "total_output_tokens": 1424,
    "total_tokens": 10381,
    "total_cost": 0.13229000000000002,
    "start_epoch": 1712217858.280568,
    "end_epoch": 1712217992.815568,
    "elapsed_seconds": 134.535
}