{
    "model": "gpt-4-0125-preview",
    "commit": "a5f016d6f469626c8a40bfee1e24e4763f26f336",
    "input_cost_per_token": 1e-05,
    "output_cost_per_token": 1e-05,
    "total_input_tokens": 14140,
    "total_output_tokens": 2013,
    "total_tokens": 16153,
    "total_cost": 0.20179,
    "start_epoch": 1712252276.784564,
    "end_epoch": 1712252400.520213,
    "elapsed_seconds": 123.735649
}