{
    "model": "gpt-4-0125-preview",
    "commit": "178da19b921052c6258e48ce9d225f34bde45d2b",
    "input_cost_per_token": 1e-05,
    "output_cost_per_token": 1e-05,
    "total_input_tokens": 8086,
    "total_output_tokens": 1502,
    "total_tokens": 9588,
    "total_cost": 0.12592,
    "start_epoch": 1712216186.689495,
    "end_epoch": 1712216300.499071,
    "elapsed_seconds": 113.809576
}