{
    "model": "gpt-4-0125-preview",
    "commit": "a5f016d6f469626c8a40bfee1e24e4763f26f336",
    "input_cost_per_token": 1e-05,
    "output_cost_per_token": 1e-05,
    "total_input_tokens": 111877,
    "total_output_tokens": 4748,
    "total_tokens": 116625,
    "total_cost": 1.2612100000000002,
    "start_epoch": 1712259952.970801,
    "end_epoch": 1712260288.344506,
    "elapsed_seconds": 335.373705
}