{
    "model": "gpt-4-0125-preview",
    "commit": "178da19b921052c6258e48ce9d225f34bde45d2b",
    "input_cost_per_token": 1e-05,
    "output_cost_per_token": 1e-05,
    "total_input_tokens": 8629,
    "total_output_tokens": 661,
    "total_tokens": 9290,
    "total_cost": 0.10612,
    "start_epoch": 1712211014.154211,
    "end_epoch": 1712211089.716377,
    "elapsed_seconds": 75.562166
}