{
    "model": "gpt-4-0125-preview",
    "commit": "178da19b921052c6258e48ce9d225f34bde45d2b",
    "input_cost_per_token": 1e-05,
    "output_cost_per_token": 1e-05,
    "total_input_tokens": 126286,
    "total_output_tokens": 13740,
    "total_tokens": 140026,
    "total_cost": 1.6750600000000002,
    "start_epoch": 1712209309.731047,
    "end_epoch": 1712209848.394443,
    "elapsed_seconds": 538.663396
}