{
    "model": "gpt-4-0125-preview",
    "commit": "9ac9e2bf1e3093c236f5126e10324caf7f81e0d1",
    "input_cost_per_token": 1e-05,
    "output_cost_per_token": 1e-05,
    "total_input_tokens": 170474,
    "total_output_tokens": 8767,
    "total_tokens": 179241,
    "total_cost": 1.96775,
    "start_epoch": 1712230404.815296,
    "end_epoch": 1712230862.244016,
    "elapsed_seconds": 457.42872
}