{
    "model": "gpt-4-0125-preview",
    "commit": "178da19b921052c6258e48ce9d225f34bde45d2b",
    "input_cost_per_token": 1e-05,
    "output_cost_per_token": 1e-05,
    "total_input_tokens": 28341,
    "total_output_tokens": 3216,
    "total_tokens": 31557,
    "total_cost": 0.37989000000000006,
    "start_epoch": 1712209784.786446,
    "end_epoch": 1712209951.764555,
    "elapsed_seconds": 166.978109
}