{
    "model": "gpt-4-0125-preview",
    "commit": "9ac9e2bf1e3093c236f5126e10324caf7f81e0d1",
    "input_cost_per_token": 1e-05,
    "output_cost_per_token": 1e-05,
    "total_input_tokens": 16348,
    "total_output_tokens": 2243,
    "total_tokens": 18591,
    "total_cost": 0.23077000000000003,
    "start_epoch": 1712232076.526583,
    "end_epoch": 1712232196.828921,
    "elapsed_seconds": 120.302338
}