{
    "model": "gpt-4-0125-preview",
    "commit": "a5f016d6f469626c8a40bfee1e24e4763f26f336",
    "input_cost_per_token": 1e-05,
    "output_cost_per_token": 1e-05,
    "total_input_tokens": 61479,
    "total_output_tokens": 5228,
    "total_tokens": 66707,
    "total_cost": 0.77163,
    "start_epoch": 1712255372.204631,
    "end_epoch": 1712255669.827371,
    "elapsed_seconds": 297.62274
}