{
    "model": "gpt-4-0125-preview",
    "commit": "a5f016d6f469626c8a40bfee1e24e4763f26f336",
    "input_cost_per_token": 1e-05,
    "output_cost_per_token": 1e-05,
    "total_input_tokens": 7859,
    "total_output_tokens": 1880,
    "total_tokens": 9739,
    "total_cost": 0.13499,
    "start_epoch": 1712263122.509895,
    "end_epoch": 1712263213.373265,
    "elapsed_seconds": 90.86337
}