{
    "model": "gpt-4-0125-preview",
    "commit": "178da19b921052c6258e48ce9d225f34bde45d2b",
    "input_cost_per_token": 1e-05,
    "output_cost_per_token": 1e-05,
    "total_input_tokens": 113005,
    "total_output_tokens": 5790,
    "total_tokens": 118795,
    "total_cost": 1.30375,
    "start_epoch": 1712216300.558565,
    "end_epoch": 1712216647.692702,
    "elapsed_seconds": 347.134137
}