{
    "model": "gpt-4-0125-preview",
    "commit": "a5f016d6f469626c8a40bfee1e24e4763f26f336",
    "input_cost_per_token": 1e-05,
    "output_cost_per_token": 1e-05,
    "total_input_tokens": 7435,
    "total_output_tokens": 1830,
    "total_tokens": 9265,
    "total_cost": 0.12925000000000003,
    "start_epoch": 1712383028.944785,
    "end_epoch": 1712383188.961426,
    "elapsed_seconds": 160.016641
}