{
    "model": "gpt-4-0125-preview",
    "commit": "a5f016d6f469626c8a40bfee1e24e4763f26f336",
    "input_cost_per_token": 1e-05,
    "output_cost_per_token": 1e-05,
    "total_input_tokens": 162562,
    "total_output_tokens": 10739,
    "total_tokens": 173301,
    "total_cost": 1.9477900000000004,
    "start_epoch": 1712379824.555945,
    "end_epoch": 1712380292.696716,
    "elapsed_seconds": 468.140771
}