{
    "model": "gpt-4-0125-preview",
    "commit": "9ac9e2bf1e3093c236f5126e10324caf7f81e0d1",
    "input_cost_per_token": 1e-05,
    "output_cost_per_token": 1e-05,
    "total_input_tokens": 12870,
    "total_output_tokens": 2464,
    "total_tokens": 15334,
    "total_cost": 0.20261999999999997,
    "start_epoch": 1712229786.539877,
    "end_epoch": 1712229910.68513,
    "elapsed_seconds": 124.145253
}