{
    "model": "gpt-4-0125-preview",
    "commit": "178da19b921052c6258e48ce9d225f34bde45d2b",
    "input_cost_per_token": 1e-05,
    "output_cost_per_token": 1e-05,
    "total_input_tokens": 22428,
    "total_output_tokens": 1621,
    "total_tokens": 24049,
    "total_cost": 0.27291,
    "start_epoch": 1712212717.518245,
    "end_epoch": 1712212832.939423,
    "elapsed_seconds": 115.421178
}